campaign_id,variant_id,extra_slippage_bps_per_side,net_simple_return,maximum_drawdown,position_rows,quote_complete_position_rows,missing_position_rows,position_coverage_rate,symbols,active_sessions,green_sessions,red_sessions,positive_months,negative_months,monthly_average,monthly_median,recent12_average_month,top5_symbol_positive_share,leave_best_symbol_out_return,mean_entry_spread_bps,mean_exit_spread_bps,median_entry_delay_ms,median_exit_role_delay_ms,max_role_window_seconds,broker_margin,direct_short,holdout_rows_loaded
CAM-0600,etf__mom252_skip0_hold3_q10__all__regime0,0.0,0.41367639560327873,0.27062102603709115,994,994,0,1.0,9,249,148,101,9,3,0.03447303296693989,0.023771488397838738,0.03447303296693989,0.9865805925258262,0.052079906135498344,9.245654500708527,9.243008963866984,3.2237845000000003,3.2255375,1,False,False,0
CAM-0600,etf__mom252_skip0_hold3_q10__all__regime0,1.0,0.3638763956032787,0.28512854276562366,994,994,0,1.0,9,249,145,104,9,3,0.0303230329669399,0.019671488397838742,0.0303230329669399,0.9933728394422476,0.007724350579942807,9.245654500708527,9.243008963866984,3.2237845000000003,3.2255375,1,False,False,0
CAM-0600,etf__mom252_skip0_hold3_q10__all__regime0,2.0,0.3140763956032786,0.3085425739042833,994,994,0,1.0,9,249,145,104,9,3,0.02617303296693989,0.015571488397838737,0.02617303296693989,0.9976206137610975,-0.0366312049756129,9.245654500708527,9.243008963866984,3.2237845000000003,3.2255375,1,False,False,0
CAM-0600,etf__mom252_skip0_hold3_q10__all__regime0,5.0,0.16467639560327854,0.3850286179981371,994,994,0,1.0,9,249,138,111,7,5,0.01372303296693988,0.0032714883978387285,0.01372303296693988,1.0,-0.1696978716422796,9.245654500708527,9.243008963866984,3.2237845000000003,3.2255375,1,False,False,0
CAM-0601,qqq__sue_sec__hold1__q20__long,0.0,-1.8251094924611457,1.8211366313702646,5000,5000,0,1.0,27,250,61,189,0,12,-0.15209245770509547,-0.1576676685952747,-0.15209245770509547,0.9060409222521881,-1.8821901608079459,82.63587349818108,82.82737591535927,26.680017999999997,26.680017999999997,30,False,False,0
CAM-0601,qqq__sue_sec__hold1__q20__long,1.0,-1.8751094924611458,1.8717551599606794,5000,5000,0,1.0,27,250,58,192,0,12,-0.15625912437176212,-0.16216766859527468,-0.15625912437176212,0.9104459106439462,-1.929690160807946,82.63587349818108,82.82737591535927,26.680017999999997,26.680017999999997,30,False,False,0
CAM-0601,qqq__sue_sec__hold1__q20__long,2.0,-1.9251094924611456,1.9225146956060895,5000,5000,0,1.0,27,250,57,193,0,12,-0.1604257910384288,-0.16666766859527468,-0.1604257910384288,0.9191242453348636,-1.9771901608079459,82.63587349818108,82.82737591535927,26.680017999999997,26.680017999999997,30,False,False,0
CAM-0601,qqq__sue_sec__hold1__q20__long,5.0,-2.075109492461146,2.075645261604823,5000,5000,0,1.0,27,250,54,196,0,12,-0.17292579103842884,-0.1801676685952747,-0.17292579103842884,0.9657968574716991,-2.119690160807946,82.63587349818108,82.82737591535927,26.680017999999997,26.680017999999997,30,False,False,0
CAM-0602,qqq__btp__profitable__hold1__q10,0.0,-2.5883286698234933,2.5890764041515584,2169,2169,0,1.0,16,250,29,221,0,12,-0.21569405581862447,-0.20169519101219838,-0.21569405581862447,1.0,-2.6039662566690063,109.16427469937207,108.90757920096948,25.090839,25.098249,5,False,False,0
CAM-0602,qqq__btp__profitable__hold1__q10,1.0,-2.6383286698234936,2.6394279825066387,2169,2169,0,1.0,16,250,28,222,0,12,-0.2198607224852911,-0.20569519101219838,-0.2198607224852911,1.0,-2.65349959000234,109.16427469937207,108.90757920096948,25.090839,25.098249,5,False,False,0
CAM-0602,qqq__btp__profitable__hold1__q10,2.0,-2.6883286698234934,2.6897997190416962,2169,2169,0,1.0,16,250,28,222,0,12,-0.22402738915195777,-0.20969519101219838,-0.22402738915195777,1.0,-2.703032923335673,109.16427469937207,108.90757920096948,25.090839,25.098249,5,False,False,0
CAM-0602,qqq__btp__profitable__hold1__q10,5.0,-2.8383286698234937,2.8410359988539153,2169,2169,0,1.0,16,250,22,228,0,12,-0.2365273891519578,-0.2216951910121984,-0.2365273891519578,1.0,-2.8516329233356736,109.16427469937207,108.90757920096948,25.090839,25.098249,5,False,False,0
CAM-0603,qqq__lowvol63__hold1__q10,0.0,-2.7171318640359017,2.7356163438307517,2750,2750,0,1.0,31,250,16,234,0,12,-0.22642765533632514,-0.23626447792150418,-0.22642765533632514,1.0,-2.793628575750235,106.3285661675339,106.65922861499602,29.1746505,29.3652485,30,False,False,0
CAM-0603,qqq__lowvol63__hold1__q10,1.0,-2.7671318640359015,2.786515730303098,2750,2750,0,1.0,31,250,15,235,0,12,-0.2305943220029918,-0.24056447792150415,-0.2305943220029918,1.0,-2.8432649393865983,106.3285661675339,106.65922861499602,29.1746505,29.3652485,30,False,False,0
CAM-0603,qqq__lowvol63__hold1__q10,2.0,-2.8171318640359013,2.837435704021063,2750,2750,0,1.0,31,250,14,236,0,12,-0.23476098866965844,-0.24486447792150418,-0.23476098866965844,1.0,-2.892901303022962,106.3285661675339,106.65922861499602,29.1746505,29.3652485,30,False,False,0
CAM-0603,qqq__lowvol63__hold1__q10,5.0,-2.9671318640359017,2.990319273628166,2750,2750,0,1.0,31,250,11,239,0,12,-0.24726098866965848,-0.25776447792150414,-0.24726098866965848,1.0,-3.041810393932053,106.3285661675339,106.65922861499602,29.1746505,29.3652485,30,False,False,0
CAM-0604,qqq__mom50_val50__profitable__q10,0.0,-1.9414799176932611,1.9637706856237993,2169,2169,0,1.0,19,250,53,197,0,12,-0.16178999314110507,-0.17052482361018112,-0.16178999314110507,1.0,-2.0695347457130997,94.21193868859017,93.98195367142257,24.512665,24.512665,5,False,False,0
CAM-0604,qqq__mom50_val50__profitable__q10,1.0,-1.991479917693261,2.0129642984245724,2169,2169,0,1.0,19,250,52,198,0,12,-0.16595665980777174,-0.17452482361018112,-0.16595665980777174,1.0,-2.116087523490877,94.21193868859017,93.98195367142257,24.512665,24.512665,5,False,False,0
CAM-0604,qqq__mom50_val50__profitable__q10,2.0,-2.0414799176932608,2.062177754332467,2169,2169,0,1.0,19,250,48,202,0,12,-0.1701233264744384,-0.17852482361018113,-0.1701233264744384,1.0,-2.162640301268655,94.21193868859017,93.98195367142257,24.512665,24.512665,5,False,False,0
CAM-0604,qqq__mom50_val50__profitable__q10,5.0,-2.191479917693261,2.209937300832534,2169,2169,0,1.0,19,250,47,203,0,12,-0.18262332647443844,-0.19052482361018114,-0.18262332647443844,1.0,-2.3022986346019887,94.21193868859017,93.98195367142257,24.512665,24.512665,5,False,False,0
CAM-0605,qqq__residual_mom__q10__regime0,0.0,-1.7379183030621785,1.7680133516112992,2750,2750,0,1.0,39,250,77,173,0,12,-0.14482652525518155,-0.14854522960979533,-0.14482652525518155,0.9868221838848141,-1.8144150147765117,77.74928788836354,78.36950726536955,30.4410335,30.3543565,30,False,False,0
CAM-0605,qqq__residual_mom__q10__regime0,1.0,-1.7879183030621781,1.8140472092699376,2750,2750,0,1.0,39,250,74,176,0,12,-0.1489931919218482,-0.15264522960979532,-0.1489931919218482,1.0,-1.864051378412875,77.74928788836354,78.36950726536955,30.4410335,30.3543565,30,False,False,0
CAM-0605,qqq__residual_mom__q10__regime0,2.0,-1.8379183030621784,1.8600995163260226,2750,2750,0,1.0,39,250,71,179,0,12,-0.15315985858851486,-0.1567452296097953,-0.15315985858851486,1.0,-1.9136877420492389,77.74928788836354,78.36950726536955,30.4410335,30.3543565,30,False,False,0
CAM-0605,qqq__residual_mom__q10__regime0,5.0,-1.9879183030621785,1.998367244857604,2750,2750,0,1.0,39,250,70,180,0,12,-0.16565985858851492,-0.16904522960979534,-0.16565985858851492,1.0000000000000002,-2.06259683295833,77.74928788836354,78.36950726536955,30.4410335,30.3543565,30,False,False,0
CAM-0607,etf__cluster_reversal_r1__long,0.0,0.2740142604106187,0.21986559323232743,3401,3381,20,0.9941193766539254,27,250,125,125,8,4,0.022834521700884892,0.05608182399716538,0.022834521700884892,0.932332570518764,-0.11574443568909049,7.834147190305144,2.4601002643577603,2.400226,0.85167,30,False,False,0
CAM-0607,etf__cluster_reversal_r1__long,1.0,0.22415216989588302,0.22870558761096063,3401,3381,20,0.9941193766539254,27,250,124,126,8,4,0.01867934749132358,0.05198182399716539,0.01867934749132358,0.9438547857867493,-0.16100766360797955,7.834147190305144,2.4601002643577603,2.400226,0.85167,30,False,False,0
CAM-0607,etf__cluster_reversal_r1__long,2.0,0.1742900793811471,0.24628769774795545,3401,3381,20,0.9941193766539254,27,250,122,128,8,4,0.014524173281762262,0.04788182399716539,0.014524173281762262,0.9543513337536186,-0.20627089152686884,7.834147190305144,2.4601002643577603,2.400226,0.85167,30,False,False,0
CAM-0607,etf__cluster_reversal_r1__long,5.0,0.02470380783693965,0.30389319963409633,3401,3381,20,0.9941193766539254,27,250,118,132,8,4,0.002058650653078309,0.03488885077531484,0.002058650653078309,0.9804398906861083,-0.34206057528353645,7.834147190305144,2.4601002643577603,2.400226,0.85167,30,False,False,0
CAM-0610,etf__sma200__long,0.0,0.007653896236036628,0.18805961479888575,5045,5045,0,1.0,26,249,139,110,8,4,0.0006378246863363869,0.0053048607925809295,0.0006378246863363869,0.8496274554607085,-0.06747618108596158,7.020737981391716,7.004155207540097,2.564228,2.600679,5,False,False,0
CAM-0610,etf__sma200__long,1.0,-0.042146103763963313,0.21198106959098983,5045,5045,0,1.0,26,249,137,112,6,6,-0.0035121753136636118,0.0013048607925809311,-0.0035121753136636118,0.8940063618798583,-0.11533609156530585,7.020737981391716,7.004155207540097,2.564228,2.600679,5,False,False,0
CAM-0610,etf__sma200__long,2.0,-0.09194610376396332,0.23702568235928625,5045,5045,0,1.0,26,249,133,116,6,6,-0.007662175313663613,-0.0026951392074190702,-0.007662175313663613,0.9261987153037494,-0.16319600204465018,7.020737981391716,7.004155207540097,2.564228,2.600679,5,False,False,0
CAM-0610,etf__sma200__long,5.0,-0.24134610376396348,0.335382257165373,5045,5045,0,1.0,26,249,124,125,4,8,-0.020112175313663622,-0.014695139207419081,-0.020112175313663622,0.9951147139884492,-0.3067757334826833,7.020737981391716,7.004155207540097,2.564228,2.600679,5,False,False,0
CAM-0611,etf__sma50_200__long,0.0,-0.06033019557855968,0.2101173764480095,4819,4819,0,1.0,27,249,131,118,5,7,-0.005027516298213308,-0.0017010771667577036,-0.005027516298213308,0.8658800738048088,-0.149033636417542,6.93051696358844,6.934951580214306,2.6743729999999997,2.656462,5,False,False,0
CAM-0611,etf__sma50_200__long,1.0,-0.11013019557855964,0.23576685475145662,4819,4819,0,1.0,27,249,129,120,5,7,-0.009177516298213305,-0.0059010771667577025,-0.009177516298213305,0.8949830476778513,-0.1972191507435414,6.93051696358844,6.934951580214306,2.6743729999999997,2.656462,5,False,False,0
CAM-0611,etf__sma50_200__long,2.0,-0.1599301955785597,0.2761065993142979,4819,4819,0,1.0,27,249,126,123,5,7,-0.013327516298213304,-0.009909067046360923,-0.013327516298213304,0.9193707320833525,-0.2454046650695409,6.93051696358844,6.934951580214306,2.6743729999999997,2.656462,5,False,False,0
CAM-0611,etf__sma50_200__long,5.0,-0.3093301955785598,0.41082091981471675,4819,4819,0,1.0,27,249,113,136,3,9,-0.025777516298213312,-0.021609067046360935,-0.025777516298213312,0.9824357280123215,-0.3899612080475393,6.93051696358844,6.934951580214306,2.6743729999999997,2.656462,5,False,False,0
CAM-0612,etf__sma10_50_200__long,0.0,-0.028513464542483644,0.19014924383471832,3555,3555,0,1.0,25,249,136,113,7,5,-0.0023761220452069728,0.010647054806948636,-0.0023761220452069728,0.893913759155471,-0.08673556135143148,6.331827420047316,6.298660231415423,2.836467,2.8129359999999997,5,False,False,0
CAM-0612,etf__sma10_50_200__long,1.0,-0.07831346454248367,0.21280562332705555,3555,3555,0,1.0,25,249,135,114,7,5,-0.0065261220452069715,0.006547054806948642,-0.0065261220452069715,0.9346394289836106,-0.1350897905235322,6.331827420047316,6.298660231415423,2.836467,2.8129359999999997,5,False,False,0
CAM-0612,etf__sma10_50_200__long,2.0,-0.12811346454248362,0.23651609069338023,3555,3555,0,1.0,25,249,130,119,7,5,-0.010676122045206973,0.002447054806948636,-0.010676122045206973,0.9696096730269956,-0.18344401969563284,6.331827420047316,6.298660231415423,2.836467,2.8129359999999997,5,False,False,0
CAM-0612,etf__sma10_50_200__long,5.0,-0.27751346454248377,0.3247567971924641,3555,3555,0,1.0,25,249,120,129,3,9,-0.02312612204520698,-0.009852945193051367,-0.02312612204520698,0.9999999999999999,-0.32850670721193503,6.331827420047316,6.298660231415423,2.836467,2.8129359999999997,5,False,False,0
CAM-0614,qqq__donchian10__long,0.0,-2.3691931646401194,2.3721984833696914,11628,11628,0,1.0,111,250,36,214,0,12,-0.19743276372000995,-0.19806094506166627,-0.19743276372000995,0.532543758316187,-2.3812159509470634,102.33874968318469,102.33099306184307,29.8185775,29.7423755,5,False,False,0
CAM-0614,qqq__donchian10__long,1.0,-2.4191931646401192,2.4225933743497152,11628,11628,0,1.0,111,250,35,215,0,12,-0.2015994303866766,-0.2021609450616663,-0.2015994303866766,0.5424697405784517,-2.430827461076137,102.33874968318469,102.33099306184307,29.8185775,29.7423755,5,False,False,0
CAM-0614,qqq__donchian10__long,2.0,-2.469193164640119,2.4730084756338218,11628,11628,0,1.0,111,250,34,216,0,12,-0.20576609705334326,-0.20626094506166628,-0.20576609705334326,0.5537552428366189,-2.480438971205211,102.33874968318469,102.33099306184307,29.8185775,29.7423755,5,False,False,0
CAM-0614,qqq__donchian10__long,5.0,-2.6191931646401194,2.624375162960562,11628,11628,0,1.0,111,250,32,218,0,12,-0.2182660970533433,-0.2185609450616663,-0.2182660970533433,0.6033872387297449,-2.629273501592433,102.33874968318469,102.33099306184307,29.8185775,29.7423755,5,False,False,0
CAM-0615,qqq__fullcov_shrink50__mom60__long,0.0,-2.2200272533472623,2.233629362021436,11937,11925,12,0.9989947222920331,106,250,29,221,0,12,-0.18500227111227185,-0.15402320696472835,-0.18500227111227185,0.6595572024318397,-2.2338789379455775,94.62500920826498,94.68074561516976,28.810483,28.743076,30,False,False,0
CAM-0615,qqq__fullcov_shrink50__mom60__long,1.0,-2.2700225271195427,2.284441786529197,11937,11925,12,0.9989947222920331,106,250,28,222,0,12,-0.18916854392662855,-0.15822320696472836,-0.18916854392662855,0.6716308233346516,-2.2830233311394306,94.62500920826498,94.68074561516976,28.810483,28.743076,30,False,False,0
CAM-0615,qqq__fullcov_shrink50__mom60__long,2.0,-2.320017800891823,2.335274770925909,11937,11925,12,0.9989947222920331,106,250,26,224,0,12,-0.19333481674098527,-0.16242320696472834,-0.19333481674098527,0.6820754519587691,-2.3321677243332837,94.62500920826498,94.68074561516976,28.810483,28.743076,30,False,False,0
CAM-0615,qqq__fullcov_shrink50__mom60__long,5.0,-2.4700036222086643,2.487897208310663,11937,11925,12,0.9989947222920331,106,250,24,226,0,12,-0.20583363518405542,-0.17502320696472834,-0.20583363518405542,0.7065372257724503,-2.4796009039148434,94.62500920826498,94.68074561516976,28.810483,28.743076,30,False,False,0
CAM-0618,sector11__mom252__hold6__top1,0.0,-0.19611617856592545,0.3688015541113958,749,749,0,1.0,7,249,129,120,5,7,-0.016343014880493792,-0.012842768633646185,-0.016343014880493792,1.0,-0.20498287440131088,8.776617430635692,8.79431234984002,3.753086,3.7337640000000003,1,False,False,0
CAM-0618,sector11__mom252__hold6__top1,1.0,-0.24591617856592546,0.40333284808457764,749,749,0,1.0,7,249,126,123,5,7,-0.02049301488049379,-0.016742768633646186,-0.02049301488049379,1.0,-0.24979573116990392,8.776617430635692,8.79431234984002,3.753086,3.7337640000000003,1,False,False,0
CAM-0618,sector11__mom252__hold6__top1,2.0,-0.2957161785659256,0.44583676593195914,749,749,0,1.0,7,249,122,127,3,9,-0.024643014880493794,-0.020642768633646183,-0.024643014880493794,1.0,-0.297495731169904,8.776617430635692,8.79431234984002,3.753086,3.7337640000000003,1,False,False,0
CAM-0618,sector11__mom252__hold6__top1,5.0,-0.44511617856592556,0.5746378398014526,749,749,0,1.0,7,249,115,134,3,9,-0.037093014880493796,-0.03234276863364619,-0.037093014880493796,,-0.440595731169904,8.776617430635692,8.79431234984002,3.753086,3.7337640000000003,1,False,False,0
CAM-0619,sector11__mom126__sma200__top1,0.0,-0.30487807564522373,0.5023117624326024,249,249,0,1.0,5,249,138,109,7,5,-0.025406506303768644,0.011707967030922917,-0.025406506303768644,1.0,-0.4044713573122214,7.831715826013579,7.870523220387792,3.281763,3.281763,1,False,False,0
CAM-0619,sector11__mom126__sma200__top1,1.0,-0.3546780756452235,0.5240369326310217,249,249,0,1.0,5,249,136,113,7,5,-0.029556506303768642,0.007407967030922917,-0.029556506303768642,1.0,-0.4420713573122212,7.831715826013579,7.870523220387792,3.281763,3.281763,1,False,False,0
CAM-0619,sector11__mom126__sma200__top1,2.0,-0.40447807564522376,0.546701578046097,249,249,0,1.0,5,249,136,113,6,6,-0.033706506303768646,0.0031079670309229184,-0.033706506303768646,1.0,-0.47967135731222144,7.831715826013579,7.870523220387792,3.281763,3.281763,1,False,False,0
CAM-0619,sector11__mom126__sma200__top1,5.0,-0.553878075645224,0.6306155445489823,249,249,0,1.0,5,249,129,120,5,7,-0.04615650630376866,-0.009792032969077089,-0.04615650630376866,1.0,-0.5924713573122216,7.831715826013579,7.870523220387792,3.281763,3.281763,1,False,False,0
CAM-0620,sector11__mom126__sma200__fallback_GLD,0.0,-0.26415314625543285,0.494725912374951,249,249,0,1.0,6,249,136,111,7,5,-0.02201276218795274,0.014051384908086606,-0.02201276218795274,1.0,-0.4113684007785692,6.28019634041088,6.278827133321466,3.173723,3.0561849999999997,1,False,False,0
CAM-0620,sector11__mom126__sma200__fallback_GLD,1.0,-0.31395314625543264,0.5159580816205106,249,249,0,1.0,6,249,134,115,7,5,-0.026162762187952732,0.009651384908086612,-0.026162762187952732,1.0,-0.452968400778569,6.28019634041088,6.278827133321466,3.173723,3.0561849999999997,1,False,False,0
CAM-0620,sector11__mom126__sma200__fallback_GLD,2.0,-0.36375314625543287,0.5380939508825099,249,249,0,1.0,6,249,133,116,6,6,-0.03031276218795274,0.0052513849080866055,-0.03031276218795274,1.0,-0.49456840077856923,6.28019634041088,6.278827133321466,3.173723,3.0561849999999997,1,False,False,0
CAM-0620,sector11__mom126__sma200__fallback_GLD,5.0,-0.5131531462554331,0.6105400660807481,249,249,0,1.0,6,249,127,122,6,6,-0.04276276218795275,-0.007948615091913403,-0.04276276218795275,1.0,-0.6193684007785694,6.28019634041088,6.278827133321466,3.173723,3.0561849999999997,1,False,False,0
CAM-0621,etf__ibs_le20__trend0__long,0.0,-0.15549493110031443,0.19670955321452582,1358,1354,4,0.9970544918998527,27,240,114,125,5,7,-0.012957910925026203,-0.016876537329314628,-0.012957910925026203,0.8397664784107503,-0.2679491161518212,7.6842785768417805,2.5801632149748177,2.724131,0.911078,30,False,False,0
CAM-0621,etf__ibs_le20__trend0__long,1.0,-0.20334826443364773,0.23177859575423376,1358,1354,4,0.9970544918998527,27,240,113,127,4,8,-0.01694568870280398,-0.0211432039959813,-0.01694568870280398,0.8679983839749127,-0.3148477410045189,7.6842785768417805,2.5801632149748177,2.724131,0.911078,30,False,False,0
CAM-0621,etf__ibs_le20__trend0__long,2.0,-0.251201597766981,0.26787109366842504,1358,1354,4,0.9970544918998527,27,240,112,128,4,8,-0.020933466480581753,-0.025334453406589796,-0.020933466480581753,0.892873064712338,-0.3617463658572166,7.6842785768417805,2.5801632149748177,2.724131,0.911078,30,False,False,0
CAM-0621,etf__ibs_le20__trend0__long,5.0,-0.3947615977669813,0.40405322305276054,1358,1354,4,0.9970544918998527,27,240,104,136,2,10,-0.0328967998139151,-0.03751445340658981,-0.0328967998139151,0.971265675273617,-0.5024422404153102,7.6842785768417805,2.5801632149748177,2.724131,0.911078,30,False,False,0
CAM-0622,QQQ__target15__vol63__monthly__BIL,0.0,0.20459535160637377,0.09975564486598575,393,393,0,1.0,2,249,140,109,8,4,0.017049612633864477,0.006892837677629127,0.017049612633864477,1.0,-0.004403823849546407,0.7654054403524635,0.7638650836055371,1.170079,1.170079,1,False,False,0
CAM-0622,QQQ__target15__vol63__monthly__BIL,1.0,0.15479535160637375,0.11989569843683613,393,393,0,1.0,2,249,137,112,8,4,0.012899612633864481,0.002492837677629126,0.012899612633864481,1.0,-0.014164681241068011,0.7654054403524635,0.7638650836055371,1.170079,1.170079,1,False,False,0
CAM-0622,QQQ__target15__vol63__monthly__BIL,2.0,0.10499535160637374,0.14091914653390758,393,393,0,1.0,2,249,134,115,5,7,0.008749612633864479,-0.0019071623223708746,0.008749612633864479,1.0,-0.023925538632589588,0.7654054403524635,0.7638650836055371,1.170079,1.170079,1,False,False,0
CAM-0622,QQQ__target15__vol63__monthly__BIL,5.0,-0.044404648393626366,0.2099120111640699,393,393,0,1.0,2,249,123,126,5,7,-0.0037003873661355276,-0.0145888226972997,-0.0037003873661355276,1.0,-0.053208110807154346,0.7654054403524635,0.7638650836055371,1.170079,1.170079,1,False,False,0
CAM-0623,qqq__chs_safe__q10__none,0.0,-0.32563296286641247,0.645426768868613,2250,2250,0,1.0,25,250,114,136,4,8,-0.0271360802388677,-0.05566419187267021,-0.0271360802388677,0.6938545776571533,-0.41004411781533795,50.78461794201724,50.72289638819607,21.1971505,21.1307345,5,False,False,0
CAM-0623,qqq__chs_safe__q10__none,1.0,-0.37563296286641246,0.6898462411591418,2250,2250,0,1.0,25,250,113,137,3,9,-0.03130274690553437,-0.05986419187267021,-0.03130274690553437,0.7099184648286571,-0.45733300670422683,50.78461794201724,50.72289638819607,21.1971505,21.1307345,5,False,False,0
CAM-0623,qqq__chs_safe__q10__none,2.0,-0.4256329628664125,0.7344232741548228,2250,2250,0,1.0,25,250,112,138,3,9,-0.035469413572201035,-0.06406419187267019,-0.035469413572201035,0.7280731114835785,-0.5046218955931158,50.78461794201724,50.72289638819607,21.1971505,21.1307345,5,False,False,0
CAM-0623,qqq__chs_safe__q10__none,5.0,-0.5756329628664127,0.8691081654906209,2250,2250,0,1.0,25,250,111,139,2,10,-0.047969413572201046,-0.0766641918726702,-0.047969413572201046,0.7842499090746105,-0.6491102311298287,50.78461794201724,50.72289638819607,21.1971505,21.1307345,5,False,False,0
CAM-0624,sp500__chs_safe_q20__target15__vol126,0.0,-2.3696555328717714,2.3792564302083496,23373,23343,30,0.9987164677191631,245,250,27,223,0,12,-0.1974712944059809,-0.17743151294213727,-0.1974712944059809,0.7579375108491885,-2.385144121775368,133.7798510935954,133.42981844137248,235.59707699999998,236.296554,30,False,False,0
CAM-0624,sp500__chs_safe_q20__target15__vol126,1.0,-2.409020989886405,2.4190648022201757,23373,23343,30,0.9987164677191631,245,250,26,224,0,12,-0.2007517491572004,-0.18041802316070507,-0.2007517491572004,0.7706559062318245,-2.424305405616656,133.7798510935954,133.42981844137248,235.59707699999998,236.296554,30,False,False,0
CAM-0624,sp500__chs_safe_q20__target15__vol126,2.0,-2.448386446901039,2.4588825445431963,23373,23343,30,0.9987164677191631,245,250,26,224,0,12,-0.2040322039084199,-0.1834045333792729,-0.2040322039084199,0.7835713796197343,-2.4634666894579453,133.7798510935954,133.42981844137248,235.59707699999998,236.296554,30,False,False,0
CAM-0624,sp500__chs_safe_q20__target15__vol126,5.0,-2.5664828179449417,2.578392026475596,23373,23343,30,0.9987164677191631,245,250,21,229,0,12,-0.2138735681620784,-0.19236406403497638,-0.2138735681620784,0.8087906792602161,-2.5809505409818128,133.7798510935954,133.42981844137248,235.59707699999998,236.296554,30,False,False,0
