symbol,gross_pnl,execution_adjustment,net_pnl
APP,0.06276950284364959,0.006036406315263707,0.05673309652838588
STX,0.054958494394051434,0.0032801172531739474,0.05167837714087749
MU,0.05693990014792169,0.007787207459007482,0.04915269268891421
WDC,0.048058456969907876,0.00882298803626284,0.03923546893364503
WBD,0.021690801327591294,-0.0003063016082833713,0.021997102935874664
SOXL,0.015676510349860395,-0.0060842893054883695,0.021760799655348766
XLK,0.019873446582976788,-0.0008059145230859755,0.020679361106062763
XLC,0.014284048274117968,-0.00036080288040995514,0.014644851154527924
PLTR,0.017931755541987546,0.003951928767309975,0.013979826774677573
XLI,0.013603074879556254,0.000402980940102778,0.013200093939453476
GOOGL,0.01360334794333855,0.00041757403886200247,0.013185773904476547
LRCX,0.011314965427560534,-0.0001640678368146536,0.011479033264375188
DASH,0.012966564088754377,0.002598407675859615,0.010368156412894763
TQQQ,0.008964740508745963,-0.0010838250516338372,0.0100485655603798
XLE,0.011616694738829026,0.0024076481482849504,0.009209046590544077
XLU,0.007876395676788085,-0.0012556423441281914,0.009132038020916276
SMH,0.008343001017282957,0.0003481096973706048,0.007994891319912352
AVGO,0.0075853087029596625,-0.00030999255723617824,0.007895301260195841
IWM,0.006849914440959096,-0.0002827612170405759,0.007132675657999672
XLF,0.007003313193741652,-3.1546454212733315e-05,0.007034859647954385
XLY,0.0054918835681660606,-0.0010255439359592468,0.006517427504125307
QQQ,0.0033482064980003765,-0.00048153735211397554,0.003829743850114352
DIA,0.0033943899055502006,0.0003826073618047092,0.0030117825437454915
SPY,0.00208513311827553,-0.0003115097056131793,0.002396642823888709
GLD,0.0023290349208997404,0.00028888646874684876,0.002040148452152892
GILD,0.0015161428158451833,-0.0002597226531874719,0.0017758654690326553
AMAT,0.001598934917454851,2.7799877345802883e-05,0.0015711350401090482
HYG,0.0017385480178251551,0.0006862794543323805,0.0010522685634927747
TLT,0.0007077287596272789,4.398724283626064e-05,0.0006637415167910182
NFLX,0.0006111256184711508,0.0003560403116783797,0.00025508530679277115
ADBE,0.0,0.0,0.0
CCEP,0.0,0.0,0.0
BMRN,0.0,0.0,0.0
CDNS,0.0,0.0,0.0
CDW,0.0,0.0,0.0
CHTR,0.0,0.0,0.0
CHKP,0.0,0.0,0.0
CELG,0.0,0.0,0.0
ADI,0.0,0.0,0.0
ADSK,0.0,0.0,0.0
AEP,0.0,0.0,0.0
ALNY,0.0,0.0,0.0
ALGN,0.0,0.0,0.0
ALXN,0.0,0.0,0.0
AMD,0.0,0.0,0.0
AAPL,0.0,0.0,0.0
AAL,0.0,0.0,0.0
AMZN,0.0,0.0,0.0
AMGN,0.0,0.0,0.0
ARKK,0.0,0.0,0.0
ANSS,0.0,0.0,0.0
ARM,0.0,0.0,0.0
ASML,0.0,0.0,0.0
ATVI,0.0,0.0,0.0
AXON,0.0,0.0,0.0
AZN,0.0,0.0,0.0
BIDU,0.0,0.0,0.0
BIIB,0.0,0.0,0.0
BIL,0.0,0.0,0.0
BKNG,0.0,0.0,0.0
BKR,0.0,0.0,0.0
ADP,0.0,0.0,0.0
ABNB,0.0,0.0,0.0
XEL,0.0,0.0,0.0
FI,0.0,0.0,0.0
FAST,0.0,0.0,0.0
FER,0.0,0.0,0.0
EXPE,0.0,0.0,0.0
EXC,0.0,0.0,0.0
ENPH,0.0,0.0,0.0
FANG,0.0,0.0,0.0
EA,0.0,0.0,0.0
DXCM,0.0,0.0,0.0
DOCU,0.0,0.0,0.0
DLTR,0.0,0.0,0.0
DDOG,0.0,0.0,0.0
CTXS,0.0,0.0,0.0
CTSH,0.0,0.0,0.0
EBAY,0.0,0.0,0.0
COST,0.0,0.0,0.0
CMCSA,0.0,0.0,0.0
CSX,0.0,0.0,0.0
CTAS,0.0,0.0,0.0
CSCO,0.0,0.0,0.0
CRWD,0.0,0.0,0.0
CPRT,0.0,0.0,0.0
CSGP,0.0,0.0,0.0
CERN,0.0,0.0,0.0
GOOG,0.0,0.0,0.0
HON,0.0,0.0,0.0
HAS,0.0,0.0,0.0
HSIC,0.0,0.0,0.0
GFS,0.0,0.0,0.0
GEHC,0.0,0.0,0.0
FTNT,0.0,0.0,0.0
OKTA,0.0,0.0,0.0
LULU,0.0,0.0,0.0
LCID,0.0,0.0,0.0
MAR,0.0,0.0,0.0
MELI,0.0,0.0,0.0
META,0.0,0.0,0.0
MDB,0.0,0.0,0.0
MCHP,0.0,0.0,0.0
MPWR,0.0,0.0,0.0
MRNA,0.0,0.0,0.0
MSFT,0.0,0.0,0.0
MRVL,0.0,0.0,0.0
MXIM,0.0,0.0,0.0
MTCH,0.0,0.0,0.0
MNST,0.0,0.0,0.0
MDLZ,0.0,0.0,0.0
INCY,0.0,0.0,0.0
ILMN,0.0,0.0,0.0
ISRG,0.0,0.0,0.0
INSM,0.0,0.0,0.0
JD,0.0,0.0,0.0
JBHT,0.0,0.0,0.0
KDP,0.0,0.0,0.0
INTU,0.0,0.0,0.0
LBTYK,0.0,0.0,0.0
KHC,0.0,0.0,0.0
LBTYA,0.0,0.0,0.0
KLAC,0.0,0.0,0.0
LIN,0.0,0.0,0.0
IDXX,0.0,0.0,0.0
FOX,0.0,0.0,0.0
FOXA,0.0,0.0,0.0
ZS,0.0,0.0,0.0
WTW,0.0,0.0,0.0
PCAR,0.0,0.0,0.0
PEP,0.0,0.0,0.0
ORLY,0.0,0.0,0.0
PANW,0.0,0.0,0.0
ON,0.0,0.0,0.0
PDD,0.0,0.0,0.0
NTES,0.0,0.0,0.0
ODFL,0.0,0.0,0.0
NXPI,0.0,0.0,0.0
NVDA,0.0,0.0,0.0
NLOK,0.0,0.0,0.0
NTAP,0.0,0.0,0.0
MYL,0.0,0.0,0.0
PAYX,0.0,0.0,0.0
SNDK,0.0,0.0,0.0
SMCI,0.0,0.0,0.0
SIRI,0.0,0.0,0.0
SHY,0.0,0.0,0.0
SGEN,0.0,0.0,0.0
SOLS,0.0,0.0,0.0
SOXS,0.0,0.0,0.0
PYPL,0.0,0.0,0.0
ROST,0.0,0.0,0.0
SBUX,0.0,0.0,0.0
SHOP,0.0,0.0,0.0
PTON,0.0,0.0,0.0
REGN,0.0,0.0,0.0
RIVN,0.0,0.0,0.0
ROP,0.0,0.0,0.0
QCOM,0.0,0.0,0.0
ZM,0.0,0.0,0.0
WYNN,0.0,0.0,0.0
WDAY,0.0,0.0,0.0
TRI,0.0,0.0,0.0
SWKS,0.0,0.0,0.0
TCOM,0.0,0.0,0.0
SPLK,0.0,0.0,0.0
TEAM,0.0,0.0,0.0
SNPS,0.0,0.0,0.0
WBA,0.0,0.0,0.0
TTD,0.0,0.0,0.0
TTWO,0.0,0.0,0.0
ULTA,0.0,0.0,0.0
VRSK,0.0,0.0,0.0
TXN,0.0,0.0,0.0
UAL,0.0,0.0,0.0
VRTX,0.0,0.0,0.0
XLNX,0.0,0.0,0.0
XLRE,0.0,0.0,0.0
WMT,0.0,0.0,0.0
VRSN,0.0,0.0,0.0
VSNT,0.0,0.0,0.0
XLB,0.0,0.0,0.0
XLV,-0.0009695371976293501,-0.0008973895076520681,-7.214768997728196e-05
SQQQ,-0.0014329083039212045,-0.0012866856097711009,-0.0001462226941501036
TMUS,-0.00023443913573092696,0.0003291772463660229,-0.0005636163820969499
INTC,-0.0003408650244649802,0.00035895130719772514,-0.0006998163316627054
USO,-0.0007002284818111529,0.00026594371877129426,-0.0009661722005824472
TSLA,-0.0017325598952687188,0.0003840271240184421,-0.002116587019287161
CEG,-0.0022708176397471303,0.00014071987118335409,-0.0024115375109304846
XLP,-0.0024372833455973213,0.0016174537829754055,-0.004054737128572726
MSTR,-0.008141819508749636,0.0008559750146114895,-0.008997794523361125
