variant,green_bp,rvol,target_bp,hold,cost_bp,trades,trades_per_session,net_return,mean_trade_bp,target_fill_proxy_rate,forced_exit_rate,green_trade_fraction,positive_months,max_drawdown
g20_rv2_t15_h5_c2,20,2.0,15,5,2,295,4.682539682539683,-0.02473787887785961,-0.8385721653511732,0.7050847457627119,0.29491525423728815,0.7254237288135593,1,0.06438304268341088
g20_rv2_t15_h10_c2,20,2.0,15,10,2,281,4.4603174603174605,-0.05243196089989233,-1.865906081846702,0.800711743772242,0.199288256227758,0.8113879003558719,1,0.09067831586657371
g20_rv2_t10_h5_c2,20,2.0,10,5,2,302,4.7936507936507935,-0.052816837887675216,-1.7489019168104376,0.7748344370860927,0.2251655629139073,0.7814569536423841,1,0.06017825563292101
g20_rv2_t5_h5_c2,20,2.0,5,5,2,308,4.888888888888889,-0.06837921810539571,-2.220104483941419,0.8636363636363636,0.13636363636363635,0.8636363636363636,0,0.0791543288203217
g20_rv2_t2_h3_c2,20,2.0,2,3,2,317,5.031746031746032,-0.06958054682236703,-2.1949699313049535,0.917981072555205,0.08201892744479496,0.917981072555205,0,0.07051003678558135
g20_rv2_t15_h3_c2,20,2.0,15,3,2,307,4.873015873015873,-0.07525231441375235,-2.451215453216689,0.6188925081433225,0.3811074918566775,0.6449511400651465,1,0.07690622991642798
g20_rv2_t2_h5_c2,20,2.0,2,5,2,314,4.984126984126984,-0.07644300535580051,-2.4344906164267677,0.9267515923566879,0.0732484076433121,0.9267515923566879,0,0.07778552024218288
g20_rv2_t10_h10_c2,20,2.0,10,10,2,290,4.603174603174603,-0.07731248205010832,-2.6659476569002867,0.8551724137931035,0.14482758620689656,0.8586206896551725,1,0.08795728373193813
g20_rv2_t5_h3_c2,20,2.0,5,3,2,313,4.968253968253968,-0.0791545996611529,-2.528900947640668,0.8370607028753994,0.16293929712460065,0.8370607028753994,0,0.09018329592385203
g20_rv1.5_t15_h5_c2,20,1.5,15,5,2,504,8.0,-0.07938679352631728,-1.5751347921888348,0.6944444444444444,0.3055555555555556,0.7103174603174603,1,0.10131990992311626
g20_rv2_t2_h1_c2,20,2.0,2,1,2,324,5.142857142857143,-0.08565813485002627,-2.6437695941366135,0.8425925925925926,0.1574074074074074,0.8425925925925926,0,0.08657156328673943
g20_rv2_t5_h10_c2,20,2.0,5,10,2,304,4.825396825396825,-0.08638934550736188,-2.8417547864263772,0.9177631578947368,0.08223684210526316,0.9177631578947368,1,0.10284810071164247
g20_rv2_t2_h10_c2,20,2.0,2,10,2,310,4.920634920634921,-0.08702278377286743,-2.807186573318304,0.9580645161290322,0.041935483870967745,0.9580645161290322,1,0.0941286551177489
g20_rv1.5_t15_h10_c2,20,1.5,15,10,2,471,7.476190476190476,-0.09220176947262748,-1.9575747234103498,0.7791932059447984,0.2208067940552017,0.7876857749469215,1,0.09761607303442116
g20_rv2_t10_h3_c2,20,2.0,10,3,2,311,4.936507936507937,-0.09734088380386186,-3.129931955108098,0.6977491961414791,0.3022508038585209,0.7170418006430869,0,0.09760412088838401
g20_rv1.5_t2_h10_c2,20,1.5,2,10,2,532,8.444444444444445,-0.11106984295409461,-2.0877790028965153,0.9548872180451128,0.045112781954887216,0.9548872180451128,1,0.11651561812287853
g20_rv2_t5_h1_c2,20,2.0,5,1,2,324,5.142857142857143,-0.11135277518110631,-3.4368140487995777,0.7067901234567902,0.2932098765432099,0.7160493827160493,0,0.11635020882268891
g20_rv2_t15_h1_c2,20,2.0,15,1,2,324,5.142857142857143,-0.11296272456037915,-3.4865038444561467,0.4012345679012346,0.5987654320987654,0.49382716049382713,0,0.11454797251523123
g10_rv2_t15_h5_c2,10,2.0,15,5,2,460,7.301587301587301,-0.11344899523790242,-2.4662825051717916,0.658695652173913,0.34130434782608693,0.6804347826086956,0,0.11608313210860025
g10_rv2_t10_h5_c2,10,2.0,10,5,2,470,7.4603174603174605,-0.11815842148561073,-2.514008967778952,0.7446808510638298,0.2553191489361702,0.7510638297872341,0,0.12450199664297587
g10_rv2_t5_h5_c2,10,2.0,5,5,2,484,7.682539682539683,-0.12093285774761497,-2.498612763380475,0.8450413223140496,0.15495867768595042,0.8450413223140496,0,0.12137217166178403
g20_rv1.5_t5_h10_c2,20,1.5,5,10,2,517,8.206349206349206,-0.12188201176780522,-2.3574857208472966,0.9052224371373307,0.09477756286266925,0.9052224371373307,0,0.13791777245667688
g20_rv2_t10_h1_c2,20,2.0,10,1,2,324,5.142857142857143,-0.1237464439617656,-3.8193346901779504,0.5216049382716049,0.4783950617283951,0.5679012345679012,0,0.1263472777218528
g10_rv2_t2_h5_c2,10,2.0,2,5,2,500,7.936507936507937,-0.12527871769735188,-2.505574353947038,0.914,0.086,0.914,0,0.1265016154357417
g20_rv1.5_t2_h5_c2,20,1.5,2,5,2,545,8.65079365079365,-0.13150971633668862,-2.413022318104378,0.9174311926605505,0.08256880733944955,0.9174311926605505,0,0.13258280930863836
g10_rv2_t2_h3_c2,10,2.0,2,3,2,506,8.031746031746032,-0.13339210582094252,-2.636207624919813,0.8952569169960475,0.10474308300395258,0.8952569169960475,0,0.13460366069596802
g20_rv1.5_t10_h5_c2,20,1.5,10,5,2,516,8.19047619047619,-0.13823715873797993,-2.679014704224417,0.7577519379844961,0.24224806201550386,0.7616279069767442,0,0.14167047683065692
g20_rv1.5_t2_h3_c2,20,1.5,2,3,2,554,8.793650793650794,-0.13987956745956032,-2.524901939703255,0.8989169675090253,0.10108303249097472,0.8989169675090253,0,0.1409423187747464
g20_rv1.5_t5_h5_c2,20,1.5,5,5,2,534,8.476190476190476,-0.1418869453946997,-2.6570589025224662,0.8520599250936329,0.14794007490636704,0.8520599250936329,0,0.15306772476676325
g10_rv2_t2_h1_c2,10,2.0,2,1,2,522,8.285714285714286,-0.14443751431735452,-2.7670021899876347,0.8026819923371648,0.19731800766283525,0.8026819923371648,0,0.14465477169261384
g10_rv2_t5_h3_c2,10,2.0,5,3,2,495,7.857142857142857,-0.14450787731265025,-2.919351056821217,0.8121212121212121,0.18787878787878787,0.8121212121212121,0,0.1464888503123653
g20_rv1.5_t15_h3_c2,20,1.5,15,3,2,527,8.365079365079366,-0.14830421325654386,-2.8141216936725586,0.6166982922201139,0.38330170777988615,0.6413662239089184,0,0.15345991471081538
g20_rv1.5_t2_h1_c2,20,1.5,2,1,2,565,8.968253968253968,-0.15330667746587123,-2.7133925215198444,0.8300884955752212,0.16991150442477876,0.8300884955752212,0,0.15479925474492462
g5_rv2_t15_h5_c2,5,2.0,15,5,2,565,8.968253968253968,-0.16458771704969677,-2.9130569389326864,0.6407079646017699,0.35929203539823007,0.6654867256637168,0,0.1748474504182713
g5_rv2_t5_h5_c2,5,2.0,5,5,2,603,9.571428571428571,-0.1688972909742119,-2.8009500990748246,0.8325041459369817,0.16749585406301823,0.8325041459369817,0,0.1688972909742119
g20_rv1.5_t5_h3_c2,20,1.5,5,3,2,545,8.65079365079365,-0.17048593267777978,-3.1281822509684365,0.8220183486238533,0.1779816513761468,0.8220183486238533,0,0.17215175989004952
g20_rv1.5_t15_h1_c2,20,1.5,15,1,2,565,8.968253968253968,-0.17333243608760585,-3.067830727214263,0.40530973451327434,0.5946902654867257,0.49380530973451325,0,0.1779015884960061
g10_rv2_t5_h1_c2,10,2.0,5,1,2,522,8.285714285714286,-0.17775899000731177,-3.4053446361553976,0.657088122605364,0.342911877394636,0.6685823754789272,0,0.1784822882861495
g10_rv2_t15_h3_c2,10,2.0,15,3,2,483,7.666666666666667,-0.17779241106004406,-3.681002299379794,0.5714285714285714,0.42857142857142855,0.6128364389233955,0,0.18297748588927273
g10_rv2_t15_h1_c2,10,2.0,15,1,2,522,8.285714285714286,-0.17796716720084715,-3.409332704997072,0.367816091954023,0.632183908045977,0.4731800766283525,0,0.17796716720084715
g20_rv1.5_t10_h10_c2,20,1.5,10,10,2,485,7.698412698412699,-0.17879305656251832,-3.6864547744849134,0.8309278350515464,0.16907216494845362,0.8329896907216495,1,0.18206479737302586
g5_rv2_t2_h5_c2,5,2.0,2,5,2,623,9.88888888888889,-0.1812982452626295,-2.9100841936216613,0.8972712680577849,0.10272873194221509,0.8972712680577849,0,0.1812982452626295
g20_rv1.5_t10_h3_c2,20,1.5,10,3,2,534,8.476190476190476,-0.1815518158291548,-3.3998467383736855,0.6985018726591761,0.301498127340824,0.7116104868913857,0,0.1848125655668869
g10_rv2_t2_h10_c2,10,2.0,2,10,2,491,7.7936507936507935,-0.18659591648466123,-3.800324164657052,0.9389002036659878,0.06109979633401222,0.9389002036659878,0,0.18773309015843928
g5_rv2_t10_h5_c2,5,2.0,10,5,2,584,9.26984126984127,-0.18669431761352973,-3.1968205070809885,0.7311643835616438,0.2688356164383562,0.738013698630137,0,0.19651646065702832
g10_rv2_t10_h1_c2,10,2.0,10,1,2,522,8.285714285714286,-0.18734132114475022,-3.5889141981752917,0.4789272030651341,0.5210727969348659,0.5402298850574713,0,0.19614047684715885
g20_rv1.5_t10_h1_c2,20,1.5,10,1,2,565,8.968253968253968,-0.1876391719560596,-3.3210472912576923,0.5292035398230088,0.47079646017699117,0.5681415929203539,0,0.19093948012218448
g20_rv1.5_t5_h1_c2,20,1.5,5,1,2,565,8.968253968253968,-0.19099860390754886,-3.380506263850422,0.7008849557522124,0.2991150442477876,0.7044247787610619,0,0.1926133771532422
g10_rv2_t15_h10_c2,10,2.0,15,10,2,433,6.873015873015873,-0.19106087447130815,-4.412491327281943,0.7390300230946882,0.26096997690531176,0.7505773672055427,0,0.19317750769318334
g10_rv2_t5_h10_c2,10,2.0,5,10,2,473,7.507936507936508,-0.20312884979453616,-4.2944788540071075,0.8858350951374208,0.11416490486257928,0.8858350951374208,0,0.20540793478993807
g5_rv2_t2_h1_c2,5,2.0,2,1,2,653,10.365079365079366,-0.2035794468583434,-3.1176025552579385,0.776416539050536,0.22358346094946402,0.776416539050536,0,0.2035794468583434
g10_rv2_t10_h3_c2,10,2.0,10,3,2,488,7.746031746031746,-0.20402674721509573,-4.180875967522454,0.6577868852459017,0.3422131147540984,0.6762295081967213,0,0.21456660368363697
g5_rv2_t5_h3_c2,5,2.0,5,3,2,618,9.80952380952381,-0.2044664507230245,-3.3085186201136647,0.7944983818770227,0.20550161812297735,0.7944983818770227,0,0.20601017667616894
g10_rv2_t10_h10_c2,10,2.0,10,10,2,447,7.095238095238095,-0.2072154149446609,-4.635691609500244,0.8008948545861297,0.19910514541387025,0.8076062639821029,0,0.21329327519525368
g5_rv2_t2_h3_c2,5,2.0,2,3,2,633,10.047619047619047,-0.20911310094420776,-3.303524501488274,0.8720379146919431,0.12796208530805686,0.8720379146919431,0,0.20911310094420776
g0_rv2_t5_h5_c2,0,2.0,5,5,2,711,11.285714285714286,-0.2199356025939605,-3.09332774393756,0.8255977496483825,0.17440225035161744,0.8255977496483825,0,0.2199356025939605
g0_rv2_t15_h5_c2,0,2.0,15,5,2,653,10.365079365079366,-0.22152138657815523,-3.3923642661279514,0.6248085758039816,0.37519142419601836,0.6600306278713629,0,0.2230588237885472
g20_rv1_t2_h10_c2,20,1.0,2,10,2,981,15.571428571428571,-0.22343184279945294,-2.277592689087186,0.9408766564729868,0.059123343527013254,0.9408766564729868,0,0.23085025848955223
g5_rv2_t5_h1_c2,5,2.0,5,1,2,653,10.365079365079366,-0.2262476862876326,-3.4647425158902387,0.6401225114854517,0.35987748851454826,0.6523736600306279,0,0.22680517726468274
g5_rv2_t15_h3_c2,5,2.0,15,3,2,598,9.492063492063492,-0.23338652161402518,-3.902784642375003,0.5535117056856187,0.44648829431438125,0.596989966555184,0,0.2464657390402961
g5_rv2_t15_h10_c2,5,2.0,15,10,2,525,8.333333333333334,-0.2383701045007346,-4.540382942871135,0.7257142857142858,0.2742857142857143,0.7409523809523809,0,0.2383701045007346
g5_rv2_t2_h10_c2,5,2.0,2,10,2,609,9.666666666666666,-0.2398269487169289,-3.938045134924941,0.9277504105090312,0.0722495894909688,0.9277504105090312,0,0.2398269487169289
g0_rv2_t2_h5_c2,0,2.0,2,5,2,733,11.634920634920634,-0.240243614650841,-3.277539081184734,0.8922237380627558,0.1077762619372442,0.8922237380627558,0,0.240243614650841
g0_rv2_t10_h5_c2,0,2.0,10,5,2,680,10.793650793650794,-0.2421378853858267,-3.560851255673922,0.725,0.275,0.736764705882353,0,0.2421378853858267
g5_rv2_t5_h10_c2,5,2.0,5,10,2,585,9.285714285714286,-0.24293381108026701,-4.152714719320803,0.8769230769230769,0.12307692307692308,0.8769230769230769,0,0.24293381108026701
g5_rv2_t10_h1_c2,5,2.0,10,1,2,653,10.365079365079366,-0.2460401575567105,-3.767843147882243,0.46401225114854516,0.5359877488514548,0.5237366003062787,0,0.25421441146622303
g20_rv1_t2_h3_c2,20,1.0,2,3,2,1026,16.285714285714285,-0.24687601421314243,-2.4061989689390098,0.8937621832358674,0.10623781676413255,0.8937621832358674,0,0.24912862832815771
g20_rv1_t2_h5_c2,20,1.0,2,5,2,1008,16.0,-0.24859751586230894,-2.4662451970467156,0.9136904761904762,0.08630952380952381,0.9136904761904762,0,0.25221463806199024
g5_rv2_t15_h1_c2,5,2.0,15,1,2,653,10.365079365079366,-0.24970197007247408,-3.8239199092262495,0.33996937212863704,0.6600306278713629,0.45176110260336905,0,0.253764653832792
g5_rv2_t10_h3_c2,5,2.0,10,3,2,605,9.603174603174603,-0.252039953387324,-4.1659496427656855,0.6446280991735537,0.35537190082644626,0.6644628099173554,0,0.26519640569204256
g5_rv2_t10_h10_c2,5,2.0,10,10,2,551,8.746031746031745,-0.25254397895408665,-4.583375298622262,0.79491833030853,0.20508166969147004,0.8003629764065335,0,0.25981200412810335
g0_rv2_t2_h1_c2,0,2.0,2,1,2,773,12.26984126984127,-0.2561252155639784,-3.313392180646551,0.7736093143596378,0.22639068564036222,0.7736093143596378,0,0.25641861849267955
g20_rv1_t15_h10_c2,20,1.0,15,10,2,826,13.11111111111111,-0.25787855415299366,-3.122016394104039,0.7627118644067796,0.23728813559322035,0.7723970944309927,1,0.25787855415299366
g10_rv1.5_t2_h1_c2,10,1.5,2,1,2,981,15.571428571428571,-0.2594131509051161,-2.6443746269634665,0.8053007135575942,0.1946992864424057,0.8053007135575942,0,0.2594131509051161
g0_rv2_t5_h3_c2,0,2.0,5,3,2,731,11.603174603174603,-0.2596241332422222,-3.551629729715762,0.7852257181942545,0.21477428180574556,0.786593707250342,0,0.26250418644940443
g20_rv1_t5_h10_c2,20,1.0,5,10,2,924,14.666666666666666,-0.2605834308566154,-2.820167000612721,0.8928571428571429,0.10714285714285714,0.8928571428571429,0,0.2672278272058006
g0_rv2_t5_h1_c2,0,2.0,5,1,2,773,12.26984126984127,-0.2656570862721377,-3.4367022803640066,0.6416558861578266,0.35834411384217335,0.6532988357050453,0,0.26728446407059636
g20_rv1_t15_h5_c2,20,1.0,15,5,2,906,14.380952380952381,-0.2670558057757967,-2.9476358253399195,0.6777041942604857,0.32229580573951433,0.6997792494481236,1,0.2670558057757967
g10_rv1.5_t2_h10_c2,10,1.5,2,10,2,901,14.301587301587302,-0.26949969072409075,-2.9911175441075555,0.9378468368479467,0.06215316315205328,0.9378468368479467,0,0.27298934188305174
g0_rv2_t2_h3_c2,0,2.0,2,3,2,747,11.857142857142858,-0.27250560497405074,-3.648000066587025,0.8647925033467202,0.13520749665327977,0.8647925033467202,0,0.27250560497405074
g10_rv1.5_t15_h10_c2,10,1.5,15,10,2,759,12.047619047619047,-0.2743517572114904,-3.6146476575953943,0.7391304347826086,0.2608695652173913,0.7536231884057971,0,0.28667649706114817
g20_rv1_t2_h1_c2,20,1.0,2,1,2,1052,16.6984126984127,-0.27539711240373255,-2.617843273799739,0.8203422053231939,0.1796577946768061,0.8203422053231939,0,0.27539711240373255
g0_rv2_t15_h3_c2,0,2.0,15,3,2,698,11.079365079365079,-0.283464157621932,-4.061091083408768,0.5401146131805158,0.45988538681948427,0.5945558739255015,0,0.28882926265893805
g0_rv2_t15_h1_c2,0,2.0,15,1,2,773,12.26984126984127,-0.28467121902308645,-3.6826807118122438,0.32858990944372574,0.6714100905562742,0.4553686934023286,0,0.28467121902308645
g0_rv2_t10_h1_c2,0,2.0,10,1,2,773,12.26984126984127,-0.2916120683003577,-3.772471776201264,0.4501940491591203,0.5498059508408797,0.5200517464424321,0,0.2916120683003577
g10_rv1.5_t15_h5_c2,10,1.5,15,5,2,836,13.26984126984127,-0.2928801470839648,-3.5033510416742204,0.6483253588516746,0.35167464114832536,0.666267942583732,0,0.2978042834886056
g10_rv1.5_t2_h5_c2,10,1.5,2,5,2,935,14.841269841269842,-0.2935567977166752,-3.1396448953655103,0.9058823529411765,0.09411764705882353,0.9058823529411765,0,0.29535053191560506
g20_rv0_t15_h5_c2,20,0.0,15,5,2,1714,27.206349206349206,-0.2941667177545677,-1.7162585633288663,0.6721120186697783,0.3278879813302217,0.6977829638273045,1,0.30043792741560676
g10_rv1.5_t2_h3_c2,10,1.5,2,3,2,951,15.095238095238095,-0.29443949163178806,-3.096104012952556,0.8843322818086226,0.1156677181913775,0.8843322818086226,0,0.29443949163178806
g20_rv0_t15_h10_c2,20,0.0,15,10,2,1524,24.19047619047619,-0.2954466173286483,-1.9386260979570098,0.7611548556430446,0.2388451443569554,0.7703412073490814,0,0.30486980796724733
g5_rv1.5_t15_h10_c2,5,1.5,15,10,2,911,14.46031746031746,-0.2956662924346035,-3.245513638140544,0.7244785949506037,0.27552140504939626,0.7420417124039517,0,0.30948856906168287
g0_rv2_t5_h10_c2,0,2.0,5,10,2,683,10.841269841269842,-0.29679733566338073,-4.345495397706892,0.8711566617862372,0.12884333821376281,0.8711566617862372,0,0.29679733566338073
g20_rv1_t10_h5_c2,20,1.0,10,5,2,936,14.857142857142858,-0.29951429496665904,-3.1999390487890924,0.7510683760683761,0.24893162393162394,0.7574786324786325,0,0.29951429496665904
g0_rv2_t10_h10_c2,0,2.0,10,10,2,632,10.031746031746032,-0.300587871754602,-4.756137211306994,0.7911392405063291,0.2088607594936709,0.7958860759493671,0,0.300587871754602
g20_rv1_t10_h10_c2,20,1.0,10,10,2,862,13.682539682539682,-0.3006879070936871,-3.4882587829894094,0.8248259860788864,0.1751740139211137,0.8283062645011601,0,0.3006879070936871
g10_rv1.5_t5_h5_c2,10,1.5,5,5,2,899,14.26984126984127,-0.3027360835687146,-3.3674759017654576,0.8320355951056729,0.16796440489432704,0.8331479421579533,0,0.30285999107373773
g5_rv1.5_t15_h5_c2,5,1.5,15,5,2,1014,16.095238095238095,-0.30284152942638665,-2.986602854303616,0.631163708086785,0.368836291913215,0.6577909270216963,0,0.3087259885633288
g20_rv1_t5_h5_c2,20,1.0,5,5,2,971,15.412698412698413,-0.30474914659146546,-3.138508203825597,0.8444902162718847,0.15550978372811536,0.8444902162718847,0,0.30474914659146546
g0_rv2_t2_h10_c2,0,2.0,2,10,2,711,11.285714285714286,-0.3081107547698295,-4.33348459591884,0.9226441631504922,0.07735583684950774,0.9226441631504922,0,0.3081107547698295
g20_rv1_t5_h3_c2,20,1.0,5,3,2,1005,15.952380952380953,-0.30940173321011877,-3.078624211045958,0.8159203980099502,0.18407960199004975,0.8159203980099502,0,0.3120602566457707
g0_rv2_t15_h10_c2,0,2.0,15,10,2,596,9.46031746031746,-0.3106002075402785,-5.211412878192593,0.7197986577181208,0.2802013422818792,0.7332214765100671,0,0.3106002075402785
g5_rv1.5_t2_h10_c2,5,1.5,2,10,2,1122,17.80952380952381,-0.311342115472966,-2.7748851646431905,0.928698752228164,0.07130124777183601,0.928698752228164,0,0.311342115472966
g10_rv1.5_t5_h1_c2,10,1.5,5,1,2,981,15.571428571428571,-0.31180280765490354,-3.1784180189082933,0.6615698267074414,0.3384301732925586,0.6676860346585117,0,0.31180280765490354
g10_rv1.5_t10_h5_c2,10,1.5,10,5,2,860,13.65079365079365,-0.3122987567633472,-3.63138089259706,0.7255813953488373,0.2744186046511628,0.7313953488372092,0,0.3171777683343789
g10_rv1.5_t15_h1_c2,10,1.5,15,1,2,981,15.571428571428571,-0.3171669811648834,-3.233098686696059,0.3577981651376147,0.6422018348623854,0.4597349643221203,0,0.3171669811648834
g0_rv2_t10_h3_c2,0,2.0,10,3,2,711,11.285714285714286,-0.3173410914753445,-4.463306490511174,0.6329113924050633,0.3670886075949367,0.6568213783403657,0,0.31767540629182733
g10_rv1.5_t5_h3_c2,10,1.5,5,3,2,926,14.698412698412698,-0.3210371967562189,-3.4669243710174826,0.8023758099352052,0.1976241900647948,0.8023758099352052,0,0.3250476015352901
g10_rv1.5_t10_h1_c2,10,1.5,10,1,2,981,15.571428571428571,-0.32856229627815303,-3.349258881530612,0.47604485219164117,0.5239551478083588,0.5290519877675841,0,0.33578688837742066
g20_rv1_t15_h3_c2,20,1.0,15,3,2,954,15.142857142857142,-0.3340350829271842,-3.501415963597319,0.59958071278826,0.40041928721174,0.6310272536687631,1,0.3340350829271842
g20_rv1_t10_h3_c2,20,1.0,10,3,2,978,15.523809523809524,-0.3365361018451217,-3.4410644360441895,0.6871165644171779,0.3128834355828221,0.7034764826175869,0,0.3365361018451217
g10_rv1.5_t5_h10_c2,10,1.5,5,10,2,854,13.555555555555555,-0.340413816239865,-3.9861102604199647,0.8782201405152225,0.12177985948477751,0.8782201405152225,0,0.34369533954215387
g5_rv1.5_t5_h5_c2,5,1.5,5,5,2,1115,17.6984126984127,-0.34788627761933044,-3.120056301518659,0.8251121076233184,0.17488789237668162,0.8260089686098655,0,0.34788627761933044
g5_rv1.5_t10_h5_c2,5,1.5,10,5,2,1055,16.746031746031747,-0.34969665951368345,-3.314660279750554,0.7165876777251184,0.2834123222748815,0.7222748815165877,0,0.35122761897756316
g20_rv1_t10_h1_c2,20,1.0,10,1,2,1052,16.6984126984127,-0.35398075430250686,-3.3648360675143234,0.5171102661596958,0.4828897338403042,0.5570342205323194,0,0.35398075430250686
g0_rv1.5_t15_h10_c2,0,1.5,15,10,2,1073,17.03174603174603,-0.3584796000163265,-3.3409095994065843,0.7241379310344828,0.27586206896551724,0.739049394221808,0,0.3796461462617327
g20_rv0_t2_h10_c2,20,0.0,2,10,2,1908,30.285714285714285,-0.35858075917465193,-1.8793540837245908,0.9433962264150944,0.05660377358490566,0.9433962264150944,0,0.3516908544847715
g5_rv1.5_t2_h1_c2,5,1.5,2,1,2,1238,19.650793650793652,-0.35949640146685835,-2.9038481540133954,0.7778675282714055,0.22213247172859452,0.7778675282714055,0,0.35949640146685835
g20_rv1_t15_h1_c2,20,1.0,15,1,2,1052,16.6984126984127,-0.3611313990653783,-3.4328079759066377,0.3773764258555133,0.6226235741444867,0.4762357414448669,0,0.3611313990653783
g5_rv1.5_t2_h5_c2,5,1.5,2,5,2,1164,18.476190476190474,-0.36404822826618066,-3.1275620985067065,0.8917525773195877,0.10824742268041238,0.8917525773195877,0,0.36404822826618066
g5_rv1.5_t5_h10_c2,5,1.5,5,10,2,1056,16.761904761904763,-0.3671742328771107,-3.477028720427185,0.8721590909090909,0.1278409090909091,0.8721590909090909,0,0.3671742328771107
g20_rv1_t5_h1_c2,20,1.0,5,1,2,1052,16.6984126984127,-0.36782571523093877,-3.4964421599899125,0.6844106463878327,0.3155893536121673,0.6901140684410646,0,0.3681858454915244
g10_rv1.5_t15_h3_c2,10,1.5,15,3,2,888,14.095238095238095,-0.369793512626994,-4.164341358412095,0.5585585585585585,0.44144144144144143,0.6002252252252253,0,0.3754690494663485
g20_rv0_t5_h10_c2,20,0.0,5,10,2,1795,28.49206349206349,-0.3811876716232083,-2.123608198457985,0.898050139275766,0.10194986072423398,0.898050139275766,0,0.38373616737079147
g0_rv1.5_t2_h10_c2,0,1.5,2,10,2,1351,21.444444444444443,-0.3960953849457819,-2.9318681343137074,0.924500370096225,0.07549962990377498,0.924500370096225,0,0.39656280502801045
g5_rv1.5_t5_h3_c2,5,1.5,5,3,2,1159,18.396825396825395,-0.3986448031772255,-3.4395582672754577,0.7886108714408974,0.21138912855910266,0.7894736842105263,0,0.3986448031772255
g0_rv1.5_t15_h5_c2,0,1.5,15,5,2,1213,19.253968253968253,-0.400887017698917,-3.3049218276909893,0.6100577081615829,0.38994229183841717,0.651277823577906,0,0.4112303481078425
g10_rv1.5_t10_h10_c2,10,1.5,10,10,2,793,12.587301587301587,-0.4010648722409009,-5.057564593201777,0.7868852459016393,0.21311475409836064,0.7944514501891551,0,0.40632890906494923
g5_rv1.5_t10_h10_c2,5,1.5,10,10,2,966,15.333333333333334,-0.401525822001761,-4.156582008299804,0.7846790890269151,0.2153209109730849,0.7919254658385093,0,0.4042507543634914
g10_rv1.5_t10_h3_c2,10,1.5,10,3,2,905,14.365079365079366,-0.4019374505366089,-4.441297795984629,0.6519337016574586,0.34806629834254144,0.6685082872928176,0,0.40409533378289036
g5_rv1.5_t5_h1_c2,5,1.5,5,1,2,1238,19.650793650793652,-0.40279891482661667,-3.253626129455708,0.6405492730210016,0.3594507269789984,0.6470113085621971,0,0.40279891482661667
g5_rv1.5_t15_h1_c2,5,1.5,15,1,2,1238,19.650793650793652,-0.40515283089919585,-3.2726399911082056,0.33117932148626816,0.6688206785137318,0.4499192245557351,0,0.40515283089919585
g5_rv1.5_t2_h3_c2,5,1.5,2,3,2,1196,18.984126984126984,-0.40537562467777455,-3.3894282999813923,0.8662207357859532,0.13377926421404682,0.8662207357859532,0,0.40537562467777455
g5_rv1.5_t10_h1_c2,5,1.5,10,1,2,1238,19.650793650793652,-0.4124527001149758,-3.331605009006267,0.4588045234248788,0.5411954765751211,0.5161550888529887,0,0.4124527001149758
g20_rv0_t5_h5_c2,20,0.0,5,5,2,1899,30.142857142857142,-0.41595405337782165,-2.1903846939327103,0.8551869404949973,0.14481305950500264,0.855713533438652,0,0.4157570598992214
g20_rv0_t5_h3_c2,20,0.0,5,3,2,1974,31.333333333333332,-0.4161228345607886,-2.1080184121620493,0.828774062816616,0.171225937183384,0.8302938196555217,0,0.42399028694060753
g0_rv1.5_t10_h5_c2,0,1.5,10,5,2,1268,20.126984126984127,-0.42309691706976604,-3.3367264753136125,0.7097791798107256,0.2902208201892745,0.7192429022082019,0,0.42714268586204274
g20_rv0_t10_h5_c2,20,0.0,10,5,2,1789,28.396825396825395,-0.42362108407438537,-2.367921095999918,0.7518166573504751,0.24818334264952488,0.7596422582448296,0,0.4196766640590522
g10_rv1_t15_h10_c2,10,1.0,15,10,2,1353,21.476190476190474,-0.4288431100962864,-3.1695721367057383,0.7368810051736882,0.2631189948263119,0.7524020694752402,0,0.4288431100962864
g5_rv1.5_t15_h3_c2,5,1.5,15,3,2,1093,17.349206349206348,-0.4314977448842413,-3.947829321905227,0.5379688929551693,0.46203110704483075,0.5892040256175664,0,0.43828754476520654
g20_rv0_t10_h10_c2,20,0.0,10,10,2,1622,25.746031746031747,-0.4333623420960089,-2.671777694796602,0.8212083847102343,0.17879161528976573,0.8242909987669543,0,0.4347441796918428
g0_rv1.5_t5_h5_c2,0,1.5,5,5,2,1352,21.46031746031746,-0.4356491279622341,-3.222256863625992,0.8180473372781065,0.1819526627218935,0.8187869822485208,0,0.43858168404094117
g0_rv1.5_t2_h5_c2,0,1.5,2,5,2,1409,22.365079365079364,-0.4396128492703515,-3.1200344163971008,0.8892831795599716,0.11071682044002838,0.8892831795599716,0,0.4404853970062313
g20_rv0_t2_h5_c2,20,0.0,2,5,2,1973,31.317460317460316,-0.4502703817978748,-2.2821610836182202,0.9173846933603649,0.08261530663963507,0.9173846933603649,0,0.4457549349958669
g0_rv1.5_t2_h1_c2,0,1.5,2,1,2,1503,23.857142857142858,-0.4525644784310203,-3.0110743741252186,0.7731204258150366,0.2268795741849634,0.7731204258150366,0,0.4525644784310203
g20_rv0_t2_h3_c2,20,0.0,2,3,2,2021,32.07936507936508,-0.45855852351385196,-2.268968448856269,0.8975754576942108,0.1024245423057892,0.8975754576942108,0,0.4583853103470263
g0_rv1_t15_h10_c2,0,1.0,15,10,2,1846,29.3015873015873,-0.47075069799304725,-2.5501121234726285,0.7275189599133262,0.2724810400866739,0.7416034669555797,0,0.49262249751638776
g20_rv0_t15_h3_c2,20,0.0,15,3,2,1842,29.238095238095237,-0.47694177118383385,-2.5892604298796624,0.5884907709011944,0.41150922909880566,0.6297502714440825,0,0.4707287439337001
g20_rv0_t2_h1_c2,20,0.0,2,1,2,2077,32.96825396825397,-0.4773377408301035,-2.298207707415038,0.824265767934521,0.17573423206547906,0.824265767934521,0,0.4775121406443481
g5_rv1.5_t10_h3_c2,5,1.5,10,3,2,1126,17.873015873015873,-0.47840702852479344,-4.248730271090528,0.6367673179396093,0.3632326820603908,0.6598579040852576,0,0.4797520791042858
g0_rv1.5_t5_h10_c2,0,1.5,5,10,2,1265,20.07936507936508,-0.4786924973257273,-3.7841304136421128,0.8648221343873518,0.13517786561264822,0.8648221343873518,0,0.4839269444905331
g0_rv1.5_t15_h1_c2,0,1.5,15,1,2,1503,23.857142857142858,-0.4817928692576374,-3.205541378959664,0.3153692614770459,0.6846307385229541,0.4491017964071856,0,0.4823017073570524
g0_rv1.5_t10_h10_c2,0,1.5,10,10,2,1142,18.126984126984127,-0.48198410767121214,-4.220526336875762,0.7793345008756567,0.22066549912434325,0.7845884413309983,0,0.4894014220417782
g20_rv0_t5_h1_c2,20,0.0,5,1,2,2077,32.96825396825397,-0.49010560358986377,-2.3596803254206247,0.7038998555609052,0.2961001444390948,0.7120847376023111,0,0.4978380431029575
g0_rv1.5_t5_h1_c2,0,1.5,5,1,2,1503,23.857142857142858,-0.4921705287966922,-3.274587683278059,0.6287425149700598,0.3712574850299401,0.6380572188955422,0,0.4921705287966922
g0_rv1.5_t10_h1_c2,0,1.5,10,1,2,1503,23.857142857142858,-0.4960846190950986,-3.300629534897529,0.4417831004657352,0.5582168995342648,0.5096473719228211,0,0.4960846190950986
g10_rv1_t2_h3_c2,10,1.0,2,3,2,1863,29.571428571428573,-0.5019751118276983,-2.6944450447004735,0.8835212023617821,0.11647879763821793,0.8835212023617821,0,0.5019751118276983
g10_rv1_t2_h1_c2,10,1.0,2,1,2,1949,30.936507936507937,-0.5086952671685321,-2.610032155815968,0.7968188814776809,0.20318111852231913,0.7968188814776809,0,0.5086952671685321
g0_rv1.5_t5_h3_c2,0,1.5,5,3,2,1409,22.365079365079364,-0.5102478578960908,-3.62134746555068,0.7757274662881476,0.22427253371185238,0.7778566359119943,0,0.5124707907045777
g20_rv0_t10_h3_c2,20,0.0,10,3,2,1899,30.142857142857142,-0.5106095948167642,-2.6888340959281942,0.685097419694576,0.3149025803054239,0.7061611374407583,0,0.5109804459865077
g0_rv1.5_t2_h3_c2,0,1.5,2,3,2,1447,22.96825396825397,-0.5112684424698822,-3.5332995333094837,0.8604008293020041,0.13959917069799585,0.8604008293020041,0,0.5112684424698822
g10_rv1_t10_h10_c2,10,1.0,10,10,2,1438,22.825396825396826,-0.5274569797988524,-3.6679901237750516,0.7955493741307371,0.20445062586926285,0.8031988873435327,0,0.5274569797988524
g10_rv1_t2_h10_c2,10,1.0,2,10,2,1752,27.80952380952381,-0.5290943893453908,-3.0199451446654724,0.9286529680365296,0.07134703196347032,0.9286529680365296,0,0.5326462776353617
g10_rv1_t2_h5_c2,10,1.0,2,5,2,1828,29.015873015873016,-0.5351504369305737,-2.9275188015895717,0.9042669584245077,0.09573304157549234,0.9042669584245077,0,0.5364340719376004
g10_rv1_t5_h3_c2,10,1.0,5,3,2,1801,28.58730158730159,-0.5363080399185547,-2.9778347580152955,0.7973348139922265,0.20266518600777345,0.7984453081621321,0,0.5363080399185547
g0_rv1.5_t15_h3_c2,0,1.5,15,3,2,1310,20.793650793650794,-0.5461224672050778,-4.16887379545861,0.5244274809160305,0.47557251908396947,0.5816793893129771,0,0.5521220374208731
g10_rv1_t15_h5_c2,10,1.0,15,5,2,1545,24.523809523809526,-0.5507102200439774,-3.564467443650339,0.6414239482200648,0.3585760517799353,0.6679611650485436,0,0.5507102200439774
g5_rv1_t15_h10_c2,5,1.0,15,10,2,1624,25.77777777777778,-0.5544953016651746,-3.4143799363619123,0.7185960591133005,0.2814039408866995,0.7346059113300493,0,0.5555547813982948
g10_rv1_t5_h5_c2,10,1.0,5,5,2,1733,27.50793650793651,-0.5735079628098247,-3.3093361962482675,0.8303519907674553,0.16964800923254472,0.8315060588574726,0,0.5735079628098247
g5_rv1_t2_h10_c2,5,1.0,2,10,2,2188,34.73015873015873,-0.5747029437653077,-2.626613088506891,0.926416819012797,0.07358318098720293,0.926416819012797,0,0.5747029437653077
g10_rv1_t5_h10_c2,10,1.0,5,10,2,1614,25.61904761904762,-0.5851237663431329,-3.6253021458682335,0.8736059479553904,0.12639405204460966,0.8736059479553904,0,0.5851237663431329
g5_rv1_t5_h10_c2,5,1.0,5,10,2,2002,31.77777777777778,-0.5899160952791216,-2.9466338425530547,0.8726273726273727,0.12737262737262736,0.8731268731268731,0,0.5899160952791216
g10_rv1_t10_h5_c2,10,1.0,10,5,2,1615,25.634920634920636,-0.5902028208177337,-3.654506630450363,0.7213622291021672,0.2786377708978328,0.730030959752322,0,0.5902028208177337
g10_rv1_t15_h3_c2,10,1.0,15,3,2,1678,26.634920634920636,-0.593458872128139,-3.5367036479626877,0.5500595947556615,0.4499404052443385,0.601907032181168,0,0.593458872128139
g0_rv1_t10_h10_c2,0,1.0,10,10,2,2023,32.111111111111114,-0.5938260350411715,-2.9353733813206695,0.7889273356401384,0.21107266435986158,0.7948591201186357,0,0.5984863186567418
g0_rv1.5_t10_h3_c2,0,1.5,10,3,2,1349,21.41269841269841,-0.5950641222712875,-4.411149905643346,0.6241660489251297,0.3758339510748703,0.6486286137879911,0,0.5977806936648541
g10_rv1_t5_h1_c2,10,1.0,5,1,2,1949,30.936507936507937,-0.6085477187094266,-3.122358741454215,0.6567470497691124,0.34325295023088764,0.6654694715238584,0,0.6085477187094266
g5_rv1_t15_h5_c2,5,1.0,15,5,2,1904,30.22222222222222,-0.6107837605884039,-3.2078979022500205,0.6192226890756303,0.3807773109243697,0.6507352941176471,0,0.6107837605884039
g20_rv0_t10_h1_c2,20,0.0,10,1,2,2077,32.96825396825397,-0.614894380505756,-2.960492924919383,0.5002407318247473,0.4997592681752528,0.556090515166105,0,0.616176968420069
g10_rv1_t10_h1_c2,10,1.0,10,1,2,1949,30.936507936507937,-0.6268933479381114,-3.216487162329971,0.4561313494099538,0.5438686505900462,0.5202668034889687,0,0.6268933479381114
g10_rv1_t10_h3_c2,10,1.0,10,3,2,1731,27.476190476190474,-0.6294197072316534,-3.6361623756883503,0.6493356441363374,0.3506643558636626,0.6707105719237435,0,0.6294197072316534
g10_rv1_t15_h1_c2,10,1.0,15,1,2,1949,30.936507936507937,-0.6343278130980937,-3.2546321862395775,0.3268342739866598,0.6731657260133401,0.45407901487942537,0,0.6343278130980937
g0_rv1_t15_h5_c2,0,1.0,15,5,2,2211,35.095238095238095,-0.634507282686821,-2.869775136530172,0.6146540027137042,0.3853459972862958,0.6521935775667119,0,0.6397756693392218
g5_rv1_t10_h10_c2,5,1.0,10,10,2,1767,28.047619047619047,-0.6371157679310488,-3.6056353589759413,0.788907753254103,0.211092246745897,0.7945670628183361,0,0.6371157679310488
g5_rv1_t2_h5_c2,5,1.0,2,5,2,2311,36.682539682539684,-0.6530159505540583,-2.8256856363221905,0.8939852877542189,0.10601471224578105,0.8939852877542189,0,0.6530159505540583
g10_rv0_t15_h10_c2,10,0.0,15,10,2,2612,41.46031746031746,-0.6619984204618918,-2.5344503080470586,0.7239663093415007,0.27603369065849925,0.7388973966309341,0,0.6631740678169138
g20_rv0_t15_h1_c2,20,0.0,15,1,2,2077,32.96825396825397,-0.6655179451568918,-3.2042269867929307,0.3606162734713529,0.6393837265286471,0.48001925854597977,0,0.6652747974944504
g5_rv1_t5_h5_c2,5,1.0,5,5,2,2179,34.58730158730159,-0.6705759007503876,-3.077447915329911,0.8228545204222121,0.17714547957778798,0.8237723726480036,0,0.6705759007503876
g5_rv1_t5_h3_c2,5,1.0,5,3,2,2290,36.34920634920635,-0.6713727123513565,-2.9317585692198977,0.7812227074235808,0.2187772925764192,0.7834061135371179,0,0.6713727123513565
g5_rv1_t2_h3_c2,5,1.0,2,3,2,2386,37.87301587301587,-0.6735441844056591,-2.822901024332184,0.8679798826487846,0.1320201173512154,0.8679798826487846,0,0.6735441844056591
g5_rv1_t15_h3_c2,5,1.0,15,3,2,2092,33.20634920634921,-0.6794615148514122,-3.2479039906855265,0.5291586998087954,0.47084130019120457,0.5860420650095602,0,0.6794615148514122
g5_rv1_t10_h5_c2,5,1.0,10,5,2,2010,31.904761904761905,-0.681291322121076,-3.389509065278985,0.7069651741293532,0.2930348258706468,0.7189054726368159,0,0.681291322121076
g0_rv1_t5_h10_c2,0,1.0,5,10,2,2342,37.17460317460318,-0.699059802254776,-2.984883869576328,0.8689154568744663,0.13108454312553372,0.8697694278394534,0,0.7034804754245843
g5_rv1_t2_h1_c2,5,1.0,2,1,2,2531,40.17460317460318,-0.7124852772132239,-2.8150346788353375,0.7740023706045042,0.22599762939549586,0.7740023706045042,0,0.7124852772132239
g0_rv1_t15_h3_c2,0,1.0,15,3,2,2476,39.301587301587304,-0.7428954374321018,-3.0003854500488765,0.5173667205169629,0.48263327948303714,0.5876413570274637,0,0.7433014427902733
g5_rv1_t10_h3_c2,5,1.0,10,3,2,2177,34.55555555555556,-0.7447664651629679,-3.421067823440367,0.6338998621956822,0.3661001378043179,0.6577859439595773,0,0.7447664651629679
g0_rv1_t10_h5_c2,0,1.0,10,5,2,2366,37.55555555555556,-0.7527494708090727,-3.181527771805041,0.7054099746407438,0.2945900253592561,0.716821639898563,0,0.7527494708090727
g0_rv1_t2_h10_c2,0,1.0,2,10,2,2607,41.38095238095238,-0.7553976142949846,-2.897574278078192,0.9228998849252014,0.07710011507479862,0.9228998849252014,0,0.7553976142949846
g5_rv0_t15_h10_c2,5,0.0,15,10,2,3106,49.301587301587304,-0.7857214613327589,-2.529689186518863,0.7163554410817772,0.2836445589182228,0.7324533161622666,0,0.7825397155939073
g10_rv0_t10_h10_c2,10,0.0,10,10,2,2865,45.476190476190474,-0.8038468494088252,-2.80574816547583,0.7965095986038394,0.20349040139616056,0.800349040139616,0,0.804949000721633
g0_rv1_t5_h5_c2,0,1.0,5,5,2,2605,41.34920634920635,-0.8081824888784209,-3.1024279803394275,0.8161228406909788,0.18387715930902113,0.8168905950095969,0,0.8086446385557992
g5_rv1_t5_h1_c2,5,1.0,5,1,2,2531,40.17460317460318,-0.8127172953286805,-3.211052134842673,0.6329514026076649,0.36704859739233503,0.6420387198735678,0,0.8127172953286805
g0_rv1_t5_h3_c2,0,1.0,5,3,2,2763,43.857142857142854,-0.8180791156941825,-2.960836466500841,0.7734346724574738,0.22656532754252623,0.7763300760043431,0,0.8182176355461828
g0_rv1_t2_h5_c2,0,1.0,2,5,2,2794,44.34920634920635,-0.8261686936454163,-2.9569387746793714,0.8890479599141017,0.11095204008589836,0.8890479599141017,0,0.8261686936454163
g5_rv1_t10_h1_c2,5,1.0,10,1,2,2531,40.17460317460318,-0.8385521072871394,-3.313125670830262,0.43342552350849467,0.5665744764915054,0.50138285262742,0,0.8385521072871394
g10_rv0_t15_h5_c2,10,0.0,15,5,2,3149,49.98412698412698,-0.8399105179789289,-2.6672293362303234,0.6173388377262623,0.3826611622737377,0.6567164179104478,0,0.8402676676607317
g0_rv1_t10_h3_c2,0,1.0,10,3,2,2594,41.17460317460318,-0.850820172327491,-3.279954403729726,0.6272166538164996,0.3727833461835004,0.6549730146491904,0,0.850820172327491
g5_rv1_t15_h1_c2,5,1.0,15,1,2,2531,40.17460317460318,-0.8546722950673347,-3.376816653762681,0.2983010667720269,0.7016989332279732,0.4401422362702489,0,0.8546722950673347
g0_rv1_t2_h3_c2,0,1.0,2,3,2,2904,46.095238095238095,-0.8592355986904356,-2.9588002709725743,0.8639807162534435,0.13601928374655647,0.8639807162534435,0,0.8592355986904356
g10_rv0_t5_h10_c2,10,0.0,5,10,2,3377,53.6031746031746,-0.9160453922548523,-2.712601102324111,0.8803671898134439,0.11963281018655611,0.8803671898134439,0,0.91897767499783
g0_rv0_t15_h10_c2,0,0.0,15,10,2,3440,54.6031746031746,-0.9227178511980206,-2.682319334877967,0.7107558139534884,0.28924418604651164,0.7273255813953489,0,0.9198910167766984
g10_rv0_t2_h10_c2,10,0.0,2,10,2,3761,59.698412698412696,-0.9333323461443684,-2.4816068762147525,0.9321988832757245,0.06780111672427545,0.9321988832757245,0,0.9330535316883931
g10_rv0_t5_h3_c2,10,0.0,5,3,2,4023,63.857142857142854,-0.9495751623179083,-2.3603658024307936,0.7949291573452647,0.20507084265473527,0.7966691523738504,0,0.9505581761384267
g0_rv1_t2_h1_c2,0,1.0,2,1,2,3135,49.76190476190476,-0.9496998830199671,-3.0293457193619364,0.7598086124401914,0.24019138755980862,0.7598086124401914,0,0.9496998830199671
g10_rv0_t5_h5_c2,10,0.0,5,5,2,3761,59.698412698412696,-0.950523895548518,-2.5273169251489445,0.8364796596649827,0.16352034033501728,0.837809093326243,0,0.9512704807006815
g5_rv0_t10_h10_c2,5,0.0,10,10,2,3486,55.333333333333336,-1.0176091620745942,-2.919131273880075,0.7857142857142857,0.21428571428571427,0.7908777969018933,0,1.0178587288533227
g10_rv0_t10_h5_c2,10,0.0,10,5,2,3376,53.58730158730159,-1.0549279308766217,-3.124786525108477,0.7129739336492891,0.2870260663507109,0.7271919431279621,0,1.0546472303826095
g10_rv0_t2_h5_c2,10,0.0,2,5,2,4024,63.87301587301587,-1.0763943825765396,-2.674936338410884,0.9050695825049702,0.09493041749502983,0.9050695825049702,0,1.077920290865626
g0_rv1_t5_h1_c2,0,1.0,5,1,2,3135,49.76190476190476,-1.0849431126804325,-3.460743581117807,0.6121212121212121,0.3878787878787879,0.6216905901116427,0,1.0849431126804325
g10_rv0_t2_h3_c2,10,0.0,2,3,2,4202,66.6984126984127,-1.0935361925494913,-2.6024183544728494,0.8755354593050928,0.12446454069490719,0.8755354593050928,0,1.0949786455753432
g0_rv1_t10_h1_c2,0,1.0,10,1,2,3135,49.76190476190476,-1.1280245912638285,-3.5981645654348595,0.41180223285486445,0.5881977671451356,0.48229665071770333,0,1.1280245912638287
g10_rv0_t2_h1_c2,10,0.0,2,1,2,4489,71.25396825396825,-1.1299799915046982,-2.517219851870568,0.7812430385386501,0.21875696146134996,0.7812430385386501,0,1.1314498368454804
g0_rv1_t15_h1_c2,0,1.0,15,1,2,3135,49.76190476190476,-1.1339434810162254,-3.617044596542984,0.2787878787878788,0.7212121212121212,0.42711323763955344,0,1.1339434810162252
g10_rv0_t15_h3_c2,10,0.0,15,3,2,3597,57.095238095238095,-1.14511055321955,-3.1835155774799833,0.5198776758409785,0.4801223241590214,0.5793716986377537,0,1.1442791955758693
g10_rv0_t5_h1_c2,10,0.0,5,1,2,4489,71.25396825396825,-1.1616925225706245,-2.587864830854588,0.6429048785921141,0.35709512140788596,0.6542659835152596,0,1.161182041152359
g10_rv0_t10_h3_c2,10,0.0,10,3,2,3766,59.77777777777778,-1.188307565301741,-3.155357316255287,0.6338289962825279,0.36617100371747213,0.6595857673924589,0,1.1866461260360224
g0_rv0_t10_h10_c2,0,0.0,10,10,2,3947,62.65079365079365,-1.1906672619563499,-3.0166386165602987,0.7785659994932861,0.22143400050671397,0.7846465670129212,0,1.1990912924684185
g5_rv0_t15_h5_c2,5,0.0,15,5,2,3951,62.714285714285715,-1.202790889270736,-3.0442695248563303,0.5947861300936472,0.40521386990635283,0.6380663123259934,0,1.2010518391346705
g5_rv0_t5_h10_c2,5,0.0,5,10,2,4256,67.55555555555556,-1.2151019163831456,-2.855032698268669,0.8717105263157895,0.12828947368421054,0.8719454887218046,0,1.2100355859489444
g0_rv0_t5_h10_c2,0,0.0,5,10,2,4949,78.55555555555556,-1.226445595497648,-2.478168509795207,0.8708830066680138,0.12911699333198626,0.8718933117801576,0,1.227430963654819
g0_rv0_t15_h5_c2,0,0.0,15,5,2,4534,71.96825396825396,-1.3071558328101336,-2.883008012373475,0.5921923246581385,0.40780767534186146,0.6347595941773269,0,1.3104505428200277
g5_rv0_t2_h10_c2,5,0.0,2,10,2,4833,76.71428571428571,-1.3168260617785696,-2.7246556213088553,0.9224084419615146,0.07759155803848541,0.9224084419615146,0,1.3185871344997193
g5_rv0_t5_h5_c2,5,0.0,5,5,2,4911,77.95238095238095,-1.3354925775945024,-2.719390302574837,0.8220321726735899,0.1779678273264101,0.8230502952555487,0,1.3341177199382006
g5_rv0_t5_h3_c2,5,0.0,5,3,2,5360,85.07936507936508,-1.3696087006831452,-2.555240113214823,0.7759328358208956,0.22406716417910447,0.7779850746268657,0,1.3686377853089724
g5_rv0_t10_h5_c2,5,0.0,10,5,2,4292,68.12698412698413,-1.4232952412683366,-3.316158530448128,0.6905871388630009,0.30941286113699906,0.7085274930102516,0,1.426667065036791
g0_rv0_t5_h5_c2,0,0.0,5,5,2,5926,94.06349206349206,-1.432585091626437,-2.4174571239055638,0.8211272359095512,0.17887276409044886,0.8223084711441107,0,1.4361434862454074
g10_rv0_t10_h1_c2,10,0.0,10,1,2,4489,71.25396825396825,-1.4512873450939412,-3.2329858433814684,0.4239251503675652,0.5760748496324348,0.4976609489864112,0,1.4535556215292749
g5_rv0_t2_h5_c2,5,0.0,2,5,2,5327,84.55555555555556,-1.4980381168669457,-2.812160910206393,0.8905575370752769,0.10944246292472311,0.8905575370752769,0,1.510920862099717
g0_rv0_t10_h5_c2,0,0.0,10,5,2,5030,79.84126984126983,-1.5019778271388633,-2.9860394177711003,0.6962226640159046,0.30377733598409545,0.7121272365805169,0,1.5104933936852276
g10_rv0_t15_h1_c2,10,0.0,15,1,2,4489,71.25396825396825,-1.5098014144555703,-3.363335741714347,0.2909333927378035,0.7090666072621965,0.43974159055468925,0,1.5084603483388623
g5_rv0_t15_h3_c2,5,0.0,15,3,2,4662,74.0,-1.5418015011919812,-3.307167527224327,0.49635349635349635,0.5036465036465037,0.5656370656370656,0,1.5368429737534572
g0_rv0_t2_h10_c2,0,0.0,2,10,2,5778,91.71428571428571,-1.5592431754879008,-2.6985863196398423,0.9207338179300796,0.0792661820699204,0.9207338179300796,0,1.5854308352865716
g5_rv0_t10_h3_c2,5,0.0,10,3,2,4917,78.04761904761905,-1.5801966422477536,-3.2137413915960007,0.6111450071181614,0.3888549928818385,0.6418547895057962,0,1.5846092867616905
g0_rv0_t15_h3_c2,0,0.0,15,3,2,5519,87.60317460317461,-1.5885287530306547,-2.8782909096406133,0.4886754846892553,0.5113245153107447,0.5649574198224316,0,1.6026774066520912
g5_rv0_t2_h3_c2,5,0.0,2,3,2,5661,89.85714285714286,-1.604561822072638,-2.834414100110649,0.855679208620385,0.1443207913796149,0.855679208620385,0,1.6232423749397675
g0_rv0_t5_h3_c2,0,0.0,5,3,2,6570,104.28571428571429,-1.6204563820515192,-2.4664480700936364,0.7668188736681887,0.23318112633181126,0.7691019786910198,0,1.6284477567401159
g0_rv0_t2_h5_c2,0,0.0,2,5,2,6544,103.87301587301587,-1.7028256281628997,-2.602117402449419,0.8902811735941321,0.10971882640586797,0.8902811735941321,0,1.737078382999458
g0_rv0_t10_h3_c2,0,0.0,10,3,2,5881,93.34920634920636,-1.725457922834948,-2.933953278073368,0.6070396191123959,0.39296038088760415,0.6378166978405033,0,1.7443084402022209
g5_rv0_t5_h1_c2,5,0.0,5,1,2,6280,99.68253968253968,-1.7347407291137338,-2.762326001773461,0.6159235668789809,0.38407643312101913,0.6277070063694268,0,1.742192635056462
g5_rv0_t2_h1_c2,5,0.0,2,1,2,6280,99.68253968253968,-1.7500131392605334,-2.7866451262110403,0.7528662420382166,0.24713375796178344,0.7528662420382166,0,1.7667499828124853
g0_rv0_t2_h3_c2,0,0.0,2,3,2,7054,111.96825396825396,-1.9197298603305035,-2.721476978069894,0.8512900481996031,0.14870995180039695,0.8512900481996031,0,1.9639423825337756
g5_rv0_t10_h1_c2,5,0.0,10,1,2,6280,99.68253968253968,-2.1102600883957114,-3.360286764961324,0.39378980891719745,0.6062101910828025,0.47738853503184714,0,2.1276443502682354
g5_rv0_t15_h1_c2,5,0.0,15,1,2,6280,99.68253968253968,-2.198230198931495,-3.500366558808113,0.25971337579617837,0.7402866242038216,0.4253184713375796,0,2.211132083456523
g0_rv0_t5_h1_c2,0,0.0,5,1,2,8085,128.33333333333334,-2.2444172591008202,-2.7760262944969947,0.5983920841063698,0.40160791589363015,0.610760667903525,0,2.2694972332118555
g0_rv0_t2_h1_c2,0,0.0,2,1,2,8085,128.33333333333334,-2.2853018262441185,-2.826594713969225,0.736178107606679,0.263821892393321,0.736178107606679,0,2.3289141255105683
g0_rv0_t10_h1_c2,0,0.0,10,1,2,8085,128.33333333333334,-2.6609149030366455,-3.291174895530792,0.3747680890538033,0.6252319109461967,0.46320346320346323,0,2.711122252893859
g0_rv0_t15_h1_c2,0,0.0,15,1,2,8085,128.33333333333334,-2.776673315952163,-3.4343516585679197,0.24230055658627087,0.7576994434137291,0.4139764996907854,0,2.8285480779051113
g20_rv2_t15_h10_c5,20,2.0,15,10,5,275,4.365079365079365,-0.1211764820659943,-4.40641752967252,0.7854545454545454,0.21454545454545454,0.7890909090909091,1,0.1211764820659943
g20_rv2_t15_h5_c5,20,2.0,15,5,5,289,4.587301587301587,-0.12990597006299254,-4.495016265155451,0.6678200692041523,0.33217993079584773,0.6885813148788927,1,0.13125537463991355
g20_rv2_t10_h5_c5,20,2.0,10,5,5,299,4.746031746031746,-0.14264804577354118,-4.7708376512890025,0.7357859531772575,0.26421404682274247,0.7391304347826086,0,0.14420019609410373
g20_rv2_t10_h10_c5,20,2.0,10,10,5,286,4.5396825396825395,-0.170522344321679,-5.962319731527238,0.8181818181818182,0.18181818181818182,0.8181818181818182,1,0.170522344321679
g20_rv2_t2_h5_c5,20,2.0,2,5,5,308,4.888888888888889,-0.17325087158564156,-5.625028298235115,0.8636363636363636,0.13636363636363635,0.8636363636363636,0,0.17325087158564156
g20_rv2_t15_h3_c5,20,2.0,15,3,5,300,4.761904761904762,-0.17775346918195534,-5.925115639398511,0.5833333333333334,0.4166666666666667,0.6033333333333334,0,0.17824134183563914
g20_rv2_t5_h5_c5,20,2.0,5,5,5,302,4.7936507936507935,-0.18229950741821688,-6.036407530404532,0.804635761589404,0.19536423841059603,0.804635761589404,0,0.18229950741821688
g20_rv2_t2_h10_c5,20,2.0,2,10,5,304,4.825396825396825,-0.1849493553830851,-6.083860374443589,0.9177631578947368,0.08223684210526316,0.9177631578947368,0,0.19018779656701335
g20_rv2_t2_h3_c5,20,2.0,2,3,5,313,4.968253968253968,-0.1882193705165648,-6.013398419059578,0.8370607028753994,0.16293929712460065,0.8370607028753994,0,0.1882193705165648
g20_rv2_t10_h3_c5,20,2.0,10,3,5,309,4.904761904761905,-0.20145674122470136,-6.51963563833985,0.656957928802589,0.343042071197411,0.656957928802589,0,0.20145674122470136
g20_rv2_t5_h10_c5,20,2.0,5,10,5,291,4.619047619047619,-0.20908366707774095,-7.185005741503125,0.8694158075601375,0.13058419243986255,0.8694158075601375,1,0.20908366707774095
g20_rv2_t5_h3_c5,20,2.0,5,3,5,311,4.936507936507937,-0.2179452988067021,-7.007887421437367,0.7491961414790996,0.2508038585209003,0.7491961414790996,0,0.2179452988067021
g20_rv1.5_t15_h10_c5,20,1.5,15,10,5,461,7.317460317460317,-0.22269651697125237,-4.830727049267947,0.7592190889370932,0.24078091106290672,0.7678958785249458,0,0.22398899896196456
g20_rv2_t2_h1_c5,20,2.0,2,1,5,324,5.142857142857143,-0.23690021496879066,-7.311735029900947,0.7067901234567902,0.2932098765432099,0.7067901234567902,0,0.23690021496879066
g20_rv1.5_t15_h5_c5,20,1.5,15,5,5,495,7.857142857142857,-0.2423464267458001,-4.895887409006063,0.6565656565656566,0.3434343434343434,0.6707070707070707,0,0.24431261702141355
g10_rv2_t15_h5_c5,10,2.0,15,5,5,447,7.095238095238095,-0.25782792128403587,-5.767962444833017,0.6331096196868009,0.3668903803131991,0.6465324384787472,0,0.2589395120160119
g20_rv2_t5_h1_c5,20,2.0,5,1,5,324,5.142857142857143,-0.26361064919847166,-8.136131148100976,0.595679012345679,0.404320987654321,0.595679012345679,0,0.26361064919847166
g20_rv2_t10_h1_c5,20,2.0,10,1,5,324,5.142857142857143,-0.2646975389158156,-8.169677127031346,0.4567901234567901,0.5432098765432098,0.4722222222222222,0,0.2646975389158156
g10_rv2_t15_h10_c5,10,2.0,15,10,5,419,6.650793650793651,-0.27603537418642643,-6.587956424497051,0.7303102625298329,0.26968973747016706,0.7326968973747017,0,0.2771196946444598
g20_rv2_t15_h1_c5,20,2.0,15,1,5,324,5.142857142857143,-0.2851098933751194,-8.799688067133314,0.33641975308641975,0.6635802469135802,0.404320987654321,0,0.2851098933751194
g10_rv2_t2_h5_c5,10,2.0,2,5,5,484,7.682539682539683,-0.2884241651198668,-5.959176965286503,0.8450413223140496,0.15495867768595042,0.8450413223140496,0,0.28856645182950086
g10_rv2_t5_h5_c5,10,2.0,5,5,5,476,7.555555555555555,-0.2892040836462476,-6.075716042988395,0.7815126050420168,0.2184873949579832,0.7815126050420168,0,0.28955930399425045
g20_rv1.5_t2_h10_c5,20,1.5,2,10,5,517,8.206349206349206,-0.2914597321623801,-5.637518997338106,0.9052224371373307,0.09477756286266925,0.9052224371373307,0,0.2943384298031955
g10_rv2_t10_h5_c5,10,2.0,10,5,5,465,7.380952380952381,-0.3061803499305247,-6.584523654419885,0.6903225806451613,0.3096774193548387,0.6946236559139785,0,0.30687347645407054
g20_rv1.5_t10_h5_c5,20,1.5,10,5,5,511,8.11111111111111,-0.31843652378517284,-6.231634516343891,0.7123287671232876,0.2876712328767123,0.7142857142857143,0,0.3211519161206898
g10_rv2_t2_h3_c5,10,2.0,2,3,5,495,7.857142857142857,-0.32068390533543945,-6.478462734049281,0.8121212121212121,0.18787878787878787,0.8121212121212121,0,0.320819741387162
g20_rv1.5_t2_h5_c5,20,1.5,2,5,5,534,8.476190476190476,-0.32555116867687917,-6.096463832900359,0.8520599250936329,0.14794007490636704,0.8520599250936329,0,0.3260902964397273
g20_rv1.5_t10_h10_c5,20,1.5,10,10,5,478,7.587301587301587,-0.33071984128855203,-6.918825131559666,0.7887029288702929,0.2112970711297071,0.7907949790794979,0,0.33338629610413517
g10_rv2_t15_h3_c5,10,2.0,15,3,5,469,7.444444444444445,-0.3476412961076649,-7.41239437329776,0.5309168443496801,0.4690831556503198,0.5650319829424307,0,0.3499772784418715
g20_rv1.5_t5_h5_c5,20,1.5,5,5,5,520,8.253968253968255,-0.35096341757982286,-6.74929649191967,0.7923076923076923,0.2076923076923077,0.7923076923076923,0,0.3522588997802622
g5_rv2_t15_h5_c5,5,2.0,15,5,5,550,8.73015873015873,-0.3530658335643734,-6.419378792079517,0.6090909090909091,0.39090909090909093,0.6272727272727273,0,0.35324002901614077
g20_rv1.5_t15_h3_c5,20,1.5,15,3,5,520,8.253968253968255,-0.35612466819518773,-6.8485513114459176,0.5673076923076923,0.4326923076923077,0.5903846153846154,0,0.3573368407484802
g10_rv2_t2_h10_c5,10,2.0,2,10,5,473,7.507936507936508,-0.36097163286400036,-7.631535578520092,0.8858350951374208,0.11416490486257928,0.8858350951374208,0,0.3612708801802764
g20_rv1.5_t2_h3_c5,20,1.5,2,3,5,545,8.65079365079365,-0.3628318631336097,-6.657465378598343,0.8220183486238533,0.1779816513761468,0.8220183486238533,0,0.3633411901814645
g5_rv2_t15_h10_c5,5,2.0,15,10,5,507,8.047619047619047,-0.36434560042767805,-7.186303755969981,0.7041420118343196,0.2958579881656805,0.7140039447731755,0,0.36434560042767805
g20_rv1.5_t5_h10_c5,20,1.5,5,10,5,491,7.7936507936507935,-0.36848151748924374,-7.504715223813518,0.8513238289205702,0.14867617107942974,0.8513238289205702,0,0.3697420334223988
g10_rv2_t5_h3_c5,10,2.0,5,3,5,492,7.809523809523809,-0.37055612353285416,-7.531628527090532,0.717479674796748,0.28252032520325204,0.717479674796748,0,0.37087068818875973
g20_rv1.5_t10_h3_c5,20,1.5,10,3,5,530,8.412698412698413,-0.3748579793185899,-7.072792062614903,0.6490566037735849,0.35094339622641507,0.6528301886792452,0,0.3773485849786749
g5_rv2_t2_h5_c5,5,2.0,2,5,5,603,9.571428571428571,-0.37982725964200115,-6.298959529718095,0.8325041459369817,0.16749585406301823,0.8325041459369817,0,0.37982725964200115
g10_rv2_t2_h1_c5,10,2.0,2,1,5,522,8.285714285714286,-0.3878172978367652,-7.429450150129602,0.657088122605364,0.342911877394636,0.657088122605364,0,0.38793970989478627
g10_rv2_t5_h10_c5,10,2.0,5,10,5,456,7.238095238095238,-0.39006469350155215,-8.55405029608667,0.8245614035087719,0.17543859649122806,0.8245614035087719,0,0.3903695087471785
g5_rv2_t5_h5_c5,5,2.0,5,5,5,591,9.380952380952381,-0.39383225468237293,-6.6638283364191695,0.7681895093062606,0.23181049069373943,0.7681895093062606,0,0.39383225468237293
g10_rv2_t10_h3_c5,10,2.0,10,3,5,486,7.714285714285714,-0.3973602076230034,-8.176135959321059,0.6069958847736625,0.39300411522633744,0.6152263374485597,0,0.3980185906894068
g20_rv1.5_t5_h3_c5,20,1.5,5,3,5,535,8.492063492063492,-0.3980179019635095,-7.439586952588962,0.7401869158878505,0.25981308411214954,0.7401869158878505,0,0.3992194630374345
g10_rv2_t10_h10_c5,10,2.0,10,10,5,436,6.920634920634921,-0.40303006432599575,-9.243808814816417,0.7545871559633027,0.24541284403669725,0.7545871559633027,0,0.4036264378881076
g5_rv2_t10_h5_c5,5,2.0,10,5,5,572,9.079365079365079,-0.4089060397806211,-7.148706989171698,0.6695804195804196,0.3304195804195804,0.6748251748251748,0,0.4089060397806211
g20_rv1.5_t2_h1_c5,20,1.5,2,1,5,565,8.968253968253968,-0.4109348739777853,-7.273183610226288,0.7008849557522124,0.2991150442477876,0.7008849557522124,0,0.4114057493782826
g10_rv2_t5_h1_c5,10,2.0,5,1,5,522,8.285714285714286,-0.423682869835437,-8.116530073475806,0.5517241379310345,0.4482758620689655,0.5517241379310345,0,0.4239708843932404
g5_rv2_t2_h3_c5,5,2.0,2,3,5,618,9.80952380952381,-0.4276737062666286,-6.920286509168748,0.7944983818770227,0.20550161812297735,0.7944983818770227,0,0.4276737062666286
g10_rv2_t10_h1_c5,10,2.0,10,1,5,522,8.285714285714286,-0.432832420086095,-8.291808813909867,0.4157088122605364,0.5842911877394636,0.43486590038314177,0,0.432832420086095
g5_rv2_t2_h10_c5,5,2.0,2,10,5,585,9.285714285714286,-0.4397212888390176,-7.516603228017396,0.8769230769230769,0.12307692307692308,0.8769230769230769,0,0.4397212888390176
g10_rv1.5_t15_h10_c5,10,1.5,15,10,5,736,11.682539682539682,-0.43985022701297694,-5.9762259105024045,0.71875,0.28125,0.7282608695652174,0,0.443982780392045
g10_rv2_t15_h1_c5,10,2.0,15,1,5,522,8.285714285714286,-0.4401598920033357,-8.432181839144363,0.31800766283524906,0.6819923371647509,0.38122605363984674,0,0.4401598920033357
g20_rv1.5_t10_h1_c5,20,1.5,10,1,5,565,8.968253968253968,-0.4430750114219998,-7.8420356003893765,0.45663716814159294,0.5433628318584071,0.47079646017699117,0,0.4452938360776888
g20_rv1.5_t5_h1_c5,20,1.5,5,1,5,565,8.968253968253968,-0.4436522678999867,-7.852252529203303,0.5876106194690266,0.41238938053097346,0.5876106194690266,0,0.44476274241515623
g0_rv2_t15_h10_c5,0,2.0,15,10,5,578,9.174603174603174,-0.446312472077954,-7.72166906709263,0.6937716262975778,0.3062283737024221,0.7058823529411765,0,0.446312472077954
g0_rv2_t15_h5_c5,0,2.0,15,5,5,639,10.142857142857142,-0.4604669977895791,-7.206056303436293,0.5852895148669797,0.41471048513302033,0.6025039123630673,0,0.4604669977895791
g5_rv2_t15_h3_c5,5,2.0,15,3,5,582,9.238095238095237,-0.4613712378147864,-7.927340855924165,0.5017182130584192,0.49828178694158076,0.5360824742268041,0,0.4625816797591784
g20_rv1.5_t15_h1_c5,20,1.5,15,1,5,565,8.968253968253968,-0.463969698495885,-8.211853070723627,0.3398230088495575,0.6601769911504425,0.40530973451327434,0,0.4644741231894219
g0_rv2_t2_h5_c5,0,2.0,2,5,5,711,11.285714285714286,-0.47010532772181046,-6.61188927878777,0.8255977496483825,0.17440225035161744,0.8255977496483825,0,0.47010532772181046
g5_rv2_t5_h3_c5,5,2.0,5,3,5,611,9.698412698412698,-0.47027020205522185,-7.696729984537183,0.7037643207855974,0.29623567921440264,0.7037643207855974,0,0.47027020205522185
g5_rv2_t5_h10_c5,5,2.0,5,10,5,563,8.936507936507937,-0.49025011311968636,-8.707817284541498,0.8170515097690941,0.18294849023090587,0.8170515097690941,0,0.49025011311968636
g0_rv2_t5_h5_c5,0,2.0,5,5,5,691,10.968253968253968,-0.49042572719233046,-7.097333244462091,0.7597684515195369,0.2402315484804631,0.7597684515195369,0,0.49042572719233046
g5_rv2_t2_h1_c5,5,2.0,2,1,5,653,10.365079365079366,-0.4923443427485573,-7.539729597987095,0.6401225114854517,0.35987748851454826,0.6401225114854517,0,0.4923443427485573
g5_rv2_t10_h10_c5,5,2.0,10,10,5,533,8.46031746031746,-0.49759375398701267,-9.335717710825755,0.7523452157598499,0.24765478424015008,0.7523452157598499,0,0.49759375398701267
g5_rv2_t10_h3_c5,5,2.0,10,3,5,602,9.555555555555555,-0.5052868654739598,-8.393469526145513,0.5897009966777409,0.41029900332225916,0.5980066445182725,0,0.5052868654739598
g0_rv2_t10_h5_c5,0,2.0,10,5,5,665,10.555555555555555,-0.5058213593763423,-7.606336231223193,0.6601503759398496,0.3398496240601504,0.6646616541353384,0,0.5058213593763423
g0_rv2_t2_h3_c5,0,2.0,2,3,5,731,11.603174603174603,-0.5256680149821139,-7.191080916307987,0.7852257181942545,0.21477428180574556,0.7852257181942545,0,0.5256680149821139
g0_rv2_t2_h10_c5,0,2.0,2,10,5,683,10.841269841269842,-0.5277250341951676,-7.7265744391679,0.8711566617862372,0.12884333821376281,0.8711566617862372,0,0.5277250341951676
g10_rv1.5_t15_h5_c5,10,1.5,15,5,5,811,12.873015873015873,-0.535727284860764,-6.605761835521134,0.6115906288532675,0.3884093711467324,0.6226880394574599,0,0.5365697418515958
g5_rv2_t5_h1_c5,5,2.0,5,1,5,653,10.365079365079366,-0.539457947407665,-8.261224309458882,0.5329249617151608,0.4670750382848392,0.5329249617151608,0,0.539457947407665
g5_rv1.5_t15_h10_c5,5,1.5,15,10,5,886,14.063492063492063,-0.5638749986481622,-6.36427763711244,0.6930022573363431,0.30699774266365687,0.7054176072234764,0,0.5689715570350634
g0_rv2_t5_h10_c5,0,2.0,5,10,5,653,10.365079365079366,-0.5643282629640609,-8.642086722267395,0.8162327718223583,0.18376722817764166,0.8162327718223583,0,0.5643282629640609
g20_rv1_t2_h10_c5,20,1.0,2,10,5,924,14.666666666666666,-0.5670618931572239,-6.137033475727531,0.8928571428571429,0.10714285714285714,0.8928571428571429,0,0.5670618931572239
g0_rv2_t15_h3_c5,0,2.0,15,3,5,685,10.873015873015873,-0.5737802843275881,-8.376354515731213,0.4846715328467153,0.5153284671532846,0.5197080291970803,0,0.5737802843275881
g5_rv2_t10_h1_c5,5,2.0,10,1,5,653,10.365079365079366,-0.5754740009126432,-8.812771836334505,0.38437978560490044,0.6156202143950995,0.40275650842266464,0,0.5754740009126432
g20_rv1_t15_h10_c5,20,1.0,15,10,5,807,12.80952380952381,-0.5765142803771568,-7.143919211612847,0.7236679058240396,0.27633209417596033,0.7335811648079306,0,0.5765142803771568
g0_rv2_t2_h1_c5,0,2.0,2,1,5,773,12.26984126984127,-0.5802991559836334,-7.507104217123329,0.6416558861578266,0.35834411384217335,0.6416558861578266,0,0.5802991559836334
g5_rv2_t15_h1_c5,5,2.0,15,1,5,653,10.365079365079366,-0.5851348011306818,-8.960716709505082,0.2894333843797856,0.7105666156202144,0.34915773353751917,0,0.5851348011306818
g0_rv2_t5_h3_c5,0,2.0,5,3,5,719,11.412698412698413,-0.5873876871181143,-8.169508861169879,0.6898470097357441,0.3101529902642559,0.6898470097357441,0,0.5873876871181143
g0_rv2_t10_h10_c5,0,2.0,10,10,5,612,9.714285714285714,-0.5997226597016742,-9.799389864406441,0.7483660130718954,0.25163398692810457,0.7483660130718954,0,0.5997226597016742
g0_rv2_t10_h3_c5,0,2.0,10,3,5,707,11.222222222222221,-0.609806435672411,-8.625267831292943,0.57991513437058,0.4200848656294201,0.5869872701555869,0,0.609806435672411
g20_rv1_t10_h10_c5,20,1.0,10,10,5,840,13.333333333333334,-0.6130586385684068,-7.298317125814367,0.7797619047619048,0.22023809523809523,0.7833333333333333,0,0.6130586385684068
g10_rv1.5_t2_h5_c5,10,1.5,2,5,5,899,14.26984126984127,-0.6173030008600431,-6.866551733704595,0.8320355951056729,0.16796440489432704,0.8320355951056729,0,0.6173030008600431
g10_rv1.5_t2_h10_c5,10,1.5,2,10,5,854,13.555555555555555,-0.6273659884936322,-7.346205954257989,0.8782201405152225,0.12177985948477751,0.8782201405152225,0,0.6281097689557207
g20_rv1_t5_h10_c5,20,1.0,5,10,5,883,14.015873015873016,-0.6292378786475605,-7.1261367910256,0.8493771234428086,0.1506228765571914,0.8493771234428086,0,0.6292378786475605
g5_rv1.5_t15_h5_c5,5,1.5,15,5,5,983,15.603174603174603,-0.6329860902804362,-6.439329504378802,0.590030518819939,0.40996948118006105,0.6103763987792472,0,0.6341997687048436
g20_rv1_t5_h5_c5,20,1.0,5,5,5,946,15.015873015873016,-0.6330408000720842,-6.691763214292645,0.7938689217758985,0.20613107822410148,0.7938689217758985,0,0.6330408000720842
g0_rv2_t5_h1_c5,0,2.0,5,1,5,773,12.26984126984127,-0.6370230730395101,-8.240919444236871,0.5213454075032341,0.47865459249676584,0.5213454075032341,0,0.6370230730395101
g20_rv1_t2_h5_c5,20,1.0,2,5,5,971,15.412698412698413,-0.6408932628829953,-6.60034256316164,0.8444902162718847,0.15550978372811536,0.8444902162718847,0,0.6408932628829953
g20_rv1_t15_h5_c5,20,1.0,15,5,5,891,14.142857142857142,-0.6495482656954532,-7.290103992092629,0.6262626262626263,0.37373737373737376,0.6408529741863075,0,0.6495482656954532
g10_rv1.5_t2_h3_c5,10,1.5,2,3,5,926,14.698412698412698,-0.6532888798683643,-7.054955506137842,0.8023758099352052,0.1976241900647948,0.8023758099352052,0,0.6532888798683643
g10_rv1.5_t5_h5_c5,10,1.5,5,5,5,874,13.873015873015873,-0.6606910547773873,-7.559394219420907,0.7643020594965675,0.23569794050343248,0.7643020594965675,0,0.6606910547773873
g0_rv1.5_t15_h10_c5,0,1.5,15,10,5,1033,16.396825396825395,-0.6612480055133254,-6.401239162762105,0.6844143272023233,0.3155856727976767,0.6999031945788964,0,0.6682743066709794
g20_rv1_t2_h3_c5,20,1.0,2,3,5,1005,15.952380952380953,-0.6659369426608411,-6.626238235431255,0.8159203980099502,0.18407960199004975,0.8159203980099502,0,0.6659369426608411
g10_rv1.5_t10_h5_c5,10,1.5,10,5,5,847,13.444444444444445,-0.668165521113734,-7.888613000162149,0.6706021251475797,0.3293978748524203,0.6729634002361276,0,0.6693165275228079
g20_rv1_t10_h5_c5,20,1.0,10,5,5,919,14.587301587301587,-0.6690437019352096,-7.280127333353749,0.7040261153427638,0.2959738846572361,0.7072905331882481,0,0.6690437019352096
g0_rv2_t10_h1_c5,0,2.0,10,1,5,773,12.26984126984127,-0.6718755219727159,-8.69179200482168,0.3738680465717982,0.6261319534282018,0.3945666235446313,0,0.6718755219727159
g10_rv1.5_t10_h10_c5,10,1.5,10,10,5,769,12.206349206349206,-0.6746475573606381,-8.773050160736517,0.7490247074122237,0.25097529258777634,0.752925877763329,0,0.6773152516611083
g0_rv2_t15_h1_c5,0,2.0,15,1,5,773,12.26984126984127,-0.6830842502614737,-8.836794958104447,0.2794307891332471,0.720569210866753,0.34411384217335056,0,0.6830842502614737
g20_rv1_t5_h3_c5,20,1.0,5,3,5,985,15.634920634920634,-0.6994687794769106,-7.1012058830143205,0.7411167512690355,0.25888324873096447,0.7411167512690355,0,0.6994687794769106
g10_rv1.5_t2_h1_c5,10,1.5,2,1,5,981,15.571428571428571,-0.7052614182629438,-7.189209156604932,0.6615698267074414,0.3384301732925586,0.6615698267074414,0,0.7052614182629438
g10_rv1.5_t5_h10_c5,10,1.5,5,10,5,811,12.873015873015873,-0.7072191254425383,-8.720334469081854,0.8199753390875463,0.18002466091245375,0.8199753390875463,0,0.7086757467089931
g10_rv1.5_t15_h3_c5,10,1.5,15,3,5,870,13.80952380952381,-0.7113026279283838,-8.175892275038896,0.5045977011494253,0.4954022988505747,0.5367816091954023,0,0.7113026279283838
g5_rv1.5_t2_h10_c5,5,1.5,2,10,5,1056,16.761904761904763,-0.7239534926073524,-6.855620195145383,0.8721590909090909,0.1278409090909091,0.8721590909090909,0,0.7239534926073524
g5_rv1.5_t10_h10_c5,5,1.5,10,10,5,930,14.761904761904763,-0.7240309801297915,-7.785279356234317,0.7473118279569892,0.25268817204301075,0.7516129032258064,0,0.7247042693647174
g20_rv1_t10_h3_c5,20,1.0,10,3,5,961,15.253968253968255,-0.7268464457681821,-7.563438561583581,0.6378772112382934,0.36212278876170656,0.6409989594172737,0,0.7268464457681821
g20_rv1_t15_h3_c5,20,1.0,15,3,5,944,14.984126984126984,-0.735785118790604,-7.794333885493687,0.5413135593220338,0.4586864406779661,0.5646186440677966,0,0.735785118790604
g5_rv1.5_t10_h5_c5,5,1.5,10,5,5,1028,16.317460317460316,-0.7398320928779917,-7.19681024200381,0.6624513618677043,0.33754863813229574,0.6682879377431906,0,0.7399789791303295
g5_rv1.5_t2_h5_c5,5,1.5,2,5,5,1115,17.6984126984127,-0.7403666134000152,-6.64005931300462,0.8251121076233184,0.17488789237668162,0.8251121076233184,0,0.7403666134000152
g10_rv1.5_t5_h3_c5,10,1.5,5,3,5,912,14.476190476190476,-0.744126945434036,-8.159286682390746,0.706140350877193,0.29385964912280704,0.706140350877193,0,0.744126945434036
g10_rv1.5_t5_h1_c5,10,1.5,5,1,5,981,15.571428571428571,-0.7651641786045623,-7.799838721759045,0.5443425076452599,0.45565749235474007,0.5443425076452599,0,0.7651641786045623
g10_rv1.5_t10_h3_c5,10,1.5,10,3,5,897,14.238095238095237,-0.7779020780014839,-8.672263968801381,0.5908584169453734,0.40914158305462656,0.600891861761427,0,0.7781858579403148
g20_rv1_t2_h1_c5,20,1.0,2,1,5,1052,16.6984126984127,-0.782529428558126,-7.438492666902339,0.6844106463878327,0.3155893536121673,0.6844106463878327,0,0.782529428558126
g5_rv1.5_t5_h5_c5,5,1.5,5,5,5,1076,17.07936507936508,-0.787278303905202,-7.316712861572509,0.7546468401486989,0.24535315985130113,0.7546468401486989,0,0.787278303905202
g10_rv1.5_t10_h1_c5,10,1.5,10,1,5,981,15.571428571428571,-0.7972948405628281,-8.127368405329543,0.4026503567787971,0.5973496432212029,0.42099898063200814,0,0.7972948405628281
g5_rv1.5_t5_h10_c5,5,1.5,5,10,5,997,15.825396825396826,-0.7996178818496837,-8.020239537108163,0.8164493480441324,0.18355065195586762,0.8164493480441324,0,0.7996178818496837
g20_rv1_t5_h1_c5,20,1.0,5,1,5,1052,16.6984126984127,-0.8092881503674655,-7.6928531403751474,0.5893536121673004,0.41064638783269963,0.5893536121673004,0,0.8092881503674655
g5_rv1.5_t2_h3_c5,5,1.5,2,3,5,1159,18.396825396825395,-0.8192874981310566,-7.068917153848633,0.7886108714408974,0.21138912855910266,0.7886108714408974,0,0.8192874981310566
g10_rv1.5_t15_h1_c5,10,1.5,15,1,5,981,15.571428571428571,-0.8304597165795552,-8.465440535979155,0.29357798165137616,0.7064220183486238,0.35881753312945974,0,0.8304597165795552
g20_rv0_t15_h10_c5,20,0.0,15,10,5,1475,23.41269841269841,-0.8304795980635262,-5.63037015636289,0.7227118644067797,0.27728813559322035,0.7328813559322034,0,0.8282763653563143
g0_rv1.5_t15_h5_c5,0,1.5,15,5,5,1179,18.714285714285715,-0.8380499937875739,-7.108142440946344,0.5657336726039016,0.4342663273960984,0.5903307888040712,0,0.8387564531420126
g0_rv1.5_t10_h10_c5,0,1.5,10,10,5,1103,17.50793650793651,-0.8466765314238853,-7.676124491603675,0.7479601087941976,0.25203989120580234,0.7506799637352675,0,0.8479606096560036
g5_rv1.5_t15_h3_c5,5,1.5,15,3,5,1070,16.984126984126984,-0.8672467613939546,-8.105109919569669,0.4803738317757009,0.5196261682242991,0.514018691588785,0,0.8672467613939546
g20_rv1_t10_h1_c5,20,1.0,10,1,5,1052,16.6984126984127,-0.8676376035579401,-8.247505737242776,0.42775665399239543,0.5722433460076045,0.4439163498098859,0,0.8676376035579401
g10_rv1_t15_h10_c5,10,1.0,15,10,5,1307,20.746031746031747,-0.900331441212518,-6.888534362758362,0.6962509563886764,0.30374904361132365,0.7069625095638867,0,0.900331441212518
g20_rv1_t15_h1_c5,20,1.0,15,1,5,1052,16.6984126984127,-0.9029596706049452,-8.583266830845487,0.311787072243346,0.688212927756654,0.373574144486692,0,0.9029596706049452
g5_rv1.5_t2_h1_c5,5,1.5,2,1,5,1238,19.650793650793652,-0.9071394299671708,-7.327459046584578,0.6405492730210016,0.3594507269789984,0.6405492730210016,0,0.9071394299671708
g0_rv1.5_t2_h10_c5,0,1.5,2,10,5,1265,20.07936507936508,-0.9088465058201367,-7.18455735826195,0.8648221343873518,0.13517786561264822,0.8648221343873518,0,0.9088465058201367
g0_rv1.5_t2_h5_c5,0,1.5,2,5,5,1352,21.46031746031746,-0.9144118643607568,-6.763401363615065,0.8180473372781065,0.1819526627218935,0.8180473372781065,0,0.9144118643607568
g5_rv1.5_t10_h3_c5,5,1.5,10,3,5,1102,17.49206349206349,-0.9182935361452355,-8.332972197325185,0.5762250453720508,0.4237749546279492,0.588021778584392,0,0.9182935361452355
g20_rv0_t10_h10_c5,20,0.0,10,10,5,1564,24.825396825396826,-0.9190928332798084,-5.876552642454018,0.7851662404092071,0.21483375959079284,0.7883631713554987,0,0.9184497035858287
g0_rv1.5_t10_h5_c5,0,1.5,10,5,5,1233,19.571428571428573,-0.9270736709326711,-7.518845668553699,0.6463909164639091,0.35360908353609083,0.6545012165450121,0,0.9272602364287974
g5_rv1.5_t5_h3_c5,5,1.5,5,3,5,1138,18.063492063492063,-0.9374909145992264,-8.238057246038895,0.687170474516696,0.31282952548330406,0.687170474516696,0,0.9374909145992264
g0_rv1.5_t5_h5_c5,0,1.5,5,5,5,1295,20.555555555555557,-0.9413842442555,-7.2693764035173745,0.7482625482625482,0.2517374517374517,0.7482625482625482,0,0.9413842442555
g0_rv1.5_t5_h10_c5,0,1.5,5,10,5,1180,18.73015873015873,-0.9425759975867913,-7.98793218293891,0.8135593220338984,0.1864406779661017,0.8135593220338984,0,0.9426722228387756
g5_rv1.5_t5_h1_c5,5,1.5,5,1,5,1238,19.650793650793652,-0.9736523672480828,-7.864720252407777,0.5210016155088854,0.4789983844911147,0.5210016155088854,0,0.9736523672480828
g20_rv0_t2_h10_c5,20,0.0,2,10,5,1795,28.49206349206349,-0.9738426534311264,-5.425307261454743,0.898050139275766,0.10194986072423398,0.898050139275766,0,0.9735541106165496
g20_rv0_t5_h10_c5,20,0.0,5,10,5,1681,26.682539682539684,-0.9808522562097646,-5.834933112491163,0.8524687685901249,0.14753123140987506,0.8524687685901249,0,0.9805014747733205
g20_rv0_t15_h5_c5,20,0.0,15,5,5,1682,26.6984126984127,-0.9970966642573297,-5.928041999151782,0.6200951248513674,0.3799048751486326,0.6397146254458977,0,0.9970344170242689
g20_rv0_t10_h5_c5,20,0.0,10,5,5,1743,27.666666666666668,-1.0113269279259585,-5.802219896304982,0.7091222030981067,0.2908777969018933,0.7114170969592656,0,1.0116258499699406
g5_rv1.5_t10_h1_c5,5,1.5,10,1,5,1238,19.650793650793652,-1.016189713168894,-8.208317553868287,0.3780290791599354,0.6219709208400647,0.39579967689822293,0,1.016189713168894
g0_rv1.5_t2_h3_c5,0,1.5,2,3,5,1409,22.365079365079364,-1.0270571552830097,-7.289262989943291,0.7757274662881476,0.22427253371185238,0.7757274662881476,0,1.0270571552830097
g10_rv1_t10_h10_c5,10,1.0,10,10,5,1382,21.936507936507937,-1.0351074715653878,-7.489923817405122,0.7547033285094067,0.24529667149059334,0.7597684515195369,0,1.0351074715653878
g20_rv0_t5_h5_c5,20,0.0,5,5,5,1823,28.936507936507937,-1.0486149537532699,-5.7521390770886995,0.7975863960504662,0.20241360394953373,0.7975863960504662,0,1.0498397549118403
g5_rv1.5_t15_h1_c5,5,1.5,15,1,5,1238,19.650793650793652,-1.0605519375041506,-8.56665539179443,0.2689822294022617,0.7310177705977383,0.33360258481421645,0,1.0605519375041503
g20_rv0_t2_h5_c5,20,0.0,2,5,5,1899,30.142857142857142,-1.067368033173182,-5.620684745514387,0.8551869404949973,0.14481305950500264,0.8551869404949973,0,1.068563400391953
g20_rv0_t2_h3_c5,20,0.0,2,3,5,1974,31.333333333333332,-1.1089217813758314,-5.617638203524982,0.828774062816616,0.171225937183384,0.828774062816616,0,1.1093688234113133
g0_rv1.5_t2_h1_c5,0,1.5,2,1,5,1503,23.857142857142858,-1.1097915235930034,-7.383842472342005,0.6287425149700598,0.3712574850299401,0.6287425149700598,0,1.1097915235930031
g0_rv1.5_t15_h3_c5,0,1.5,15,3,5,1285,20.396825396825395,-1.1098987302102086,-8.637344203970494,0.46070038910505834,0.5392996108949416,0.49571984435797667,0,1.1098987302102088
g10_rv1_t5_h10_c5,10,1.0,5,10,5,1504,23.873015873015873,-1.123716084819936,-7.471516521409149,0.824468085106383,0.17553191489361702,0.824468085106383,0,1.123716084819936
g10_rv1_t2_h10_c5,10,1.0,2,10,5,1614,25.61904761904762,-1.1297132274038963,-6.999462375488825,0.8736059479553904,0.12639405204460966,0.8736059479553904,0,1.1297132274038963
g0_rv1.5_t10_h3_c5,0,1.5,10,3,5,1323,21.0,-1.1367392535534213,-8.592133435777939,0.563869992441421,0.436130007558579,0.5729402872260015,0,1.1366344141359273
g10_rv1_t15_h5_c5,10,1.0,15,5,5,1503,23.857142857142858,-1.1391315495846506,-7.579052226112113,0.5881570192947438,0.41184298070525616,0.6074517631403858,0,1.1391315495846506
g0_rv1.5_t5_h3_c5,0,1.5,5,3,5,1372,21.77777777777778,-1.1495424266133303,-8.37858911525751,0.6763848396501457,0.3236151603498542,0.6763848396501457,0,1.1495424266133305
g10_rv1_t5_h5_c5,10,1.0,5,5,5,1666,26.444444444444443,-1.1687156333668705,-7.015099840137277,0.7683073229291717,0.23169267707082833,0.7683073229291717,0,1.1687156333668707
g5_rv1_t15_h10_c5,5,1.0,15,10,5,1543,24.49206349206349,-1.1764746668823758,-7.624592786016693,0.6746597537265068,0.32534024627349317,0.6869734283862605,0,1.176474666882376
g20_rv0_t5_h3_c5,20,0.0,5,3,5,1921,30.49206349206349,-1.1793198272291603,-6.139093322379804,0.7449245184799583,0.25507548152004167,0.7449245184799583,0,1.181816162898907
g10_rv1_t2_h5_c5,10,1.0,2,5,5,1733,27.50793650793651,-1.1807795041268312,-6.813499735296198,0.8303519907674553,0.16964800923254472,0.8303519907674553,0,1.1807795041268312
g0_rv1.5_t5_h1_c5,0,1.5,5,1,5,1503,23.857142857142858,-1.181289955928945,-7.859547278303027,0.5036593479707252,0.4963406520292748,0.5036593479707252,0,1.181289955928945
g10_rv1_t2_h3_c5,10,1.0,2,3,5,1801,28.58730158730159,-1.1852900223180107,-6.581288297157195,0.7973348139922265,0.20266518600777345,0.7973348139922265,0,1.1852900223180107
g0_rv1_t15_h10_c5,0,1.0,15,10,5,1741,27.634920634920636,-1.2030512519238998,-6.910116323514646,0.6777713957495692,0.32222860425043076,0.688110281447444,0,1.1999011657099352
g0_rv1_t10_h10_c5,0,1.0,10,10,5,1924,30.53968253968254,-1.2123210699374534,-6.3010450620449765,0.7567567567567568,0.24324324324324326,0.7598752598752598,0,1.2123210699374534
g0_rv1.5_t10_h1_c5,0,1.5,10,1,5,1503,23.857142857142858,-1.2310434601726858,-8.190575250649939,0.36127744510978044,0.6387225548902196,0.3805721889554225,0,1.2310434601726854
g10_rv1_t5_h3_c5,10,1.0,5,3,5,1757,27.88888888888889,-1.2531937611296557,-7.132576898859737,0.7114399544678429,0.2885600455321571,0.7114399544678429,0,1.2531937611296555
g5_rv1_t5_h10_c5,5,1.0,5,10,5,1856,29.46031746031746,-1.2578170852556176,-6.777031709351388,0.8259698275862069,0.1740301724137931,0.8259698275862069,0,1.2578170852556174
g10_rv1_t10_h5_c5,10,1.0,10,5,5,1569,24.904761904761905,-1.2591918919982956,-8.02544226895026,0.6666666666666666,0.3333333333333333,0.6698534098151689,0,1.2591918919982954
g5_rv1_t10_h10_c5,5,1.0,10,10,5,1677,26.61904761904762,-1.2598510111645045,-7.512528390963055,0.7447823494335122,0.25521765056648776,0.7489564698867024,0,1.2598510111645045
g20_rv0_t10_h3_c5,20,0.0,10,3,5,1860,29.523809523809526,-1.261410240049365,-6.781775484136371,0.6301075268817204,0.36989247311827955,0.6365591397849463,0,1.2672101523125332
g5_rv1_t2_h10_c5,5,1.0,2,10,5,2002,31.77777777777778,-1.2660924379267193,-6.324138051582015,0.8726273726273727,0.12737262737262736,0.8726273726273727,0,1.2660924379267195
g20_rv0_t15_h3_c5,20,0.0,15,3,5,1823,28.936507936507937,-1.2771517312556953,-7.005769233437714,0.5255074053757542,0.47449259462424576,0.5556774547449259,0,1.2831853985982764
g0_rv1.5_t15_h1_c5,0,1.5,15,1,5,1503,23.857142857142858,-1.279957469901292,-8.51601776381432,0.25615435795076513,0.7438456420492349,0.32202262142381904,0,1.2799574699012919
g10_rv1_t15_h3_c5,10,1.0,15,3,5,1646,26.126984126984127,-1.2901600423685735,-7.838153355823655,0.4908869987849332,0.5091130012150669,0.5255164034021871,0,1.2901600423685735
g20_rv0_t2_h1_c5,20,0.0,2,1,5,2077,32.96825396825397,-1.2968625299653982,-6.2439216656976315,0.7038998555609052,0.2961001444390948,0.7038998555609052,0,1.300262816129316
g10_rv1_t10_h3_c5,10,1.0,10,3,5,1698,26.952380952380953,-1.3536653330841633,-7.972116213687652,0.5889281507656066,0.4110718492343934,0.5971731448763251,0,1.3536653330841633
g10_rv1_t2_h1_c5,10,1.0,2,1,5,1949,30.936507936507937,-1.3930784709055284,-7.147657623938062,0.6567470497691124,0.34325295023088764,0.6567470497691124,0,1.3930784709055288
g0_rv1_t5_h10_c5,0,1.0,5,10,5,2145,34.04761904761905,-1.411024332385965,-6.5782020157853855,0.8228438228438228,0.17715617715617715,0.8228438228438228,0,1.4110243323859648
g5_rv1_t5_h5_c5,5,1.0,5,5,5,2077,32.96825396825397,-1.4136560993538758,-6.806240247250244,0.7583052479537795,0.2416947520462205,0.7583052479537795,0,1.4136560993538758
g5_rv1_t2_h5_c5,5,1.0,2,5,5,2179,34.58730158730159,-1.4390665010888117,-6.604251955432821,0.8228545204222121,0.17714547957778798,0.8228545204222121,0,1.4390665010888122
g20_rv0_t5_h1_c5,20,0.0,5,1,5,2077,32.96825396825397,-1.4555232523079134,-7.007815369802183,0.5830524795377949,0.4169475204622051,0.5830524795377949,0,1.464316224853734
g5_rv1_t15_h5_c5,5,1.0,15,5,5,1841,29.22222222222222,-1.4557797431890842,-7.907548849479002,0.5562194459532862,0.44378055404671374,0.5822922324823465,0,1.4557797431890847
g10_rv1_t5_h1_c5,10,1.0,5,1,5,1949,30.936507936507937,-1.4629883733175344,-7.506353890803152,0.538737814263725,0.46126218573627503,0.538737814263725,0,1.462988373317534
g5_rv1_t10_h5_c5,5,1.0,10,5,5,1944,30.857142857142858,-1.4825885618630519,-7.626484371723518,0.6486625514403292,0.3513374485596708,0.654835390946502,0,1.4825885618630519
g0_rv1_t2_h10_c5,0,1.0,2,10,5,2342,37.17460317460318,-1.492674950140486,-6.373505337918386,0.8689154568744663,0.13108454312553372,0.8689154568744663,0,1.4926749501404857
g10_rv0_t15_h10_c5,10,0.0,15,10,5,2463,39.095238095238095,-1.5048926531663698,-6.109998591824482,0.682907023954527,0.317092976045473,0.6950872919204223,0,1.5095686182102404
g5_rv1_t2_h3_c5,5,1.0,2,3,5,2290,36.34920634920635,-1.5076433474903745,-6.583595403888098,0.7812227074235808,0.2187772925764192,0.7812227074235808,0,1.5076433474903745
g5_rv1_t5_h3_c5,5,1.0,5,3,5,2222,35.26984126984127,-1.5774577496510567,-7.099269800409796,0.693969396939694,0.30603060306030605,0.693969396939694,0,1.5774577496510567
g5_rv1_t10_h3_c5,5,1.0,10,3,5,2120,33.65079365079365,-1.5925109680885423,-7.511844189096897,0.5745283018867925,0.42547169811320756,0.5830188679245283,0,1.592510968088542
g0_rv1_t15_h5_c5,0,1.0,15,5,5,2130,33.80952380952381,-1.5954112171418606,-7.490193507708266,0.5507042253521127,0.44929577464788734,0.5826291079812207,0,1.5954112171418608
g10_rv1_t10_h1_c5,10,1.0,10,1,5,1949,30.936507936507937,-1.5997300225082332,-8.207952911791859,0.3719856336582863,0.6280143663417137,0.39148281169830684,0,1.5997300225082327
g5_rv1_t15_h3_c5,5,1.0,15,3,5,2044,32.44444444444444,-1.6343936970696453,-7.996055269420965,0.4608610567514677,0.5391389432485323,0.4965753424657534,0,1.634393697069645
g0_rv1_t10_h5_c5,0,1.0,10,5,5,2271,36.04761904761905,-1.6519847714312366,-7.274261432986511,0.647732276530163,0.3522677234698371,0.655217965653897,0,1.6519847714312363
g20_rv0_t10_h1_c5,20,0.0,10,1,5,2077,32.96825396825397,-1.652431397035079,-7.955856509557434,0.41405873856523834,0.5859412614347617,0.42946557534906116,0,1.6650026363598143
g10_rv1_t15_h1_c5,10,1.0,15,1,5,1949,30.936507936507937,-1.6726993074469674,-8.582346369661197,0.2591072344792201,0.7408927655207799,0.3288866085171883,0,1.6726993074469672
g10_rv0_t10_h10_c5,10,0.0,10,10,5,2710,43.01587301587302,-1.6937685706640961,-6.250068526435779,0.7538745387453875,0.24612546125461254,0.7586715867158672,0,1.702261805988667
g0_rv1_t5_h5_c5,0,1.0,5,5,5,2471,39.22222222222222,-1.7090917491616953,-6.916599551443525,0.7507082152974505,0.24929178470254956,0.7507082152974505,0,1.7090917491616953
g20_rv0_t15_h1_c5,20,0.0,15,1,5,2077,32.96825396825397,-1.7263781255863355,-8.311883127522078,0.2994703899855561,0.7005296100144439,0.36013480982185847,0,1.741453994741012
g0_rv1_t2_h5_c5,0,1.0,2,5,5,2605,41.34920634920635,-1.732173950565632,-6.649420155722196,0.8161228406909788,0.18387715930902113,0.8161228406909788,0,1.7321739505656315
g0_rv1_t10_h3_c5,0,1.0,10,3,5,2515,39.92063492063492,-1.8108684998639408,-7.200272365264178,0.5666003976143141,0.43339960238568587,0.5765407554671969,0,1.8108684998639406
g0_rv1_t2_h3_c5,0,1.0,2,3,5,2763,43.857142857142854,-1.8335348989252647,-6.636029312071171,0.7734346724574738,0.22656532754252623,0.7734346724574738,0,1.8335348989252649
g5_rv1_t2_h1_c5,5,1.0,2,1,5,2531,40.17460317460318,-1.8495822410941298,-7.307713319218213,0.6329514026076649,0.36704859739233503,0.6329514026076649,0,1.8495822410941294
g5_rv0_t15_h10_c5,5,0.0,15,10,5,2905,46.111111111111114,-1.8663613643353454,-6.42465185657606,0.6750430292598967,0.32495697074010327,0.6874354561101549,0,1.8866827912005735
g0_rv1_t5_h3_c5,0,1.0,5,3,5,2665,42.301587301587304,-1.8664209010466077,-7.003455538636427,0.6900562851782364,0.3099437148217636,0.6900562851782364,0,1.8664209010466082
g0_rv1_t15_h3_c5,0,1.0,15,3,5,2430,38.57142857142857,-1.9056379897014395,-7.84213164486189,0.44897119341563785,0.5510288065843622,0.4901234567901235,0,1.9056379897014386
g10_rv0_t5_h10_c5,10,0.0,5,10,5,3058,48.53968253968254,-1.9060341436299648,-6.232943569751357,0.8293001962066711,0.17069980379332897,0.8293001962066711,0,1.92474256762509
g5_rv1_t5_h1_c5,5,1.0,5,1,5,2531,40.17460317460318,-1.9444979601504189,-7.682726037733776,0.51244567364678,0.48755432635322005,0.51244567364678,0,1.9444979601504189
g10_rv0_t2_h10_c5,10,0.0,2,10,5,3377,53.6031746031746,-2.048831623238704,-6.067016947701226,0.8803671898134439,0.11963281018655611,0.8803671898134439,0,2.0509185984655387
g5_rv0_t10_h10_c5,5,0.0,10,10,5,3263,51.79365079365079,-2.061968443632044,-6.3192413228073665,0.7471651854121973,0.25283481458780266,0.7499233833895188,0,2.096358212110066
g10_rv0_t15_h5_c5,10,0.0,15,5,5,3045,48.333333333333336,-2.111348467319627,-6.933820910737691,0.5605911330049261,0.43940886699507387,0.5865353037766831,0,2.1359412301901037
g5_rv1_t10_h1_c5,5,1.0,10,1,5,2531,40.17460317460318,-2.120124079531891,-8.376626153820194,0.34650335835638085,0.6534966416436191,0.3662583958909522,0,2.120124079531891
g10_rv0_t5_h5_c5,10,0.0,5,5,5,3526,55.96825396825397,-2.229345873413841,-6.322591813425528,0.7648893930799773,0.2351106069200227,0.7648893930799773,0,2.2575634308769805
g0_rv0_t15_h10_c5,0,0.0,15,10,5,3211,50.96825396825397,-2.2354847460943303,-6.9619581005740585,0.6636561818748054,0.33634381812519465,0.6754905014014326,0,2.2934613393418255
g5_rv1_t15_h1_c5,5,1.0,15,1,5,2531,40.17460317460318,-2.238639474527087,-8.844881369131123,0.2299486369024101,0.7700513630975899,0.305807981035164,0,2.238639474527087
g10_rv0_t2_h5_c5,10,0.0,2,5,5,3761,59.698412698412696,-2.2616996052357106,-6.013559173718985,0.8364796596649827,0.16352034033501728,0.8364796596649827,0,2.276761606229054
g10_rv0_t10_h5_c5,10,0.0,10,5,5,3237,51.38095238095238,-2.2814157060707645,-7.047932363517962,0.6561631139944393,0.3438368860055607,0.6611059623107816,0,2.309161044244324
g5_rv0_t5_h10_c5,5,0.0,5,10,5,3784,60.06349206349206,-2.3721539246133116,-6.26890572043687,0.8255813953488372,0.1744186046511628,0.8255813953488372,0,2.447928984995099
g0_rv0_t10_h10_c5,0,0.0,10,10,5,3633,57.666666666666664,-2.3855320745151705,-6.5662870204105985,0.740710156895128,0.259289843104872,0.7431874483897605,0,2.4804447680728217
g0_rv1_t2_h1_c5,0,1.0,2,1,5,3135,49.76190476190476,-2.388798073140038,-7.619770568229787,0.6121212121212121,0.3878787878787879,0.6121212121212121,0,2.3887980731400384
g10_rv0_t2_h3_c5,10,0.0,2,3,5,4023,63.857142857142854,-2.4022980696804415,-5.971409569178329,0.7949291573452647,0.20507084265473527,0.7949291573452647,0,2.4163701062488676
g0_rv1_t5_h1_c5,0,1.0,5,1,5,3135,49.76190476190476,-2.5343828627372442,-8.08415586200078,0.4851674641148325,0.5148325358851674,0.4851674641148325,0,2.534382862737245
g10_rv0_t5_h3_c5,10,0.0,5,3,5,3871,61.44444444444444,-2.5405331842684706,-6.5629893677821505,0.7003358305347456,0.2996641694652545,0.7003358305347456,0,2.5687157663924745
g5_rv0_t2_h10_c5,5,0.0,2,10,5,4256,67.55555555555556,-2.6537621897171837,-6.235343490876842,0.8717105263157895,0.12828947368421054,0.8717105263157895,0,2.694166305583617
g10_rv0_t10_h3_c5,10,0.0,10,3,5,3665,58.17460317460318,-2.707660574706836,-7.387886970550712,0.5697135061391542,0.43028649386084583,0.5789904502046385,0,2.74618981757214
g0_rv1_t10_h1_c5,0,1.0,10,1,5,3135,49.76190476190476,-2.7160079658878664,-8.663502283533864,0.3259968102073365,0.6740031897926635,0.3496012759170654,0,2.716007965887866
g10_rv0_t15_h3_c5,10,0.0,15,3,5,3525,55.95238095238095,-2.720688747771393,-7.718265951124518,0.45872340425531916,0.5412765957446809,0.4975886524822695,0,2.7607643877624755
g0_rv0_t5_h10_c5,0,0.0,5,10,5,4309,68.39682539682539,-2.7207757041717446,-6.314169654610686,0.8182873056393595,0.18171269436064053,0.8182873056393595,0,2.8676335457553486
g0_rv1_t15_h1_c5,0,1.0,15,1,5,3135,49.76190476190476,-2.853556922366674,-9.102254935778864,0.21499202551834132,0.7850079744816587,0.2934609250398724,0,2.853556922366674
g0_rv0_t2_h10_c5,0,0.0,2,10,5,4949,78.55555555555556,-2.900702389227725,-5.861188905289403,0.8708830066680138,0.12911699333198626,0.8708830066680138,0,2.9957314090624783
g5_rv0_t15_h5_c5,5,0.0,15,5,5,3796,60.25396825396825,-2.9042570272883497,-7.650835161455084,0.5384615384615384,0.46153846153846156,0.5634878819810326,0,2.932728189688097
g5_rv0_t5_h5_c5,5,0.0,5,5,5,4548,72.19047619047619,-2.92622423241035,-6.434090220779133,0.7535180299032542,0.24648197009674583,0.7535180299032542,0,3.021963257374013
g5_rv0_t10_h5_c5,5,0.0,10,5,5,4089,64.9047619047619,-2.9364000491342357,-7.18121802184944,0.6368305209097579,0.3631694790902421,0.6424553680606505,0,3.0021113785347007
g10_rv0_t2_h1_c5,10,0.0,2,1,5,4489,71.25396825396825,-2.987441818263102,-6.655027440995996,0.6429048785921141,0.35709512140788596,0.6429048785921141,0,3.0707277405567495
g5_rv0_t2_h5_c5,5,0.0,2,5,5,4911,77.95238095238095,-3.0688235649746414,-6.248877143096398,0.8220321726735899,0.1779678273264101,0.8220321726735899,0,3.13919884633397
g0_rv0_t10_h5_c5,0,0.0,10,5,5,4730,75.07936507936508,-3.185420747282789,-6.734504751126404,0.6405919661733616,0.3594080338266385,0.647568710359408,0,3.3208751125359446
g10_rv0_t5_h1_c5,10,0.0,5,1,5,4489,71.25396825396825,-3.3110918338497317,-7.376012104811164,0.511249721541546,0.488750278458454,0.511249721541546,0,3.4205274527569705
g5_rv0_t2_h3_c5,5,0.0,2,3,5,5360,85.07936507936508,-3.3356238127604096,-6.223178755150018,0.7759328358208956,0.22406716417910447,0.7759328358208956,0,3.419923910577785
g0_rv0_t15_h5_c5,0,0.0,15,5,5,4345,68.96825396825396,-3.379417288752869,-7.777715279062988,0.5307249712313004,0.46927502876869964,0.5576524741081703,0,3.5200082077997155
g0_rv0_t5_h5_c5,0,0.0,5,5,5,5356,85.01587301587301,-3.4037159890864075,-6.354958904194189,0.748319641523525,0.25168035847647496,0.748319641523525,0,3.561100528937104
g5_rv0_t5_h3_c5,5,0.0,5,3,5,5094,80.85714285714286,-3.4288406136146126,-6.7311358728202055,0.6833529642716922,0.3166470357283078,0.6833529642716922,0,3.530870011161498
g5_rv0_t10_h3_c5,5,0.0,10,3,5,4756,75.4920634920635,-3.5131451564803866,-7.386764416485253,0.5496215306980656,0.4503784693019344,0.5603448275862069,0,3.6105636020129728
g0_rv0_t2_h5_c5,0,0.0,2,5,5,5926,94.06349206349206,-3.525875756720767,-5.949840966454214,0.8211272359095512,0.17887276409044886,0.8211272359095512,0,3.6366847151594777
g5_rv0_t15_h3_c5,5,0.0,15,3,5,4538,72.03174603174604,-3.6877916922834295,-8.126469132400683,0.43102688408990747,0.5689731159100926,0.4713530189510798,0,3.7524801711806695
g10_rv0_t10_h1_c5,10,0.0,10,1,5,4489,71.25396825396825,-3.7255234375544575,-8.299227974057603,0.3415014479839608,0.6584985520160392,0.3653374916462464,0,3.8056653607158375
g10_rv0_t15_h1_c5,10,0.0,15,1,5,4489,71.25396825396825,-3.9289955929107983,-8.752496308556022,0.23078636667409222,0.7692136333259078,0.30541323234573403,0,4.03114664591227
g0_rv0_t10_h3_c5,0,0.0,10,3,5,5657,89.7936507936508,-3.9728167910113177,-7.0228332879818245,0.5432207884037475,0.45677921159625245,0.5559483825349125,0,4.234412790893031
g0_rv0_t2_h3_c5,0,0.0,2,3,5,6570,104.28571428571429,-4.0482978674205565,-6.161792796682735,0.7668188736681887,0.23318112633181126,0.7668188736681887,0,4.215144507519079
g0_rv0_t5_h3_c5,0,0.0,5,3,5,6133,97.34920634920636,-4.090595595588905,-6.669811830407475,0.674547529757052,0.325452470242948,0.674547529757052,0,4.3452820581879115
g0_rv0_t15_h3_c5,0,0.0,15,3,5,5373,85.28571428571429,-4.248057175979719,-7.906304068452855,0.4193188163037409,0.5806811836962591,0.4615670947329239,0,4.442049466149311
g5_rv0_t2_h1_c5,5,0.0,2,1,5,6280,99.68253968253968,-4.339706259473422,-6.910360285785704,0.6159235668789809,0.38407643312101913,0.6159235668789809,0,4.525555181063206
g5_rv0_t5_h1_c5,5,0.0,5,1,5,6280,99.68253968253968,-4.753542277662621,-7.5693348370423905,0.48439490445859873,0.5156050955414013,0.48439490445859873,0,4.997405788337935
g5_rv0_t10_h1_c5,5,0.0,10,1,5,6280,99.68253968253968,-5.340256712830376,-8.503593491768115,0.3106687898089172,0.6893312101910828,0.3374203821656051,0,5.553420798295129
g5_rv0_t15_h1_c5,5,0.0,15,1,5,6280,99.68253968253968,-5.640525733711057,-8.981728875336078,0.20031847133757963,0.7996815286624204,0.28264331210191085,0,5.914343113197741
g0_rv0_t2_h1_c5,0,0.0,2,1,5,8085,128.33333333333334,-5.640635957617295,-6.976667851103643,0.5983920841063698,0.40160791589363015,0.5983920841063698,0,5.977680231789554
g0_rv0_t5_h1_c5,0,0.0,5,1,5,8085,128.33333333333334,-6.231803018533094,-7.707857784209146,0.45912183055040195,0.540878169449598,0.45912183055040195,0,6.716709724229082
g0_rv0_t10_h1_c5,0,0.0,10,1,5,8085,128.33333333333334,-6.851531806366459,-8.474374528591786,0.2923933209647495,0.7076066790352504,0.321830550401979,0,7.307719536427071
g0_rv0_t15_h1_c5,0,0.0,15,1,5,8085,128.33333333333334,-7.2271204630162345,-8.938924505895157,0.18552875695732837,0.8144712430426716,0.26975881261595547,0,7.7868100557010145
