date,pair,symbol,signal_ts,entry_ts,exit_ts,gross_return,signal_strength,signal_et,time_bucket,impulse_bucket_bp
2019-07-31,QQQ_TQQQ_SQQQ,SQQQ,2019-07-31 18:54:00+00:00,2019-07-31 18:55:00+00:00,2019-07-31 19:10:00+00:00,-0.017963525835866245,0.006382529802721804,2019-07-31 14:54:00-04:00,1400_1540,60_100
2019-08-13,QQQ_TQQQ_SQQQ,SQQQ,2019-08-13 13:46:00+00:00,2019-08-13 13:47:00+00:00,2019-08-13 14:02:00+00:00,-0.022435897435897578,0.004855595251567868,2019-08-13 09:46:00-04:00,pre1000,40_60
2019-08-23,QQQ_TQQQ_SQQQ,TQQQ,2019-08-23 15:00:00+00:00,2019-08-23 15:01:00+00:00,2019-08-23 15:16:00+00:00,-0.027477102414654397,0.005116179918993713,2019-08-23 11:00:00-04:00,1000_1200,40_60
2019-09-12,QQQ_TQQQ_SQQQ,SQQQ,2019-09-12 14:10:00+00:00,2019-09-12 14:11:00+00:00,2019-09-12 14:26:00+00:00,-0.00033200531208499307,0.004442148760330555,2019-09-12 10:10:00-04:00,1000_1200,40_60
2019-09-18,QQQ_TQQQ_SQQQ,TQQQ,2019-09-18 18:01:00+00:00,2019-09-18 18:02:00+00:00,2019-09-18 18:17:00+00:00,-0.006802827842161907,0.004324042719458077,2019-09-18 14:01:00-04:00,1400_1540,40_60
2019-09-20,QQQ_TQQQ_SQQQ,TQQQ,2019-09-20 17:13:00+00:00,2019-09-20 17:14:00+00:00,2019-09-20 17:29:00+00:00,-0.0009417673834563045,0.0048955783552939725,2019-09-20 13:13:00-04:00,1200_1400,40_60
2019-09-24,QQQ_TQQQ_SQQQ,SQQQ,2019-09-24 18:12:00+00:00,2019-09-24 18:13:00+00:00,2019-09-24 18:28:00+00:00,-0.006954944058058521,0.005092132671046468,2019-09-24 14:12:00-04:00,1400_1540,40_60
2019-10-03,QQQ_TQQQ_SQQQ,TQQQ,2019-10-03 14:00:00+00:00,2019-10-03 14:01:00+00:00,2019-10-03 14:16:00+00:00,-0.004436670254754249,0.0075498343381674715,2019-10-03 10:00:00-04:00,1000_1200,60_100
2019-10-08,QQQ_TQQQ_SQQQ,TQQQ,2019-10-08 18:57:00+00:00,2019-10-08 18:58:00+00:00,2019-10-08 19:13:00+00:00,-0.0003396162336559705,0.006772249773369654,2019-10-08 14:57:00-04:00,1400_1540,60_100
2020-01-30,QQQ_TQQQ_SQQQ,TQQQ,2020-01-30 19:43:00+00:00,2020-01-30 19:44:00+00:00,2020-01-30 19:59:00+00:00,0.008016657990629783,0.004195425632697147,2020-01-30 14:43:00-05:00,1400_1540,40_60
2020-02-27,QQQ_TQQQ_SQQQ,SQQQ,2020-02-27 15:36:00+00:00,2020-02-27 15:37:00+00:00,2020-02-27 15:52:00+00:00,-0.020104895104894993,0.004497570830727771,2020-02-27 10:36:00-05:00,1000_1200,40_60
2020-02-27,QQQ_TQQQ_SQQQ,TQQQ,2020-02-27 18:42:00+00:00,2020-02-27 18:43:00+00:00,2020-02-27 18:58:00+00:00,0.010350920245398632,0.004824976348155152,2020-02-27 13:42:00-05:00,1200_1400,40_60
2020-02-28,QQQ_TQQQ_SQQQ,TQQQ,2020-02-28 14:44:00+00:00,2020-02-28 14:45:00+00:00,2020-02-28 15:00:00+00:00,-0.01926469751294746,0.006187199920803854,2020-02-28 09:44:00-05:00,pre1000,60_100
2020-02-28,QQQ_TQQQ_SQQQ,SQQQ,2020-02-28 15:05:00+00:00,2020-02-28 15:06:00+00:00,2020-02-28 15:21:00+00:00,-0.016352713178294564,0.006881454985137703,2020-02-28 10:05:00-05:00,1000_1200,60_100
2020-02-28,QQQ_TQQQ_SQQQ,TQQQ,2020-02-28 15:29:00+00:00,2020-02-28 15:30:00+00:00,2020-02-28 15:45:00+00:00,0.0077147016011644975,0.005839234068016341,2020-02-28 10:29:00-05:00,1000_1200,40_60
2020-02-28,QQQ_TQQQ_SQQQ,TQQQ,2020-02-28 17:45:00+00:00,2020-02-28 17:46:00+00:00,2020-02-28 18:01:00+00:00,0.02983651226158024,0.004157089059519725,2020-02-28 12:45:00-05:00,1200_1400,40_60
2020-02-28,QQQ_TQQQ_SQQQ,TQQQ,2020-02-28 18:40:00+00:00,2020-02-28 18:41:00+00:00,2020-02-28 18:56:00+00:00,-0.0052053372639419004,0.004101601106938246,2020-02-28 13:40:00-05:00,1200_1400,40_60
2020-02-28,QQQ_TQQQ_SQQQ,SQQQ,2020-02-28 19:21:00+00:00,2020-02-28 19:22:00+00:00,2020-02-28 19:37:00+00:00,-0.00120481927710836,0.004912663755458402,2020-02-28 14:21:00-05:00,1400_1540,40_60
2020-03-03,QQQ_TQQQ_SQQQ,SQQQ,2020-03-03 15:00:00+00:00,2020-03-03 15:01:00+00:00,2020-03-03 15:16:00+00:00,0.050756562017498785,0.02190155972728136,2020-03-03 10:00:00-05:00,1000_1200,200_plus
2020-03-03,QQQ_TQQQ_SQQQ,SQQQ,2020-03-03 15:16:00+00:00,2020-03-03 15:17:00+00:00,2020-03-03 15:32:00+00:00,-0.012936784469885443,0.005479706510634452,2020-03-03 10:16:00-05:00,1000_1200,40_60
2020-03-03,QQQ_TQQQ_SQQQ,SQQQ,2020-03-03 16:15:00+00:00,2020-03-03 16:16:00+00:00,2020-03-03 16:31:00+00:00,0.03884634266077569,0.005083243949074223,2020-03-03 11:15:00-05:00,1000_1200,40_60
2020-03-03,QQQ_TQQQ_SQQQ,SQQQ,2020-03-03 19:11:00+00:00,2020-03-03 19:12:00+00:00,2020-03-03 19:27:00+00:00,0.0031517334533994745,0.004206831894997487,2020-03-03 14:11:00-05:00,1400_1540,40_60
2020-03-03,QQQ_TQQQ_SQQQ,SQQQ,2020-03-03 20:11:00+00:00,2020-03-03 20:12:00+00:00,2020-03-03 20:27:00+00:00,0.0009293680297397522,0.004038004750593904,2020-03-03 15:11:00-05:00,1400_1540,40_60
2020-03-06,QQQ_TQQQ_SQQQ,SQQQ,2020-03-06 14:58:00+00:00,2020-03-06 14:59:00+00:00,2020-03-06 15:14:00+00:00,-0.005676855895196509,0.00400723256609492,2020-03-06 09:58:00-05:00,pre1000,40_60
2020-03-06,QQQ_TQQQ_SQQQ,SQQQ,2020-03-06 20:30:00+00:00,2020-03-06 20:31:00+00:00,2020-03-06 20:46:00+00:00,-0.01958224543080933,0.004258235034995783,2020-03-06 15:30:00-05:00,1400_1540,40_60
2020-03-09,QQQ_TQQQ_SQQQ,SQQQ,2020-03-09 13:52:00+00:00,2020-03-09 13:53:00+00:00,2020-03-09 14:08:00+00:00,-0.04473085670962851,0.006042347556079353,2020-03-09 09:52:00-04:00,pre1000,60_100
2020-03-09,QQQ_TQQQ_SQQQ,TQQQ,2020-03-09 14:21:00+00:00,2020-03-09 14:22:00+00:00,2020-03-09 14:37:00+00:00,-0.0074740695546066105,0.004025771379674747,2020-03-09 10:21:00-04:00,1000_1200,40_60
2020-03-09,QQQ_TQQQ_SQQQ,SQQQ,2020-03-09 18:15:00+00:00,2020-03-09 18:16:00+00:00,2020-03-09 18:31:00+00:00,0.021803024428072915,0.004547544836748241,2020-03-09 14:15:00-04:00,1400_1540,40_60
2020-03-09,QQQ_TQQQ_SQQQ,SQQQ,2020-03-09 18:50:00+00:00,2020-03-09 18:51:00+00:00,2020-03-09 19:06:00+00:00,-0.01212202609363,0.005910256008297754,2020-03-09 14:50:00-04:00,1400_1540,40_60
2020-03-09,QQQ_TQQQ_SQQQ,TQQQ,2020-03-09 19:29:00+00:00,2020-03-09 19:30:00+00:00,2020-03-09 19:45:00+00:00,0.0065532844437510285,0.004052684903748771,2020-03-09 15:29:00-04:00,1400_1540,40_60
2020-03-10,QQQ_TQQQ_SQQQ,TQQQ,2020-03-10 13:35:00+00:00,2020-03-10 13:36:00+00:00,2020-03-10 13:51:00+00:00,-0.007930272269189187,0.004190912714228667,2020-03-10 09:35:00-04:00,pre1000,40_60
2020-03-10,QQQ_TQQQ_SQQQ,TQQQ,2020-03-10 15:29:00+00:00,2020-03-10 15:30:00+00:00,2020-03-10 15:45:00+00:00,0.014172974714124598,0.005611958573542131,2020-03-10 11:29:00-04:00,1000_1200,40_60
2020-03-10,QQQ_TQQQ_SQQQ,SQQQ,2020-03-10 16:00:00+00:00,2020-03-10 16:01:00+00:00,2020-03-10 16:16:00+00:00,-0.031282753226437254,0.0053730426773104245,2020-03-10 12:00:00-04:00,1200_1400,40_60
2020-03-10,QQQ_TQQQ_SQQQ,SQQQ,2020-03-10 17:17:00+00:00,2020-03-10 17:18:00+00:00,2020-03-10 17:33:00+00:00,0.010517799352750767,0.004703859187699111,2020-03-10 13:17:00-04:00,1200_1400,40_60
2020-03-10,QQQ_TQQQ_SQQQ,SQQQ,2020-03-10 18:41:00+00:00,2020-03-10 18:42:00+00:00,2020-03-10 18:57:00+00:00,-0.008863320216166537,0.00438132648436329,2020-03-10 14:41:00-04:00,1400_1540,40_60
2020-03-11,QQQ_TQQQ_SQQQ,SQQQ,2020-03-11 19:28:00+00:00,2020-03-11 19:29:00+00:00,2020-03-11 19:44:00+00:00,-0.021595330739299645,0.004866180048662017,2020-03-11 15:28:00-04:00,1400_1540,40_60
2020-03-12,QQQ_TQQQ_SQQQ,SQQQ,2020-03-12 13:54:00+00:00,2020-03-12 13:55:00+00:00,2020-03-12 14:10:00+00:00,-0.027410512737826576,0.00854271356783931,2020-03-12 09:54:00-04:00,pre1000,60_100
2020-03-12,QQQ_TQQQ_SQQQ,SQQQ,2020-03-12 14:15:00+00:00,2020-03-12 14:16:00+00:00,2020-03-12 14:31:00+00:00,-0.0024035617336745085,0.004767612924317488,2020-03-12 10:15:00-04:00,1000_1200,40_60
2020-03-12,QQQ_TQQQ_SQQQ,TQQQ,2020-03-12 14:32:00+00:00,2020-03-12 14:33:00+00:00,2020-03-12 14:48:00+00:00,0.00294290759270166,0.004003029319485041,2020-03-12 10:32:00-04:00,1000_1200,40_60
2020-03-12,QQQ_TQQQ_SQQQ,SQQQ,2020-03-12 15:15:00+00:00,2020-03-12 15:16:00+00:00,2020-03-12 15:31:00+00:00,0.011787557873450094,0.004001973576009954,2020-03-12 11:15:00-04:00,1000_1200,40_60
2020-03-12,QQQ_TQQQ_SQQQ,SQQQ,2020-03-12 16:53:00+00:00,2020-03-12 16:54:00+00:00,2020-03-12 17:09:00+00:00,-0.06289639192320429,0.007944827586206848,2020-03-12 12:53:00-04:00,1200_1400,60_100
2020-03-12,QQQ_TQQQ_SQQQ,TQQQ,2020-03-12 17:11:00+00:00,2020-03-12 17:12:00+00:00,2020-03-12 17:27:00+00:00,-0.019417475728155442,0.006577891865875318,2020-03-12 13:11:00-04:00,1200_1400,60_100
2020-03-12,QQQ_TQQQ_SQQQ,SQQQ,2020-03-12 17:28:00+00:00,2020-03-12 17:29:00+00:00,2020-03-12 17:44:00+00:00,0.04671024085183162,0.004432911666126138,2020-03-12 13:28:00-04:00,1200_1400,40_60
2020-03-12,QQQ_TQQQ_SQQQ,SQQQ,2020-03-12 17:48:00+00:00,2020-03-12 17:49:00+00:00,2020-03-12 18:04:00+00:00,0.009405441719852137,0.004589913119501743,2020-03-12 13:48:00-04:00,1200_1400,40_60
2020-03-12,QQQ_TQQQ_SQQQ,SQQQ,2020-03-12 18:48:00+00:00,2020-03-12 18:49:00+00:00,2020-03-12 19:04:00+00:00,0.026288964177203944,0.005123120145430482,2020-03-12 14:48:00-04:00,1400_1540,40_60
2020-03-12,QQQ_TQQQ_SQQQ,SQQQ,2020-03-12 19:10:00+00:00,2020-03-12 19:11:00+00:00,2020-03-12 19:26:00+00:00,0.027622492601118154,0.007351315498562938,2020-03-12 15:10:00-04:00,1400_1540,60_100
2020-03-12,QQQ_TQQQ_SQQQ,SQQQ,2020-03-12 19:32:00+00:00,2020-03-12 19:33:00+00:00,2020-03-12 19:48:00+00:00,0.004810776138550299,0.00471367109533638,2020-03-12 15:32:00-04:00,1400_1540,40_60
2020-03-13,QQQ_TQQQ_SQQQ,TQQQ,2020-03-13 13:39:00+00:00,2020-03-13 13:40:00+00:00,2020-03-13 13:55:00+00:00,-0.0316526442307693,0.006024420418482057,2020-03-13 09:39:00-04:00,pre1000,60_100
2020-03-13,QQQ_TQQQ_SQQQ,SQQQ,2020-03-13 13:58:00+00:00,2020-03-13 13:59:00+00:00,2020-03-13 14:14:00+00:00,-0.011627307503273787,0.00455068808596959,2020-03-13 09:58:00-04:00,pre1000,40_60
2020-03-13,QQQ_TQQQ_SQQQ,SQQQ,2020-03-13 14:17:00+00:00,2020-03-13 14:18:00+00:00,2020-03-13 14:33:00+00:00,-0.001776198934280493,0.004399543751018253,2020-03-13 10:17:00-04:00,1000_1200,40_60
2020-03-13,QQQ_TQQQ_SQQQ,TQQQ,2020-03-13 15:10:00+00:00,2020-03-13 15:11:00+00:00,2020-03-13 15:26:00+00:00,-0.00866183781064378,0.004143495801984476,2020-03-13 11:10:00-04:00,1000_1200,40_60
2020-03-13,QQQ_TQQQ_SQQQ,SQQQ,2020-03-13 15:35:00+00:00,2020-03-13 15:36:00+00:00,2020-03-13 15:51:00+00:00,0.03236351748937549,0.004679665738161587,2020-03-13 11:35:00-04:00,1000_1200,40_60
2020-03-13,QQQ_TQQQ_SQQQ,SQQQ,2020-03-13 15:56:00+00:00,2020-03-13 15:57:00+00:00,2020-03-13 16:12:00+00:00,0.010624169986719778,0.004435573297848716,2020-03-13 11:56:00-04:00,1000_1200,40_60
2020-03-13,QQQ_TQQQ_SQQQ,SQQQ,2020-03-13 16:33:00+00:00,2020-03-13 16:34:00+00:00,2020-03-13 16:49:00+00:00,-0.010899182561307952,0.004401166309071725,2020-03-13 12:33:00-04:00,1200_1400,40_60
2020-03-13,QQQ_TQQQ_SQQQ,SQQQ,2020-03-13 17:12:00+00:00,2020-03-13 17:13:00+00:00,2020-03-13 17:28:00+00:00,-0.02810681273536464,0.0045037622892294404,2020-03-13 13:12:00-04:00,1200_1400,40_60
2020-03-13,QQQ_TQQQ_SQQQ,SQQQ,2020-03-13 17:40:00+00:00,2020-03-13 17:41:00+00:00,2020-03-13 17:56:00+00:00,-0.0033670033670033517,0.004624088782504643,2020-03-13 13:40:00-04:00,1200_1400,40_60
2020-03-13,QQQ_TQQQ_SQQQ,TQQQ,2020-03-13 18:00:00+00:00,2020-03-13 18:01:00+00:00,2020-03-13 18:16:00+00:00,-0.01734220608993764,0.004434110203860864,2020-03-13 14:00:00-04:00,1400_1540,40_60
2020-03-13,QQQ_TQQQ_SQQQ,SQQQ,2020-03-13 19:00:00+00:00,2020-03-13 19:01:00+00:00,2020-03-13 19:16:00+00:00,-0.003142458100558687,0.004478916320734161,2020-03-13 15:00:00-04:00,1400_1540,40_60
2020-03-13,QQQ_TQQQ_SQQQ,TQQQ,2020-03-13 19:31:00+00:00,2020-03-13 19:32:00+00:00,2020-03-13 19:47:00+00:00,0.07487179487179474,0.008345978755690542,2020-03-13 15:31:00-04:00,1400_1540,60_100
2020-03-16,QQQ_TQQQ_SQQQ,SQQQ,2020-03-16 13:45:00+00:00,2020-03-16 13:46:00+00:00,2020-03-16 14:01:00+00:00,-0.052145214521452155,0.008396501457725858,2020-03-16 09:45:00-04:00,pre1000,60_100
2020-03-16,QQQ_TQQQ_SQQQ,SQQQ,2020-03-16 14:05:00+00:00,2020-03-16 14:06:00+00:00,2020-03-16 14:21:00+00:00,0.007442021460713155,0.007463111718794435,2020-03-16 10:05:00-04:00,1000_1200,60_100
2020-03-16,QQQ_TQQQ_SQQQ,SQQQ,2020-03-16 14:31:00+00:00,2020-03-16 14:32:00+00:00,2020-03-16 14:47:00+00:00,-0.033735795454545414,0.005395380205698741,2020-03-16 10:31:00-04:00,1000_1200,40_60
2020-03-16,QQQ_TQQQ_SQQQ,TQQQ,2020-03-16 14:56:00+00:00,2020-03-16 14:57:00+00:00,2020-03-16 15:12:00+00:00,0.0504014272970561,0.005290422131599248,2020-03-16 10:56:00-04:00,1000_1200,40_60
2020-03-16,QQQ_TQQQ_SQQQ,TQQQ,2020-03-16 15:33:00+00:00,2020-03-16 15:34:00+00:00,2020-03-16 15:49:00+00:00,-0.027266582171525222,0.005426524853483827,2020-03-16 11:33:00-04:00,1000_1200,40_60
2020-03-16,QQQ_TQQQ_SQQQ,SQQQ,2020-03-16 15:59:00+00:00,2020-03-16 16:00:00+00:00,2020-03-16 16:15:00+00:00,0.017293233082706694,0.00796615756510266,2020-03-16 11:59:00-04:00,1000_1200,60_100
2020-03-16,QQQ_TQQQ_SQQQ,SQQQ,2020-03-16 16:35:00+00:00,2020-03-16 16:36:00+00:00,2020-03-16 16:51:00+00:00,0.027495040510225,0.006155670785525258,2020-03-16 12:35:00-04:00,1200_1400,60_100
2020-03-16,QQQ_TQQQ_SQQQ,SQQQ,2020-03-16 17:55:00+00:00,2020-03-16 17:56:00+00:00,2020-03-16 18:11:00+00:00,0.01879120879120877,0.00444069702079819,2020-03-16 13:55:00-04:00,1200_1400,40_60
2020-03-16,QQQ_TQQQ_SQQQ,SQQQ,2020-03-16 18:29:00+00:00,2020-03-16 18:30:00+00:00,2020-03-16 18:45:00+00:00,-0.0017507002801119276,0.004066418163334529,2020-03-16 14:29:00-04:00,1400_1540,40_60
2020-03-16,QQQ_TQQQ_SQQQ,SQQQ,2020-03-16 18:51:00+00:00,2020-03-16 18:52:00+00:00,2020-03-16 19:07:00+00:00,-0.009883515707730273,0.004393376140588101,2020-03-16 14:51:00-04:00,1400_1540,40_60
2020-03-16,QQQ_TQQQ_SQQQ,SQQQ,2020-03-16 19:16:00+00:00,2020-03-16 19:17:00+00:00,2020-03-16 19:32:00+00:00,0.03925531914893621,0.00415706982753794,2020-03-16 15:16:00-04:00,1400_1540,40_60
2020-03-16,QQQ_TQQQ_SQQQ,SQQQ,2020-03-16 19:39:00+00:00,2020-03-16 19:40:00+00:00,2020-03-16 19:55:00+00:00,0.012891075670173224,0.00418625989218957,2020-03-16 15:39:00-04:00,1400_1540,40_60
2020-03-17,QQQ_TQQQ_SQQQ,TQQQ,2020-03-17 13:35:00+00:00,2020-03-17 13:36:00+00:00,2020-03-17 13:51:00+00:00,-0.045128205128205034,0.005461061493827746,2020-03-17 09:35:00-04:00,pre1000,40_60
2020-03-17,QQQ_TQQQ_SQQQ,TQQQ,2020-03-17 13:54:00+00:00,2020-03-17 13:55:00+00:00,2020-03-17 14:10:00+00:00,0.030962921970116186,0.006471548507462788,2020-03-17 09:54:00-04:00,pre1000,60_100
2020-03-17,QQQ_TQQQ_SQQQ,SQQQ,2020-03-17 14:10:00+00:00,2020-03-17 14:11:00+00:00,2020-03-17 14:26:00+00:00,-0.0165744008295563,0.005113603347085771,2020-03-17 10:10:00-04:00,1000_1200,40_60
2020-03-17,QQQ_TQQQ_SQQQ,SQQQ,2020-03-17 14:28:00+00:00,2020-03-17 14:29:00+00:00,2020-03-17 14:44:00+00:00,-0.013233264320220872,0.004139358399448012,2020-03-17 10:28:00-04:00,1000_1200,40_60
2020-03-17,QQQ_TQQQ_SQQQ,SQQQ,2020-03-17 15:09:00+00:00,2020-03-17 15:10:00+00:00,2020-03-17 15:25:00+00:00,-0.0018230178416663856,0.005623664379709847,2020-03-17 11:09:00-04:00,1000_1200,40_60
2020-03-17,QQQ_TQQQ_SQQQ,SQQQ,2020-03-17 16:06:00+00:00,2020-03-17 16:07:00+00:00,2020-03-17 16:22:00+00:00,0.0212244897959184,0.004501290003842584,2020-03-17 12:06:00-04:00,1200_1400,40_60
2020-03-17,QQQ_TQQQ_SQQQ,TQQQ,2020-03-17 16:33:00+00:00,2020-03-17 16:34:00+00:00,2020-03-17 16:49:00+00:00,-0.015023474178403773,0.0040802823114248765,2020-03-17 12:33:00-04:00,1200_1400,40_60
2020-03-17,QQQ_TQQQ_SQQQ,SQQQ,2020-03-17 16:59:00+00:00,2020-03-17 17:00:00+00:00,2020-03-17 17:15:00+00:00,0.04653802497162318,0.00402909904868487,2020-03-17 12:59:00-04:00,1200_1400,40_60
2020-03-17,QQQ_TQQQ_SQQQ,SQQQ,2020-03-17 17:23:00+00:00,2020-03-17 17:24:00+00:00,2020-03-17 17:39:00+00:00,-0.019156467195332594,0.005362989725640865,2020-03-17 13:23:00-04:00,1200_1400,40_60
2020-03-17,QQQ_TQQQ_SQQQ,TQQQ,2020-03-17 18:01:00+00:00,2020-03-17 18:02:00+00:00,2020-03-17 18:17:00+00:00,0.040162078417351976,0.005098365198115795,2020-03-17 14:01:00-04:00,1400_1540,40_60
2020-03-17,QQQ_TQQQ_SQQQ,TQQQ,2020-03-17 18:21:00+00:00,2020-03-17 18:22:00+00:00,2020-03-17 18:37:00+00:00,0.020862308762169546,0.006625780308838092,2020-03-17 14:21:00-04:00,1400_1540,60_100
2020-03-17,QQQ_TQQQ_SQQQ,TQQQ,2020-03-17 18:44:00+00:00,2020-03-17 18:45:00+00:00,2020-03-17 19:00:00+00:00,-0.004880316058563761,0.00532235939643344,2020-03-17 14:44:00-04:00,1400_1540,40_60
2020-03-17,QQQ_TQQQ_SQQQ,TQQQ,2020-03-17 19:01:00+00:00,2020-03-17 19:02:00+00:00,2020-03-17 19:17:00+00:00,0.021476833976834087,0.007990234158251064,2020-03-17 15:01:00-04:00,1400_1540,60_100
2020-03-17,QQQ_TQQQ_SQQQ,TQQQ,2020-03-17 19:20:00+00:00,2020-03-17 19:21:00+00:00,2020-03-17 19:36:00+00:00,0.03961370560574484,0.005224834639541931,2020-03-17 15:20:00-04:00,1400_1540,40_60
2020-03-18,QQQ_TQQQ_SQQQ,SQQQ,2020-03-18 13:40:00+00:00,2020-03-18 13:41:00+00:00,2020-03-18 13:56:00+00:00,-0.022274603933179704,0.005805932398252445,2020-03-18 09:40:00-04:00,pre1000,40_60
2020-03-18,QQQ_TQQQ_SQQQ,SQQQ,2020-03-18 13:58:00+00:00,2020-03-18 13:59:00+00:00,2020-03-18 14:14:00+00:00,-0.002584933530280553,0.0042608794455174515,2020-03-18 09:58:00-04:00,pre1000,40_60
2020-03-18,QQQ_TQQQ_SQQQ,TQQQ,2020-03-18 14:17:00+00:00,2020-03-18 14:18:00+00:00,2020-03-18 14:33:00+00:00,-0.00027369992535442034,0.0040431266846361336,2020-03-18 10:17:00-04:00,1000_1200,40_60
2020-03-18,QQQ_TQQQ_SQQQ,TQQQ,2020-03-18 14:45:00+00:00,2020-03-18 14:46:00+00:00,2020-03-18 15:01:00+00:00,-0.02660747787290052,0.004885993485342022,2020-03-18 10:45:00-04:00,1000_1200,40_60
2020-03-18,QQQ_TQQQ_SQQQ,TQQQ,2020-03-18 15:03:00+00:00,2020-03-18 15:04:00+00:00,2020-03-18 15:19:00+00:00,-0.014014650854200505,0.004494053527072661,2020-03-18 11:03:00-04:00,1000_1200,40_60
2020-03-18,QQQ_TQQQ_SQQQ,SQQQ,2020-03-18 15:20:00+00:00,2020-03-18 15:21:00+00:00,2020-03-18 15:36:00+00:00,0.00832130362266148,0.004925544100801815,2020-03-18 11:20:00-04:00,1000_1200,40_60
2020-03-18,QQQ_TQQQ_SQQQ,TQQQ,2020-03-18 15:39:00+00:00,2020-03-18 15:40:00+00:00,2020-03-18 15:55:00+00:00,0.035966631355932144,0.004242528340776319,2020-03-18 11:39:00-04:00,1000_1200,40_60
2020-03-18,QQQ_TQQQ_SQQQ,SQQQ,2020-03-18 16:06:00+00:00,2020-03-18 16:07:00+00:00,2020-03-18 16:22:00+00:00,0.016654598117306296,0.004580589750930342,2020-03-18 12:06:00-04:00,1200_1400,40_60
2020-03-18,QQQ_TQQQ_SQQQ,SQQQ,2020-03-18 16:44:00+00:00,2020-03-18 16:45:00+00:00,2020-03-18 17:14:00+00:00,0.03984347207399508,0.005193628441161113,2020-03-18 12:44:00-04:00,1200_1400,40_60
2020-03-18,QQQ_TQQQ_SQQQ,SQQQ,2020-03-18 17:19:00+00:00,2020-03-18 17:20:00+00:00,2020-03-18 17:35:00+00:00,0.044596912521440935,0.004920625622400587,2020-03-18 13:19:00-04:00,1200_1400,40_60
2020-03-18,QQQ_TQQQ_SQQQ,SQQQ,2020-03-18 17:35:00+00:00,2020-03-18 17:36:00+00:00,2020-03-18 17:51:00+00:00,-0.0066489361702127825,0.004901523928348528,2020-03-18 13:35:00-04:00,1200_1400,40_60
2020-03-18,QQQ_TQQQ_SQQQ,SQQQ,2020-03-18 18:16:00+00:00,2020-03-18 18:17:00+00:00,2020-03-18 18:32:00+00:00,0.015511551155115377,0.004110674291160299,2020-03-18 14:16:00-04:00,1400_1540,40_60
2020-03-18,QQQ_TQQQ_SQQQ,SQQQ,2020-03-18 18:44:00+00:00,2020-03-18 18:45:00+00:00,2020-03-18 19:00:00+00:00,-0.03676470588235303,0.004265908282971909,2020-03-18 14:44:00-04:00,1400_1540,40_60
2020-03-18,QQQ_TQQQ_SQQQ,TQQQ,2020-03-18 19:02:00+00:00,2020-03-18 19:03:00+00:00,2020-03-18 19:18:00+00:00,-0.0008424599831508006,0.004772714044584125,2020-03-18 15:02:00-04:00,1400_1540,40_60
2020-03-18,QQQ_TQQQ_SQQQ,TQQQ,2020-03-18 19:20:00+00:00,2020-03-18 19:21:00+00:00,2020-03-18 19:36:00+00:00,-0.016234690971233312,0.006069448497227903,2020-03-18 15:20:00-04:00,1400_1540,60_100
2020-03-19,QQQ_TQQQ_SQQQ,TQQQ,2020-03-19 13:41:00+00:00,2020-03-19 13:42:00+00:00,2020-03-19 13:57:00+00:00,0.08356391809629216,0.004279221679224898,2020-03-19 09:41:00-04:00,pre1000,40_60
2020-03-19,QQQ_TQQQ_SQQQ,SQQQ,2020-03-19 13:59:00+00:00,2020-03-19 14:00:00+00:00,2020-03-19 14:15:00+00:00,-0.056053811659192876,0.006429587482219112,2020-03-19 09:59:00-04:00,pre1000,60_100
2020-03-19,QQQ_TQQQ_SQQQ,TQQQ,2020-03-19 14:17:00+00:00,2020-03-19 14:18:00+00:00,2020-03-19 14:33:00+00:00,0.0016855285335901637,0.004045217776792787,2020-03-19 10:17:00-04:00,1000_1200,40_60
2020-03-19,QQQ_TQQQ_SQQQ,TQQQ,2020-03-19 14:38:00+00:00,2020-03-19 14:39:00+00:00,2020-03-19 14:54:00+00:00,-0.03340757238307335,0.004252937884722918,2020-03-19 10:38:00-04:00,1000_1200,40_60
2020-03-19,QQQ_TQQQ_SQQQ,SQQQ,2020-03-19 15:00:00+00:00,2020-03-19 15:01:00+00:00,2020-03-19 15:16:00+00:00,-0.0079605761940863,0.004462389880280027,2020-03-19 11:00:00-04:00,1000_1200,40_60
2020-03-19,QQQ_TQQQ_SQQQ,TQQQ,2020-03-19 15:39:00+00:00,2020-03-19 15:40:00+00:00,2020-03-19 15:55:00+00:00,0.004502369668246464,0.004188481675392652,2020-03-19 11:39:00-04:00,1000_1200,40_60
2020-03-19,QQQ_TQQQ_SQQQ,TQQQ,2020-03-19 15:57:00+00:00,2020-03-19 15:58:00+00:00,2020-03-19 16:13:00+00:00,-0.034240038177045906,0.005188783395893126,2020-03-19 11:57:00-04:00,1000_1200,40_60
2020-03-19,QQQ_TQQQ_SQQQ,SQQQ,2020-03-19 16:20:00+00:00,2020-03-19 16:21:00+00:00,2020-03-19 16:36:00+00:00,0.01996161228406912,0.004046307744183464,2020-03-19 12:20:00-04:00,1200_1400,40_60
2020-03-19,QQQ_TQQQ_SQQQ,TQQQ,2020-03-19 17:14:00+00:00,2020-03-19 17:15:00+00:00,2020-03-19 17:30:00+00:00,-0.0012054001928639702,0.00509469487207892,2020-03-19 13:14:00-04:00,1200_1400,40_60
2020-03-19,QQQ_TQQQ_SQQQ,SQQQ,2020-03-19 17:50:00+00:00,2020-03-19 17:51:00+00:00,2020-03-19 18:06:00+00:00,0.008624147613317312,0.0041019955654100215,2020-03-19 13:50:00-04:00,1200_1400,40_60
2020-03-19,QQQ_TQQQ_SQQQ,TQQQ,2020-03-19 18:51:00+00:00,2020-03-19 18:52:00+00:00,2020-03-19 19:07:00+00:00,-0.019557625145518176,0.004433497536945774,2020-03-19 14:51:00-04:00,1400_1540,40_60
2020-03-19,QQQ_TQQQ_SQQQ,SQQQ,2020-03-19 19:11:00+00:00,2020-03-19 19:12:00+00:00,2020-03-19 19:27:00+00:00,-0.03741416054937252,0.004906880785100931,2020-03-19 15:11:00-04:00,1400_1540,40_60
2020-03-20,QQQ_TQQQ_SQQQ,TQQQ,2020-03-20 13:37:00+00:00,2020-03-20 13:38:00+00:00,2020-03-20 13:53:00+00:00,-0.02232667450058745,0.005163416643779173,2020-03-20 09:37:00-04:00,pre1000,40_60
2020-03-20,QQQ_TQQQ_SQQQ,SQQQ,2020-03-20 14:00:00+00:00,2020-03-20 14:01:00+00:00,2020-03-20 14:16:00+00:00,-0.00198098256735324,0.004143953721214899,2020-03-20 10:00:00-04:00,1000_1200,40_60
2020-03-20,QQQ_TQQQ_SQQQ,TQQQ,2020-03-20 15:24:00+00:00,2020-03-20 15:25:00+00:00,2020-03-20 15:40:00+00:00,0.019833496571988185,0.004516057091882297,2020-03-20 11:24:00-04:00,1000_1200,40_60
2020-03-20,QQQ_TQQQ_SQQQ,TQQQ,2020-03-20 16:04:00+00:00,2020-03-20 16:05:00+00:00,2020-03-20 16:20:00+00:00,-0.02715625771414465,0.004028873594090987,2020-03-20 12:04:00-04:00,1200_1400,40_60
2020-03-20,QQQ_TQQQ_SQQQ,TQQQ,2020-03-20 16:58:00+00:00,2020-03-20 16:59:00+00:00,2020-03-20 17:14:00+00:00,0.005705780203423494,0.004117993108664675,2020-03-20 12:58:00-04:00,1200_1400,40_60
2020-03-20,QQQ_TQQQ_SQQQ,SQQQ,2020-03-20 18:05:00+00:00,2020-03-20 18:06:00+00:00,2020-03-20 18:21:00+00:00,0.030499428135722484,0.004790351668169546,2020-03-20 14:05:00-04:00,1400_1540,40_60
2020-03-20,QQQ_TQQQ_SQQQ,TQQQ,2020-03-20 19:31:00+00:00,2020-03-20 19:32:00+00:00,2020-03-20 19:47:00+00:00,-0.0248954961350788,0.006058181402526119,2020-03-20 15:31:00-04:00,1400_1540,60_100
2020-03-23,QQQ_TQQQ_SQQQ,TQQQ,2020-03-23 13:37:00+00:00,2020-03-23 13:38:00+00:00,2020-03-23 13:53:00+00:00,0.03371113048532415,0.0066627358490565225,2020-03-23 09:37:00-04:00,pre1000,60_100
2020-03-23,QQQ_TQQQ_SQQQ,SQQQ,2020-03-23 13:55:00+00:00,2020-03-23 13:56:00+00:00,2020-03-23 14:11:00+00:00,-0.0047586675730795225,0.0047680715799387485,2020-03-23 09:55:00-04:00,pre1000,40_60
2020-03-23,QQQ_TQQQ_SQQQ,SQQQ,2020-03-23 14:12:00+00:00,2020-03-23 14:13:00+00:00,2020-03-23 14:28:00+00:00,0.028467586880797535,0.005597994052131128,2020-03-23 10:12:00-04:00,1000_1200,40_60
2020-03-23,QQQ_TQQQ_SQQQ,TQQQ,2020-03-23 14:37:00+00:00,2020-03-23 14:38:00+00:00,2020-03-23 14:53:00+00:00,0.00794100964265465,0.004394119532473595,2020-03-23 10:37:00-04:00,1000_1200,40_60
2020-03-23,QQQ_TQQQ_SQQQ,SQQQ,2020-03-23 15:58:00+00:00,2020-03-23 15:59:00+00:00,2020-03-23 16:14:00+00:00,-0.0003191828917968875,0.005212413377523317,2020-03-23 11:58:00-04:00,1000_1200,40_60
2020-03-23,QQQ_TQQQ_SQQQ,SQQQ,2020-03-23 16:18:00+00:00,2020-03-23 16:19:00+00:00,2020-03-23 16:34:00+00:00,0.01727000996346728,0.008044812585662253,2020-03-23 12:18:00-04:00,1200_1400,60_100
2020-03-23,QQQ_TQQQ_SQQQ,SQQQ,2020-03-23 16:56:00+00:00,2020-03-23 16:57:00+00:00,2020-03-23 17:12:00+00:00,0.003370587191768859,0.00575322561897007,2020-03-23 12:56:00-04:00,1200_1400,40_60
2020-03-23,QQQ_TQQQ_SQQQ,SQQQ,2020-03-23 17:12:00+00:00,2020-03-23 17:13:00+00:00,2020-03-23 17:28:00+00:00,0.029731481846281715,0.004382602658489665,2020-03-23 13:12:00-04:00,1200_1400,40_60
2020-03-23,QQQ_TQQQ_SQQQ,TQQQ,2020-03-23 17:29:00+00:00,2020-03-23 17:30:00+00:00,2020-03-23 17:45:00+00:00,-0.022448204448609177,0.005118590861527772,2020-03-23 13:29:00-04:00,1200_1400,40_60
2020-03-23,QQQ_TQQQ_SQQQ,SQQQ,2020-03-23 17:48:00+00:00,2020-03-23 17:49:00+00:00,2020-03-23 18:04:00+00:00,0.05975017349063161,0.004971629131325095,2020-03-23 13:48:00-04:00,1200_1400,40_60
2020-03-23,QQQ_TQQQ_SQQQ,SQQQ,2020-03-23 18:04:00+00:00,2020-03-23 18:05:00+00:00,2020-03-23 18:20:00+00:00,0.004975124378109541,0.004512260286172243,2020-03-23 14:04:00-04:00,1400_1540,40_60
2020-03-23,QQQ_TQQQ_SQQQ,SQQQ,2020-03-23 18:27:00+00:00,2020-03-23 18:28:00+00:00,2020-03-23 18:43:00+00:00,-0.005858721124874511,0.005628033162677237,2020-03-23 14:27:00-04:00,1400_1540,40_60
2020-03-23,QQQ_TQQQ_SQQQ,SQQQ,2020-03-23 18:49:00+00:00,2020-03-23 18:50:00+00:00,2020-03-23 19:05:00+00:00,0.020327589699222992,0.005579701632796974,2020-03-23 14:49:00-04:00,1400_1540,40_60
2020-03-23,QQQ_TQQQ_SQQQ,SQQQ,2020-03-23 19:36:00+00:00,2020-03-23 19:37:00+00:00,2020-03-23 19:52:00+00:00,-0.04238669709814158,0.0059819345576359595,2020-03-23 15:36:00-04:00,1400_1540,40_60
2020-03-24,QQQ_TQQQ_SQQQ,TQQQ,2020-03-24 13:37:00+00:00,2020-03-24 13:38:00+00:00,2020-03-24 13:53:00+00:00,-0.0066042267050911985,0.004444935258551497,2020-03-24 09:37:00-04:00,pre1000,40_60
2020-03-25,QQQ_TQQQ_SQQQ,SQQQ,2020-03-25 13:36:00+00:00,2020-03-25 13:37:00+00:00,2020-03-25 13:52:00+00:00,0.03981481481481475,0.004304315075863485,2020-03-25 09:36:00-04:00,pre1000,40_60
2020-03-25,QQQ_TQQQ_SQQQ,TQQQ,2020-03-25 13:53:00+00:00,2020-03-25 13:54:00+00:00,2020-03-25 14:09:00+00:00,-0.030390570834296415,0.004295579359469226,2020-03-25 09:53:00-04:00,pre1000,40_60
2020-03-25,QQQ_TQQQ_SQQQ,TQQQ,2020-03-25 19:26:00+00:00,2020-03-25 19:27:00+00:00,2020-03-25 19:42:00+00:00,0.0036972596781210676,0.005187963923697025,2020-03-25 15:26:00-04:00,1400_1540,40_60
2020-03-26,QQQ_TQQQ_SQQQ,SQQQ,2020-03-26 13:36:00+00:00,2020-03-26 13:37:00+00:00,2020-03-26 13:52:00+00:00,0.025310630464795203,0.004238088810905705,2020-03-26 09:36:00-04:00,pre1000,40_60
2020-03-26,QQQ_TQQQ_SQQQ,TQQQ,2020-03-26 15:06:00+00:00,2020-03-26 15:07:00+00:00,2020-03-26 15:22:00+00:00,0.020161105621683273,0.005451296513780068,2020-03-26 11:06:00-04:00,1000_1200,40_60
2020-04-02,QQQ_TQQQ_SQQQ,SQQQ,2020-04-02 14:35:00+00:00,2020-04-02 14:36:00+00:00,2020-04-02 14:51:00+00:00,0.024455635491606564,0.00457659706989455,2020-04-02 10:35:00-04:00,1000_1200,40_60
2020-04-02,QQQ_TQQQ_SQQQ,SQQQ,2020-04-02 18:53:00+00:00,2020-04-02 18:54:00+00:00,2020-04-02 19:09:00+00:00,-0.00769051503146112,0.004097017371353706,2020-04-02 14:53:00-04:00,1400_1540,40_60
2020-04-21,QQQ_TQQQ_SQQQ,TQQQ,2020-04-21 19:06:00+00:00,2020-04-21 19:07:00+00:00,2020-04-21 19:22:00+00:00,0.026701570680628395,0.004134725615405843,2020-04-21 15:06:00-04:00,1400_1540,40_60
2020-04-23,QQQ_TQQQ_SQQQ,TQQQ,2020-04-23 16:44:00+00:00,2020-04-23 16:45:00+00:00,2020-04-23 17:00:00+00:00,0.0010987286140322627,0.006225134565878809,2020-04-23 12:44:00-04:00,1200_1400,60_100
2020-06-16,QQQ_TQQQ_SQQQ,TQQQ,2020-06-16 14:37:00+00:00,2020-06-16 14:38:00+00:00,2020-06-16 14:53:00+00:00,-0.016471094843363177,0.004176562116124827,2020-06-16 10:37:00-04:00,1000_1200,40_60
2020-06-16,QQQ_TQQQ_SQQQ,TQQQ,2020-06-16 14:59:00+00:00,2020-06-16 15:00:00+00:00,2020-06-16 15:15:00+00:00,0.01742822031057978,0.004084171244946644,2020-06-16 10:59:00-04:00,1000_1200,40_60
2020-07-14,QQQ_TQQQ_SQQQ,TQQQ,2020-07-14 13:52:00+00:00,2020-07-14 13:53:00+00:00,2020-07-14 14:08:00+00:00,0.004858993902439046,0.004546345287085973,2020-07-14 09:52:00-04:00,pre1000,40_60
2020-09-03,QQQ_TQQQ_SQQQ,TQQQ,2020-09-03 15:18:00+00:00,2020-09-03 15:19:00+00:00,2020-09-03 15:34:00+00:00,0.012727944386607293,0.004041595401193643,2020-09-03 11:18:00-04:00,1000_1200,40_60
2020-09-04,QQQ_TQQQ_SQQQ,TQQQ,2020-09-04 13:45:00+00:00,2020-09-04 13:46:00+00:00,2020-09-04 14:01:00+00:00,-0.02487880561568978,0.004275750884940144,2020-09-04 09:45:00-04:00,pre1000,40_60
2020-09-04,QQQ_TQQQ_SQQQ,TQQQ,2020-09-04 14:17:00+00:00,2020-09-04 14:18:00+00:00,2020-09-04 14:33:00+00:00,-0.021790867172393313,0.0040740476020297844,2020-09-04 10:17:00-04:00,1000_1200,40_60
2020-09-04,QQQ_TQQQ_SQQQ,TQQQ,2020-09-04 14:43:00+00:00,2020-09-04 14:44:00+00:00,2020-09-04 14:59:00+00:00,0.06887051230334817,0.0057602633263234004,2020-09-04 10:43:00-04:00,1000_1200,40_60
2020-09-08,QQQ_TQQQ_SQQQ,TQQQ,2020-09-08 13:40:00+00:00,2020-09-08 13:41:00+00:00,2020-09-08 13:56:00+00:00,0.024321111240198423,0.005396732788798153,2020-09-08 09:40:00-04:00,pre1000,40_60
2020-09-11,QQQ_TQQQ_SQQQ,TQQQ,2020-09-11 13:55:00+00:00,2020-09-11 13:56:00+00:00,2020-09-11 14:11:00+00:00,-0.021120000000000028,0.00459585643419913,2020-09-11 09:55:00-04:00,pre1000,40_60
2020-09-21,QQQ_TQQQ_SQQQ,TQQQ,2020-09-21 13:55:00+00:00,2020-09-21 13:56:00+00:00,2020-09-21 14:11:00+00:00,0.0030745161146126243,0.004805691149203373,2020-09-21 09:55:00-04:00,pre1000,40_60
2020-09-24,QQQ_TQQQ_SQQQ,SQQQ,2020-09-24 14:00:00+00:00,2020-09-24 14:01:00+00:00,2020-09-24 14:16:00+00:00,-0.007464045148370624,0.004423607697833676,2020-09-24 10:00:00-04:00,1000_1200,40_60
2020-10-06,QQQ_TQQQ_SQQQ,TQQQ,2020-10-06 18:54:00+00:00,2020-10-06 18:55:00+00:00,2020-10-06 19:10:00+00:00,-0.012762645914396908,0.004928234828590949,2020-10-06 14:54:00-04:00,1400_1540,40_60
2020-10-21,QQQ_TQQQ_SQQQ,SQQQ,2020-10-21 16:20:00+00:00,2020-10-21 16:21:00+00:00,2020-10-21 16:36:00+00:00,0.011857541899441326,0.004115660616293759,2020-10-21 12:20:00-04:00,1200_1400,40_60
2020-10-30,QQQ_TQQQ_SQQQ,SQQQ,2020-10-30 15:00:00+00:00,2020-10-30 15:01:00+00:00,2020-10-30 15:16:00+00:00,-0.0016645561050979696,0.004736508410099427,2020-10-30 11:00:00-04:00,1000_1200,40_60
2020-11-09,QQQ_TQQQ_SQQQ,TQQQ,2020-11-09 14:51:00+00:00,2020-11-09 14:52:00+00:00,2020-11-09 15:07:00+00:00,0.018687924725562022,0.0040489826168979,2020-11-09 09:51:00-05:00,pre1000,40_60
2020-11-10,QQQ_TQQQ_SQQQ,TQQQ,2020-11-10 14:35:00+00:00,2020-11-10 14:36:00+00:00,2020-11-10 14:51:00+00:00,-0.0038416508122347537,0.004299346359537104,2020-11-10 09:35:00-05:00,pre1000,40_60
2021-01-25,QQQ_TQQQ_SQQQ,TQQQ,2021-01-25 16:03:00+00:00,2021-01-25 16:04:00+00:00,2021-01-25 16:19:00+00:00,0.0055248618784529135,0.004541827778800744,2021-01-25 11:03:00-05:00,1000_1200,40_60
2021-02-23,QQQ_TQQQ_SQQQ,SQQQ,2021-02-23 14:51:00+00:00,2021-02-23 14:52:00+00:00,2021-02-23 15:07:00+00:00,-0.019674355495251095,0.004625614339404338,2021-02-23 09:51:00-05:00,pre1000,40_60
2021-02-26,QQQ_TQQQ_SQQQ,TQQQ,2021-02-26 15:27:00+00:00,2021-02-26 15:28:00+00:00,2021-02-26 15:43:00+00:00,0.024892177104840485,0.0044674197459951825,2021-02-26 10:27:00-05:00,1000_1200,40_60
2021-03-04,QQQ_TQQQ_SQQQ,TQQQ,2021-03-04 17:10:00+00:00,2021-03-04 17:11:00+00:00,2021-03-04 17:26:00+00:00,-0.029366106080206955,0.004174828992581703,2021-03-04 12:10:00-05:00,1200_1400,40_60
2021-03-05,QQQ_TQQQ_SQQQ,TQQQ,2021-03-05 14:49:00+00:00,2021-03-05 14:50:00+00:00,2021-03-05 15:05:00+00:00,-0.0023890355840563426,0.004332272145459282,2021-03-05 09:49:00-05:00,pre1000,40_60
2021-03-05,QQQ_TQQQ_SQQQ,TQQQ,2021-03-05 15:12:00+00:00,2021-03-05 15:13:00+00:00,2021-03-05 15:28:00+00:00,0.0017852588625351107,0.004286892003297682,2021-03-05 10:12:00-05:00,1000_1200,40_60
2021-03-05,QQQ_TQQQ_SQQQ,TQQQ,2021-03-05 15:58:00+00:00,2021-03-05 15:59:00+00:00,2021-03-05 16:14:00+00:00,-0.012519359834796018,0.004369888321398285,2021-03-05 10:58:00-05:00,1000_1200,40_60
2021-03-08,QQQ_TQQQ_SQQQ,TQQQ,2021-03-08 14:56:00+00:00,2021-03-08 14:57:00+00:00,2021-03-08 15:12:00+00:00,0.006927564414195286,0.0045733190619831054,2021-03-08 09:56:00-05:00,pre1000,40_60
2021-03-17,QQQ_TQQQ_SQQQ,SQQQ,2021-03-17 18:00:00+00:00,2021-03-17 18:01:00+00:00,2021-03-17 18:16:00+00:00,-0.013578394598649735,0.006305766623577291,2021-03-17 14:00:00-04:00,1400_1540,60_100
2021-06-16,QQQ_TQQQ_SQQQ,TQQQ,2021-06-16 18:00:00+00:00,2021-06-16 18:01:00+00:00,2021-06-16 18:16:00+00:00,-0.008638305777447397,0.006522756522756579,2021-06-16 14:00:00-04:00,1400_1540,60_100
2021-12-15,QQQ_TQQQ_SQQQ,TQQQ,2021-12-15 19:00:00+00:00,2021-12-15 19:01:00+00:00,2021-12-15 19:16:00+00:00,0.03877794732302786,0.0048661800486617945,2021-12-15 14:00:00-05:00,1400_1540,40_60
2021-12-20,QQQ_TQQQ_SQQQ,TQQQ,2021-12-20 14:40:00+00:00,2021-12-20 14:41:00+00:00,2021-12-20 14:56:00+00:00,0.016210599237963308,0.0046476210482091496,2021-12-20 09:40:00-05:00,pre1000,40_60
2022-01-24,QQQ_TQQQ_SQQQ,SQQQ,2022-01-24 15:53:00+00:00,2022-01-24 15:54:00+00:00,2022-01-24 16:09:00+00:00,0.012104909213180859,0.004311623831775746,2022-01-24 10:53:00-05:00,1000_1200,40_60
2022-01-24,QQQ_TQQQ_SQQQ,SQQQ,2022-01-24 17:42:00+00:00,2022-01-24 17:43:00+00:00,2022-01-24 17:58:00+00:00,-0.017902813299232823,0.004555333908952797,2022-01-24 12:42:00-05:00,1200_1400,40_60
2022-01-24,QQQ_TQQQ_SQQQ,SQQQ,2022-01-24 19:49:00+00:00,2022-01-24 19:50:00+00:00,2022-01-24 20:05:00+00:00,-0.013963360142984826,0.004122927570981538,2022-01-24 14:49:00-05:00,1400_1540,40_60
2022-01-25,QQQ_TQQQ_SQQQ,TQQQ,2022-01-25 14:45:00+00:00,2022-01-25 14:46:00+00:00,2022-01-25 15:01:00+00:00,-0.0061918168168169085,0.004531940074473884,2022-01-25 09:45:00-05:00,pre1000,40_60
2022-01-25,QQQ_TQQQ_SQQQ,TQQQ,2022-01-25 15:01:00+00:00,2022-01-25 15:02:00+00:00,2022-01-25 15:17:00+00:00,0.015390498040340317,0.004009180442171911,2022-01-25 10:01:00-05:00,1000_1200,40_60
2022-01-25,QQQ_TQQQ_SQQQ,SQQQ,2022-01-25 15:44:00+00:00,2022-01-25 15:45:00+00:00,2022-01-25 16:00:00+00:00,0.015102974828375304,0.004321471040343194,2022-01-25 10:44:00-05:00,1000_1200,40_60
2022-01-26,QQQ_TQQQ_SQQQ,SQQQ,2022-01-26 19:02:00+00:00,2022-01-26 19:03:00+00:00,2022-01-26 19:18:00+00:00,0.04527400703871298,0.004226661782524177,2022-01-26 14:02:00-05:00,1400_1540,40_60
2022-01-26,QQQ_TQQQ_SQQQ,SQQQ,2022-01-26 19:38:00+00:00,2022-01-26 19:39:00+00:00,2022-01-26 19:54:00+00:00,0.04948554630083302,0.0052876961564702896,2022-01-26 14:38:00-05:00,1400_1540,40_60
2022-01-26,QQQ_TQQQ_SQQQ,SQQQ,2022-01-26 20:10:00+00:00,2022-01-26 20:11:00+00:00,2022-01-26 20:26:00+00:00,0.008460854092526837,0.00454105997128873,2022-01-26 15:10:00-05:00,1400_1540,40_60
2022-01-26,QQQ_TQQQ_SQQQ,SQQQ,2022-01-26 20:27:00+00:00,2022-01-26 20:28:00+00:00,2022-01-26 20:43:00+00:00,-0.0022578460149018653,0.005206965957819332,2022-01-26 15:27:00-05:00,1400_1540,40_60
2022-01-27,QQQ_TQQQ_SQQQ,TQQQ,2022-01-27 15:00:00+00:00,2022-01-27 15:01:00+00:00,2022-01-27 15:16:00+00:00,0.021481886036774034,0.004314902128875531,2022-01-27 10:00:00-05:00,1000_1200,40_60
2022-02-01,QQQ_TQQQ_SQQQ,TQQQ,2022-02-01 15:00:00+00:00,2022-02-01 15:01:00+00:00,2022-02-01 15:16:00+00:00,0.0036417811620592655,0.0040069638267885566,2022-02-01 10:00:00-05:00,1000_1200,40_60
2022-02-04,QQQ_TQQQ_SQQQ,SQQQ,2022-02-04 14:40:00+00:00,2022-02-04 14:41:00+00:00,2022-02-04 14:56:00+00:00,-0.005148166750376659,0.004311401020986816,2022-02-04 09:40:00-05:00,pre1000,40_60
2022-02-04,QQQ_TQQQ_SQQQ,TQQQ,2022-02-04 15:29:00+00:00,2022-02-04 15:30:00+00:00,2022-02-04 15:45:00+00:00,-0.006099686301847318,0.004625087596355937,2022-02-04 10:29:00-05:00,1000_1200,40_60
2022-02-10,QQQ_TQQQ_SQQQ,TQQQ,2022-02-10 17:45:00+00:00,2022-02-10 17:46:00+00:00,2022-02-10 18:01:00+00:00,0.0006583494637160126,0.0058670322138451025,2022-02-10 12:45:00-05:00,1200_1400,40_60
2022-02-11,QQQ_TQQQ_SQQQ,SQQQ,2022-02-11 14:45:00+00:00,2022-02-11 14:46:00+00:00,2022-02-11 15:01:00+00:00,0.016122125297383105,0.004026057539072259,2022-02-11 09:45:00-05:00,pre1000,40_60
2022-02-14,QQQ_TQQQ_SQQQ,SQQQ,2022-02-14 19:28:00+00:00,2022-02-14 19:29:00+00:00,2022-02-14 19:44:00+00:00,-0.004751722499406141,0.00432573668166647,2022-02-14 14:28:00-05:00,1400_1540,40_60
2022-02-16,QQQ_TQQQ_SQQQ,SQQQ,2022-02-16 19:00:00+00:00,2022-02-16 19:01:00+00:00,2022-02-16 19:16:00+00:00,0.0005085176709891392,0.004363336602282386,2022-02-16 14:00:00-05:00,1400_1540,40_60
2022-02-24,QQQ_TQQQ_SQQQ,SQQQ,2022-02-24 15:53:00+00:00,2022-02-24 15:54:00+00:00,2022-02-24 16:09:00+00:00,-0.005553270259152532,0.0043300231052896265,2022-02-24 10:53:00-05:00,1000_1200,40_60
2022-02-24,QQQ_TQQQ_SQQQ,SQQQ,2022-02-24 18:49:00+00:00,2022-02-24 18:50:00+00:00,2022-02-24 19:05:00+00:00,0.01708847069002828,0.0042440477982119695,2022-02-24 13:49:00-05:00,1200_1400,40_60
2022-03-02,QQQ_TQQQ_SQQQ,SQQQ,2022-03-02 15:28:00+00:00,2022-03-02 15:29:00+00:00,2022-03-02 15:44:00+00:00,-0.013973696571160099,0.004304600740348885,2022-03-02 10:28:00-05:00,1000_1200,40_60
2022-03-03,QQQ_TQQQ_SQQQ,SQQQ,2022-03-03 17:33:00+00:00,2022-03-03 17:34:00+00:00,2022-03-03 17:49:00+00:00,0.002182347235693438,0.004451815642458001,2022-03-03 12:33:00-05:00,1200_1400,40_60
2022-03-08,QQQ_TQQQ_SQQQ,SQQQ,2022-03-08 14:35:00+00:00,2022-03-08 14:36:00+00:00,2022-03-08 14:51:00+00:00,0.015413070283600394,0.008517096134786906,2022-03-08 09:35:00-05:00,pre1000,60_100
2022-03-08,QQQ_TQQQ_SQQQ,SQQQ,2022-03-08 15:19:00+00:00,2022-03-08 15:20:00+00:00,2022-03-08 15:35:00+00:00,0.031098324247930575,0.004053689751116973,2022-03-08 10:19:00-05:00,1000_1200,40_60
2022-03-08,QQQ_TQQQ_SQQQ,SQQQ,2022-03-08 15:54:00+00:00,2022-03-08 15:55:00+00:00,2022-03-08 16:10:00+00:00,0.005159332321699628,0.007041815638116011,2022-03-08 10:54:00-05:00,1000_1200,60_100
2022-03-08,QQQ_TQQQ_SQQQ,SQQQ,2022-03-08 17:01:00+00:00,2022-03-08 17:02:00+00:00,2022-03-08 17:17:00+00:00,-0.04585858585858593,0.004716981132075304,2022-03-08 12:01:00-05:00,1200_1400,40_60
2022-03-08,QQQ_TQQQ_SQQQ,SQQQ,2022-03-08 19:23:00+00:00,2022-03-08 19:24:00+00:00,2022-03-08 19:39:00+00:00,-0.009153033754400464,0.005328159167205637,2022-03-08 14:23:00-05:00,1400_1540,40_60
2022-03-09,QQQ_TQQQ_SQQQ,TQQQ,2022-03-09 14:43:00+00:00,2022-03-09 14:44:00+00:00,2022-03-09 14:59:00+00:00,0.0011111111111110628,0.0043382640918265825,2022-03-09 09:43:00-05:00,pre1000,40_60
2022-03-14,QQQ_TQQQ_SQQQ,TQQQ,2022-03-14 13:38:00+00:00,2022-03-14 13:39:00+00:00,2022-03-14 13:54:00+00:00,0.018840579710144967,0.004480702079663779,2022-03-14 09:38:00-04:00,pre1000,40_60
2022-03-16,QQQ_TQQQ_SQQQ,TQQQ,2022-03-16 18:01:00+00:00,2022-03-16 18:02:00+00:00,2022-03-16 18:17:00+00:00,-0.020228671943711363,0.005941540023288505,2022-03-16 14:01:00-04:00,1400_1540,40_60
2022-03-21,QQQ_TQQQ_SQQQ,TQQQ,2022-03-21 16:30:00+00:00,2022-03-21 16:31:00+00:00,2022-03-21 16:46:00+00:00,-0.001522939272796453,0.0045262108262108525,2022-03-21 12:30:00-04:00,1200_1400,40_60
2022-04-06,QQQ_TQQQ_SQQQ,SQQQ,2022-04-06 18:32:00+00:00,2022-04-06 18:33:00+00:00,2022-04-06 18:48:00+00:00,0.002230897936419396,0.004257976609515213,2022-04-06 14:32:00-04:00,1400_1540,40_60
2022-04-25,QQQ_TQQQ_SQQQ,TQQQ,2022-04-25 13:44:00+00:00,2022-04-25 13:45:00+00:00,2022-04-25 14:00:00+00:00,-0.0036964021685559345,0.0040684234858991974,2022-04-25 09:44:00-04:00,pre1000,40_60
2022-04-25,QQQ_TQQQ_SQQQ,SQQQ,2022-04-25 14:24:00+00:00,2022-04-25 14:25:00+00:00,2022-04-25 14:40:00+00:00,-0.01319436744650182,0.004040964896045329,2022-04-25 10:24:00-04:00,1000_1200,40_60
2022-04-26,QQQ_TQQQ_SQQQ,SQQQ,2022-04-26 16:57:00+00:00,2022-04-26 16:58:00+00:00,2022-04-26 17:13:00+00:00,0.016584575502268217,0.004113118070078636,2022-04-26 12:57:00-04:00,1200_1400,40_60
2022-04-27,QQQ_TQQQ_SQQQ,TQQQ,2022-04-27 14:02:00+00:00,2022-04-27 14:03:00+00:00,2022-04-27 14:18:00+00:00,-0.041006642820643924,0.004576176250933539,2022-04-27 10:02:00-04:00,1000_1200,40_60
2022-04-27,QQQ_TQQQ_SQQQ,SQQQ,2022-04-27 15:00:00+00:00,2022-04-27 15:01:00+00:00,2022-04-27 15:16:00+00:00,0.00264718339686576,0.005191291215706162,2022-04-27 11:00:00-04:00,1000_1200,40_60
2022-05-02,QQQ_TQQQ_SQQQ,SQQQ,2022-05-02 13:41:00+00:00,2022-05-02 13:42:00+00:00,2022-05-02 13:57:00+00:00,-0.026092233009708754,0.00512738085670672,2022-05-02 09:41:00-04:00,pre1000,40_60
2022-05-02,QQQ_TQQQ_SQQQ,SQQQ,2022-05-02 18:45:00+00:00,2022-05-02 18:46:00+00:00,2022-05-02 19:01:00+00:00,-0.000999400359784186,0.004191925706178212,2022-05-02 14:45:00-04:00,1400_1540,40_60
2022-05-04,QQQ_TQQQ_SQQQ,TQQQ,2022-05-04 18:02:00+00:00,2022-05-04 18:03:00+00:00,2022-05-04 18:18:00+00:00,-0.013005408189544099,0.004182083890426402,2022-05-04 14:02:00-04:00,1400_1540,40_60
2022-05-04,QQQ_TQQQ_SQQQ,TQQQ,2022-05-04 18:30:00+00:00,2022-05-04 18:31:00+00:00,2022-05-04 18:46:00+00:00,0.030687664041994633,0.005003126954346571,2022-05-04 14:30:00-04:00,1400_1540,40_60
2022-05-06,QQQ_TQQQ_SQQQ,SQQQ,2022-05-06 14:17:00+00:00,2022-05-06 14:18:00+00:00,2022-05-06 14:33:00+00:00,0.007131214343928383,0.005074501438314005,2022-05-06 10:17:00-04:00,1000_1200,40_60
2022-05-06,QQQ_TQQQ_SQQQ,SQQQ,2022-05-06 14:45:00+00:00,2022-05-06 14:46:00+00:00,2022-05-06 15:01:00+00:00,-0.01736820596648947,0.005913201734246254,2022-05-06 10:45:00-04:00,1000_1200,40_60
2022-05-10,QQQ_TQQQ_SQQQ,SQQQ,2022-05-10 15:58:00+00:00,2022-05-10 15:59:00+00:00,2022-05-10 16:14:00+00:00,0.002202238942925261,0.004075676763610758,2022-05-10 11:58:00-04:00,1000_1200,40_60
2022-05-11,QQQ_TQQQ_SQQQ,TQQQ,2022-05-11 13:36:00+00:00,2022-05-11 13:37:00+00:00,2022-05-11 13:52:00+00:00,0.07547169811320753,0.004030903594222313,2022-05-11 09:36:00-04:00,pre1000,40_60
2022-05-11,QQQ_TQQQ_SQQQ,TQQQ,2022-05-11 14:09:00+00:00,2022-05-11 14:10:00+00:00,2022-05-11 14:25:00+00:00,0.02991315535541994,0.006795552605376787,2022-05-11 10:09:00-04:00,1000_1200,60_100
2022-05-12,QQQ_TQQQ_SQQQ,TQQQ,2022-05-12 13:49:00+00:00,2022-05-12 13:50:00+00:00,2022-05-12 14:05:00+00:00,-0.004693140794223782,0.004488330341113178,2022-05-12 09:49:00-04:00,pre1000,40_60
2022-05-12,QQQ_TQQQ_SQQQ,TQQQ,2022-05-12 14:31:00+00:00,2022-05-12 14:32:00+00:00,2022-05-12 14:47:00+00:00,-0.00034965034965039887,0.0041689447785674405,2022-05-12 10:31:00-04:00,1000_1200,40_60
2022-05-16,QQQ_TQQQ_SQQQ,TQQQ,2022-05-16 13:44:00+00:00,2022-05-16 13:45:00+00:00,2022-05-16 14:00:00+00:00,-0.008732212160414088,0.004073489068085578,2022-05-16 09:44:00-04:00,pre1000,40_60
2022-05-23,QQQ_TQQQ_SQQQ,SQQQ,2022-05-23 14:17:00+00:00,2022-05-23 14:18:00+00:00,2022-05-23 14:33:00+00:00,-0.009474368188735927,0.004191927940412343,2022-05-23 10:17:00-04:00,1000_1200,40_60
2022-05-25,QQQ_TQQQ_SQQQ,TQQQ,2022-05-25 18:06:00+00:00,2022-05-25 18:07:00+00:00,2022-05-25 18:22:00+00:00,0.028507512990788797,0.005394004356695792,2022-05-25 14:06:00-04:00,1400_1540,40_60
2022-06-01,QQQ_TQQQ_SQQQ,TQQQ,2022-06-01 14:00:00+00:00,2022-06-01 14:01:00+00:00,2022-06-01 14:16:00+00:00,-0.021245205075243412,0.004115424032795412,2022-06-01 10:00:00-04:00,1000_1200,40_60
2022-06-13,QQQ_TQQQ_SQQQ,TQQQ,2022-06-13 13:39:00+00:00,2022-06-13 13:40:00+00:00,2022-06-13 13:55:00+00:00,-0.005647731916632481,0.004472684675730365,2022-06-13 09:39:00-04:00,pre1000,40_60
2022-06-13,QQQ_TQQQ_SQQQ,SQQQ,2022-06-13 19:16:00+00:00,2022-06-13 19:17:00+00:00,2022-06-13 19:32:00+00:00,0.014077390116614241,0.0041671196144508205,2022-06-13 15:16:00-04:00,1400_1540,40_60
2022-06-15,QQQ_TQQQ_SQQQ,TQQQ,2022-06-15 18:01:00+00:00,2022-06-15 18:02:00+00:00,2022-06-15 18:17:00+00:00,-0.00041084634346755244,0.004541745023595722,2022-06-15 14:01:00-04:00,1400_1540,40_60
2022-06-15,QQQ_TQQQ_SQQQ,TQQQ,2022-06-15 18:32:00+00:00,2022-06-15 18:33:00+00:00,2022-06-15 18:48:00+00:00,0.07512195954741596,0.004636451856377843,2022-06-15 14:32:00-04:00,1400_1540,40_60
2022-06-15,QQQ_TQQQ_SQQQ,SQQQ,2022-06-15 19:00:00+00:00,2022-06-15 19:01:00+00:00,2022-06-15 19:16:00+00:00,0.009350561033661942,0.004929952119169911,2022-06-15 15:00:00-04:00,1400_1540,40_60
2022-06-29,QQQ_TQQQ_SQQQ,SQQQ,2022-06-29 14:02:00+00:00,2022-06-29 14:03:00+00:00,2022-06-29 14:18:00+00:00,0.02577467311481274,0.004226096143687297,2022-06-29 10:02:00-04:00,1000_1200,40_60
2022-06-29,QQQ_TQQQ_SQQQ,SQQQ,2022-06-29 14:25:00+00:00,2022-06-29 14:26:00+00:00,2022-06-29 14:41:00+00:00,0.003377795485955959,0.004200494175785385,2022-06-29 10:25:00-04:00,1000_1200,40_60
2022-07-01,QQQ_TQQQ_SQQQ,TQQQ,2022-07-01 14:11:00+00:00,2022-07-01 14:12:00+00:00,2022-07-01 14:27:00+00:00,-0.015822545234309926,0.004307889490173689,2022-07-01 10:11:00-04:00,1000_1200,40_60
2022-07-06,QQQ_TQQQ_SQQQ,TQQQ,2022-07-06 14:00:00+00:00,2022-07-06 14:01:00+00:00,2022-07-06 14:16:00+00:00,-0.0031210937500000258,0.004167390171904817,2022-07-06 10:00:00-04:00,1000_1200,40_60
2022-07-06,QQQ_TQQQ_SQQQ,SQQQ,2022-07-06 18:27:00+00:00,2022-07-06 18:28:00+00:00,2022-07-06 18:43:00+00:00,-0.0182724252491695,0.004064331565727164,2022-07-06 14:27:00-04:00,1400_1540,40_60
2022-07-13,QQQ_TQQQ_SQQQ,SQQQ,2022-07-13 13:39:00+00:00,2022-07-13 13:40:00+00:00,2022-07-13 13:55:00+00:00,-0.0038307665073464836,0.004218661372660248,2022-07-13 09:39:00-04:00,pre1000,40_60
2022-07-13,QQQ_TQQQ_SQQQ,TQQQ,2022-07-13 14:00:00+00:00,2022-07-13 14:01:00+00:00,2022-07-13 14:16:00+00:00,0.00324324324324321,0.004084903998590961,2022-07-13 10:00:00-04:00,1000_1200,40_60
2022-07-13,QQQ_TQQQ_SQQQ,TQQQ,2022-07-13 18:00:00+00:00,2022-07-13 18:01:00+00:00,2022-07-13 18:16:00+00:00,-0.0011822854883352107,0.004351004211772036,2022-07-13 14:00:00-04:00,1400_1540,40_60
2022-07-14,QQQ_TQQQ_SQQQ,SQQQ,2022-07-14 13:45:00+00:00,2022-07-14 13:46:00+00:00,2022-07-14 14:01:00+00:00,0.013995797583610692,0.004623407133195645,2022-07-14 09:45:00-04:00,pre1000,40_60
2022-07-15,QQQ_TQQQ_SQQQ,SQQQ,2022-07-15 14:00:00+00:00,2022-07-15 14:01:00+00:00,2022-07-15 14:16:00+00:00,0.014594335093614852,0.005945796460177011,2022-07-15 10:00:00-04:00,1000_1200,40_60
2022-07-27,QQQ_TQQQ_SQQQ,SQQQ,2022-07-27 18:35:00+00:00,2022-07-27 18:36:00+00:00,2022-07-27 18:51:00+00:00,-0.020231213872832332,0.00526603317551233,2022-07-27 14:35:00-04:00,1400_1540,40_60
2022-08-26,QQQ_TQQQ_SQQQ,TQQQ,2022-08-26 14:02:00+00:00,2022-08-26 14:03:00+00:00,2022-08-26 14:18:00+00:00,0.0250910733102514,0.005087779906409962,2022-08-26 10:02:00-04:00,1000_1200,40_60
2022-08-26,QQQ_TQQQ_SQQQ,TQQQ,2022-08-26 14:30:00+00:00,2022-08-26 14:31:00+00:00,2022-08-26 14:46:00+00:00,-0.007202528234400596,0.004078019789460208,2022-08-26 10:30:00-04:00,1000_1200,40_60
2022-09-08,QQQ_TQQQ_SQQQ,SQQQ,2022-09-08 13:41:00+00:00,2022-09-08 13:42:00+00:00,2022-09-08 13:57:00+00:00,-0.014063176114236242,0.004325347210488939,2022-09-08 09:41:00-04:00,pre1000,40_60
2022-09-21,QQQ_TQQQ_SQQQ,TQQQ,2022-09-21 18:00:00+00:00,2022-09-21 18:01:00+00:00,2022-09-21 18:16:00+00:00,-0.01450802799505968,0.012853735134114808,2022-09-21 14:00:00-04:00,1400_1540,100_200
2022-09-21,QQQ_TQQQ_SQQQ,SQQQ,2022-09-21 18:34:00+00:00,2022-09-21 18:35:00+00:00,2022-09-21 18:50:00+00:00,-0.01790860436393571,0.004298987657745057,2022-09-21 14:34:00-04:00,1400_1540,40_60
2022-09-21,QQQ_TQQQ_SQQQ,TQQQ,2022-09-21 19:10:00+00:00,2022-09-21 19:11:00+00:00,2022-09-21 19:26:00+00:00,-0.0034517766497462743,0.006156491831470379,2022-09-21 15:10:00-04:00,1400_1540,60_100
2022-09-28,QQQ_TQQQ_SQQQ,SQQQ,2022-09-28 14:00:00+00:00,2022-09-28 14:01:00+00:00,2022-09-28 14:16:00+00:00,0.019378637477166283,0.004596577017115022,2022-09-28 10:00:00-04:00,1000_1200,40_60
2022-09-30,QQQ_TQQQ_SQQQ,SQQQ,2022-09-30 13:42:00+00:00,2022-09-30 13:43:00+00:00,2022-09-30 13:58:00+00:00,-0.010384219554030794,0.004359713293430767,2022-09-30 09:42:00-04:00,pre1000,40_60
2022-10-13,QQQ_TQQQ_SQQQ,SQQQ,2022-10-13 15:17:00+00:00,2022-10-13 15:18:00+00:00,2022-10-13 15:33:00+00:00,-0.007273599232675232,0.005563005158325973,2022-10-13 11:17:00-04:00,1000_1200,40_60
2022-10-13,QQQ_TQQQ_SQQQ,SQQQ,2022-10-13 15:38:00+00:00,2022-10-13 15:39:00+00:00,2022-10-13 15:54:00+00:00,0.009028590536699577,0.006069146937241365,2022-10-13 11:38:00-04:00,1000_1200,60_100
2022-10-14,QQQ_TQQQ_SQQQ,TQQQ,2022-10-14 14:00:00+00:00,2022-10-14 14:01:00+00:00,2022-10-14 14:16:00+00:00,-0.01463687150838,0.0062313432835821025,2022-10-14 10:00:00-04:00,1000_1200,60_100
2022-10-14,QQQ_TQQQ_SQQQ,SQQQ,2022-10-14 14:28:00+00:00,2022-10-14 14:29:00+00:00,2022-10-14 14:44:00+00:00,0.015559481839129141,0.005001515610791207,2022-10-14 10:28:00-04:00,1000_1200,40_60
2022-10-18,QQQ_TQQQ_SQQQ,SQQQ,2022-10-18 16:08:00+00:00,2022-10-18 16:09:00+00:00,2022-10-18 16:24:00+00:00,0.0011561919915141772,0.004476673202856052,2022-10-18 12:08:00-04:00,1200_1400,40_60
2022-10-21,QQQ_TQQQ_SQQQ,SQQQ,2022-10-21 13:44:00+00:00,2022-10-21 13:45:00+00:00,2022-10-21 14:00:00+00:00,-0.02008238928939232,0.0040316559653574835,2022-10-21 09:44:00-04:00,pre1000,40_60
2022-10-24,QQQ_TQQQ_SQQQ,SQQQ,2022-10-24 13:45:00+00:00,2022-10-24 13:46:00+00:00,2022-10-24 14:01:00+00:00,0.021992481203007452,0.006561727497455205,2022-10-24 09:45:00-04:00,pre1000,60_100
2022-10-26,QQQ_TQQQ_SQQQ,SQQQ,2022-10-26 14:00:00+00:00,2022-10-26 14:01:00+00:00,2022-10-26 14:16:00+00:00,0.0020513822408907423,0.005239735859891015,2022-10-26 10:00:00-04:00,1000_1200,40_60
2022-11-02,QQQ_TQQQ_SQQQ,SQQQ,2022-11-02 18:00:00+00:00,2022-11-02 18:01:00+00:00,2022-11-02 18:16:00+00:00,-0.0030103480714956943,0.00907826341606266,2022-11-02 14:00:00-04:00,1400_1540,60_100
2022-11-02,QQQ_TQQQ_SQQQ,SQQQ,2022-11-02 18:35:00+00:00,2022-11-02 18:36:00+00:00,2022-11-02 18:51:00+00:00,0.06192129629629628,0.005097989586346552,2022-11-02 14:35:00-04:00,1400_1540,40_60
2022-11-02,QQQ_TQQQ_SQQQ,TQQQ,2022-11-02 18:51:00+00:00,2022-11-02 18:52:00+00:00,2022-11-02 19:07:00+00:00,0.00647836227001819,0.0066069593304948215,2022-11-02 14:51:00-04:00,1400_1540,60_100
2022-11-02,QQQ_TQQQ_SQQQ,SQQQ,2022-11-02 19:08:00+00:00,2022-11-02 19:09:00+00:00,2022-11-02 19:24:00+00:00,0.042568673822084735,0.005310713627143748,2022-11-02 15:08:00-04:00,1400_1540,40_60
2022-11-23,QQQ_TQQQ_SQQQ,SQQQ,2022-11-23 19:01:00+00:00,2022-11-23 19:02:00+00:00,2022-11-23 19:17:00+00:00,-0.0068771138669673215,0.004166884599961618,2022-11-23 14:01:00-05:00,1400_1540,40_60
2022-11-30,QQQ_TQQQ_SQQQ,SQQQ,2022-11-30 18:30:00+00:00,2022-11-30 18:31:00+00:00,2022-11-30 18:46:00+00:00,-0.011859393419783482,0.005470887065259777,2022-11-30 13:30:00-05:00,1200_1400,40_60
2022-12-14,QQQ_TQQQ_SQQQ,TQQQ,2022-12-14 19:00:00+00:00,2022-12-14 19:01:00+00:00,2022-12-14 19:16:00+00:00,-0.01724892194237848,0.007114624505928813,2022-12-14 14:00:00-05:00,1400_1540,60_100
2022-12-14,QQQ_TQQQ_SQQQ,TQQQ,2022-12-14 19:34:00+00:00,2022-12-14 19:35:00+00:00,2022-12-14 19:50:00+00:00,0.023869763387061482,0.009093452714045935,2022-12-14 14:34:00-05:00,1400_1540,60_100
2022-12-14,QQQ_TQQQ_SQQQ,SQQQ,2022-12-14 20:02:00+00:00,2022-12-14 20:03:00+00:00,2022-12-14 20:18:00+00:00,-0.006393621337153044,0.004305215260762996,2022-12-14 15:02:00-05:00,1400_1540,40_60
2023-01-03,QQQ_TQQQ_SQQQ,TQQQ,2023-01-03 14:52:00+00:00,2023-01-03 14:53:00+00:00,2023-01-03 15:08:00+00:00,-0.009240542881894354,0.00442676229967498,2023-01-03 09:52:00-05:00,pre1000,40_60
2023-01-04,QQQ_TQQQ_SQQQ,TQQQ,2023-01-04 19:25:00+00:00,2023-01-04 19:26:00+00:00,2023-01-04 19:41:00+00:00,-0.0005931198102014923,0.004033778179898917,2023-01-04 14:25:00-05:00,1400_1540,40_60
2023-01-10,QQQ_TQQQ_SQQQ,SQQQ,2023-01-10 14:53:00+00:00,2023-01-10 14:54:00+00:00,2023-01-10 15:09:00+00:00,-0.0010811873402791772,0.004145077720207224,2023-01-10 09:53:00-05:00,pre1000,40_60
2023-02-02,QQQ_TQQQ_SQQQ,TQQQ,2023-02-02 20:08:00+00:00,2023-02-02 20:09:00+00:00,2023-02-02 20:24:00+00:00,0.018654212631183498,0.0041386445938954575,2023-02-02 15:08:00-05:00,1400_1540,40_60
2023-02-07,QQQ_TQQQ_SQQQ,SQQQ,2023-02-07 17:41:00+00:00,2023-02-07 17:42:00+00:00,2023-02-07 17:57:00+00:00,-0.0344902073732718,0.004298323325786724,2023-02-07 12:41:00-05:00,1200_1400,40_60
2023-03-07,QQQ_TQQQ_SQQQ,TQQQ,2023-03-07 15:00:00+00:00,2023-03-07 15:01:00+00:00,2023-03-07 15:16:00+00:00,-0.020570325900514663,0.0041293416364182045,2023-03-07 10:00:00-05:00,1000_1200,40_60
2023-03-13,QQQ_TQQQ_SQQQ,SQQQ,2023-03-13 13:47:00+00:00,2023-03-13 13:48:00+00:00,2023-03-13 14:03:00+00:00,-0.013740053050397938,0.006224211483320419,2023-03-13 09:47:00-04:00,pre1000,60_100
2023-03-22,QQQ_TQQQ_SQQQ,SQQQ,2023-03-22 18:00:00+00:00,2023-03-22 18:01:00+00:00,2023-03-22 18:16:00+00:00,0.006996533249290948,0.0046547462360757574,2023-03-22 14:00:00-04:00,1400_1540,40_60
2023-03-23,QQQ_TQQQ_SQQQ,SQQQ,2023-03-23 19:00:00+00:00,2023-03-23 19:01:00+00:00,2023-03-23 19:16:00+00:00,0.014434889434889353,0.004551049494687653,2023-03-23 15:00:00-04:00,1400_1540,40_60
2024-08-05,QQQ_TQQQ_SQQQ,SQQQ,2024-08-05 13:36:00+00:00,2024-08-05 13:37:00+00:00,2024-08-05 13:52:00+00:00,-0.02145730889584263,0.004092227106912372,2024-08-05 09:36:00-04:00,pre1000,40_60
2024-08-05,QQQ_TQQQ_SQQQ,SQQQ,2024-08-05 14:00:00+00:00,2024-08-05 14:01:00+00:00,2024-08-05 14:16:00+00:00,0.0121212121212122,0.008965644795857042,2024-08-05 10:00:00-04:00,1000_1200,60_100
2024-08-05,QQQ_TQQQ_SQQQ,SQQQ,2024-08-05 15:11:00+00:00,2024-08-05 15:12:00+00:00,2024-08-05 15:27:00+00:00,-0.001897533206831059,0.004322667703496874,2024-08-05 11:11:00-04:00,1000_1200,40_60
2024-08-23,QQQ_TQQQ_SQQQ,TQQQ,2024-08-23 14:48:00+00:00,2024-08-23 14:49:00+00:00,2024-08-23 15:04:00+00:00,0.011398597652523046,0.004386697860962574,2024-08-23 10:48:00-04:00,1000_1200,40_60
2024-09-04,QQQ_TQQQ_SQQQ,TQQQ,2024-09-04 14:00:00+00:00,2024-09-04 14:01:00+00:00,2024-09-04 14:16:00+00:00,0.016447368421052655,0.00637458237514632,2024-09-04 10:00:00-04:00,1000_1200,60_100
2024-09-06,QQQ_TQQQ_SQQQ,SQQQ,2024-09-06 15:00:00+00:00,2024-09-06 15:01:00+00:00,2024-09-06 15:16:00+00:00,0.01318565400843874,0.005014088256827698,2024-09-06 11:00:00-04:00,1000_1200,40_60
2024-09-18,QQQ_TQQQ_SQQQ,SQQQ,2024-09-18 18:00:00+00:00,2024-09-18 18:01:00+00:00,2024-09-18 18:16:00+00:00,0.01610924546772563,0.008211775136687027,2024-09-18 14:00:00-04:00,1400_1540,60_100
2025-02-07,QQQ_TQQQ_SQQQ,TQQQ,2025-02-07 15:53:00+00:00,2025-02-07 15:54:00+00:00,2025-02-07 16:09:00+00:00,0.007183048006704107,0.00647665940725306,2025-02-07 10:53:00-05:00,1000_1200,60_100
2025-03-05,QQQ_TQQQ_SQQQ,SQQQ,2025-03-05 15:00:00+00:00,2025-03-05 15:01:00+00:00,2025-03-05 15:16:00+00:00,0.0065632458233890745,0.006459843667733223,2025-03-05 10:00:00-05:00,1000_1200,60_100
2025-03-11,QQQ_TQQQ_SQQQ,TQQQ,2025-03-11 14:02:00+00:00,2025-03-11 14:03:00+00:00,2025-03-11 14:18:00+00:00,-0.00744645247657294,0.004249679170260645,2025-03-11 10:02:00-04:00,1000_1200,40_60
2025-03-19,QQQ_TQQQ_SQQQ,SQQQ,2025-03-19 18:00:00+00:00,2025-03-19 18:01:00+00:00,2025-03-19 18:16:00+00:00,-0.0019069589038115398,0.004264012572027243,2025-03-19 14:00:00-04:00,1400_1540,40_60
2025-04-04,QQQ_TQQQ_SQQQ,SQQQ,2025-04-04 14:51:00+00:00,2025-04-04 14:52:00+00:00,2025-04-04 15:07:00+00:00,-0.027646938357567152,0.005418465002814843,2025-04-04 10:51:00-04:00,1000_1200,40_60
2025-04-04,QQQ_TQQQ_SQQQ,TQQQ,2025-04-04 15:25:00+00:00,2025-04-04 15:26:00+00:00,2025-04-04 15:41:00+00:00,-0.02582943665107984,0.00526171303074674,2025-04-04 11:25:00-04:00,1000_1200,40_60
2025-04-07,QQQ_TQQQ_SQQQ,TQQQ,2025-04-07 13:38:00+00:00,2025-04-07 13:39:00+00:00,2025-04-07 13:54:00+00:00,0.06703204047217559,0.004013690871931264,2025-04-07 09:38:00-04:00,pre1000,40_60
2025-04-07,QQQ_TQQQ_SQQQ,TQQQ,2025-04-07 14:01:00+00:00,2025-04-07 14:02:00+00:00,2025-04-07 14:17:00+00:00,0.18052642885640324,0.0046240978827127854,2025-04-07 10:01:00-04:00,1000_1200,40_60
2025-04-07,QQQ_TQQQ_SQQQ,TQQQ,2025-04-07 14:18:00+00:00,2025-04-07 14:19:00+00:00,2025-04-07 14:34:00+00:00,-0.06546275395033863,0.017567659228108323,2025-04-07 10:18:00-04:00,1000_1200,100_200
2025-04-07,QQQ_TQQQ_SQQQ,TQQQ,2025-04-07 14:34:00+00:00,2025-04-07 14:35:00+00:00,2025-04-07 14:50:00+00:00,0.009997500624843836,0.011447684552692405,2025-04-07 10:34:00-04:00,1000_1200,100_200
2025-04-07,QQQ_TQQQ_SQQQ,SQQQ,2025-04-07 14:50:00+00:00,2025-04-07 14:51:00+00:00,2025-04-07 15:06:00+00:00,-0.0034317269076304946,0.008667569043717682,2025-04-07 10:50:00-04:00,1000_1200,60_100
2025-04-07,QQQ_TQQQ_SQQQ,TQQQ,2025-04-07 15:14:00+00:00,2025-04-07 15:15:00+00:00,2025-04-07 15:30:00+00:00,-0.01628084456881207,0.016684340756451088,2025-04-07 11:14:00-04:00,1000_1200,100_200
2025-04-07,QQQ_TQQQ_SQQQ,SQQQ,2025-04-07 15:30:00+00:00,2025-04-07 15:31:00+00:00,2025-04-07 15:46:00+00:00,-0.028941355674029,0.005251746567092042,2025-04-07 11:30:00-04:00,1000_1200,40_60
2025-04-07,QQQ_TQQQ_SQQQ,SQQQ,2025-04-07 16:11:00+00:00,2025-04-07 16:12:00+00:00,2025-04-07 16:27:00+00:00,-0.02046197053934773,0.004134814173758272,2025-04-07 12:11:00-04:00,1200_1400,40_60
2025-04-07,QQQ_TQQQ_SQQQ,SQQQ,2025-04-07 17:00:00+00:00,2025-04-07 17:01:00+00:00,2025-04-07 17:16:00+00:00,-0.005543563579277877,0.012101130879492716,2025-04-07 13:00:00-04:00,1200_1400,100_200
2025-04-07,QQQ_TQQQ_SQQQ,SQQQ,2025-04-07 17:29:00+00:00,2025-04-07 17:30:00+00:00,2025-04-07 17:45:00+00:00,-0.010711398544866468,0.004388034349344094,2025-04-07 13:29:00-04:00,1200_1400,40_60
2025-04-07,QQQ_TQQQ_SQQQ,SQQQ,2025-04-07 17:46:00+00:00,2025-04-07 17:47:00+00:00,2025-04-07 18:02:00+00:00,0.008046713517982695,0.004508407887957144,2025-04-07 13:46:00-04:00,1200_1400,40_60
2025-04-07,QQQ_TQQQ_SQQQ,TQQQ,2025-04-07 18:25:00+00:00,2025-04-07 18:26:00+00:00,2025-04-07 18:41:00+00:00,0.0067211526847903436,0.004078398471183187,2025-04-07 14:25:00-04:00,1400_1540,40_60
2025-04-07,QQQ_TQQQ_SQQQ,SQQQ,2025-04-07 19:00:00+00:00,2025-04-07 19:01:00+00:00,2025-04-07 19:16:00+00:00,0.028251310162038523,0.004112017015242886,2025-04-07 15:00:00-04:00,1400_1540,40_60
2025-04-07,QQQ_TQQQ_SQQQ,SQQQ,2025-04-07 19:32:00+00:00,2025-04-07 19:33:00+00:00,2025-04-07 19:48:00+00:00,0.016628843572204843,0.004048487144277635,2025-04-07 15:32:00-04:00,1400_1540,40_60
2025-04-08,QQQ_TQQQ_SQQQ,TQQQ,2025-04-08 16:31:00+00:00,2025-04-08 16:32:00+00:00,2025-04-08 16:47:00+00:00,-0.01963501963501968,0.004389004389004358,2025-04-08 12:31:00-04:00,1200_1400,40_60
2025-04-08,QQQ_TQQQ_SQQQ,TQQQ,2025-04-08 16:56:00+00:00,2025-04-08 16:57:00+00:00,2025-04-08 17:12:00+00:00,-0.020386299155489174,0.0040904270815125265,2025-04-08 12:56:00-04:00,1200_1400,40_60
2025-04-08,QQQ_TQQQ_SQQQ,SQQQ,2025-04-08 17:35:00+00:00,2025-04-08 17:36:00+00:00,2025-04-08 17:51:00+00:00,-0.009207365892714203,0.004519189815910263,2025-04-08 13:35:00-04:00,1200_1400,40_60
2025-04-08,QQQ_TQQQ_SQQQ,SQQQ,2025-04-08 18:30:00+00:00,2025-04-08 18:31:00+00:00,2025-04-08 18:46:00+00:00,0.025610002016535516,0.006647740714454731,2025-04-08 14:30:00-04:00,1400_1540,60_100
2025-04-09,QQQ_TQQQ_SQQQ,SQQQ,2025-04-09 13:38:00+00:00,2025-04-09 13:39:00+00:00,2025-04-09 13:54:00+00:00,-0.02304861514623291,0.007444049562962407,2025-04-09 09:38:00-04:00,pre1000,60_100
2025-04-09,QQQ_TQQQ_SQQQ,SQQQ,2025-04-09 14:00:00+00:00,2025-04-09 14:01:00+00:00,2025-04-09 14:16:00+00:00,0.02973229754652662,0.005340485628159808,2025-04-09 10:00:00-04:00,1000_1200,40_60
2025-04-09,QQQ_TQQQ_SQQQ,SQQQ,2025-04-09 14:23:00+00:00,2025-04-09 14:24:00+00:00,2025-04-09 14:39:00+00:00,0.004431314623338345,0.00404549997620296,2025-04-09 10:23:00-04:00,1000_1200,40_60
2025-04-09,QQQ_TQQQ_SQQQ,SQQQ,2025-04-09 15:15:00+00:00,2025-04-09 15:16:00+00:00,2025-04-09 15:31:00+00:00,-0.00146484375,0.00403379797594039,2025-04-09 11:15:00-04:00,1000_1200,40_60
2025-04-09,QQQ_TQQQ_SQQQ,SQQQ,2025-04-09 17:02:00+00:00,2025-04-09 17:03:00+00:00,2025-04-09 17:18:00+00:00,0.00591715976331364,0.006043718701202128,2025-04-09 13:02:00-04:00,1200_1400,60_100
2025-04-09,QQQ_TQQQ_SQQQ,TQQQ,2025-04-09 17:18:00+00:00,2025-04-09 17:19:00+00:00,2025-04-09 17:34:00+00:00,0.1873926907039487,0.006767235302410857,2025-04-09 13:18:00-04:00,1200_1400,60_100
2025-04-09,QQQ_TQQQ_SQQQ,SQQQ,2025-04-09 17:34:00+00:00,2025-04-09 17:35:00+00:00,2025-04-09 17:50:00+00:00,0.003057324840764375,0.004121855835036881,2025-04-09 13:34:00-04:00,1200_1400,40_60
2025-04-09,QQQ_TQQQ_SQQQ,SQQQ,2025-04-09 17:54:00+00:00,2025-04-09 17:55:00+00:00,2025-04-09 18:10:00+00:00,-0.028188108662224654,0.004149285524096991,2025-04-09 13:54:00-04:00,1200_1400,40_60
2025-04-09,QQQ_TQQQ_SQQQ,SQQQ,2025-04-09 18:18:00+00:00,2025-04-09 18:19:00+00:00,2025-04-09 18:34:00+00:00,-0.011624763449580966,0.004034252215878054,2025-04-09 14:18:00-04:00,1400_1540,40_60
2025-04-09,QQQ_TQQQ_SQQQ,TQQQ,2025-04-09 18:42:00+00:00,2025-04-09 18:43:00+00:00,2025-04-09 18:58:00+00:00,-0.008560621142743363,0.006409949512534818,2025-04-09 14:42:00-04:00,1400_1540,60_100
2025-04-10,QQQ_TQQQ_SQQQ,SQQQ,2025-04-10 16:28:00+00:00,2025-04-10 16:29:00+00:00,2025-04-10 16:44:00+00:00,-0.021656628584383886,0.004637106076685438,2025-04-10 12:28:00-04:00,1200_1400,40_60
2025-04-10,QQQ_TQQQ_SQQQ,SQQQ,2025-04-10 16:49:00+00:00,2025-04-10 16:50:00+00:00,2025-04-10 17:05:00+00:00,-0.00942675159235662,0.004025197280149051,2025-04-10 12:49:00-04:00,1200_1400,40_60
2025-04-10,QQQ_TQQQ_SQQQ,TQQQ,2025-04-10 17:39:00+00:00,2025-04-10 17:40:00+00:00,2025-04-10 17:55:00+00:00,0.02798298634430263,0.004293538281232356,2025-04-10 13:39:00-04:00,1200_1400,40_60
2025-04-10,QQQ_TQQQ_SQQQ,TQQQ,2025-04-10 18:08:00+00:00,2025-04-10 18:09:00+00:00,2025-04-10 18:24:00+00:00,0.01940689053641509,0.004783084866230136,2025-04-10 14:08:00-04:00,1400_1540,40_60
2025-04-11,QQQ_TQQQ_SQQQ,SQQQ,2025-04-11 13:38:00+00:00,2025-04-11 13:39:00+00:00,2025-04-11 13:54:00+00:00,-0.023635413946200057,0.004187637869716099,2025-04-11 09:38:00-04:00,pre1000,40_60
2025-04-11,QQQ_TQQQ_SQQQ,SQQQ,2025-04-11 14:33:00+00:00,2025-04-11 14:34:00+00:00,2025-04-11 14:49:00+00:00,-0.013505448884276072,0.004048582995951344,2025-04-11 10:33:00-04:00,1000_1200,40_60
2025-04-23,QQQ_TQQQ_SQQQ,SQQQ,2025-04-23 13:37:00+00:00,2025-04-23 13:38:00+00:00,2025-04-23 13:53:00+00:00,0.0049705535924615685,0.008085134278784212,2025-04-23 09:37:00-04:00,pre1000,60_100
2025-08-22,QQQ_TQQQ_SQQQ,SQQQ,2025-08-22 14:00:00+00:00,2025-08-22 14:01:00+00:00,2025-08-22 14:16:00+00:00,-0.022125416204217374,0.008162759402223996,2025-08-22 10:00:00-04:00,1000_1200,60_100
2025-10-29,QQQ_TQQQ_SQQQ,TQQQ,2025-10-29 18:35:00+00:00,2025-10-29 18:36:00+00:00,2025-10-29 18:51:00+00:00,0.0008676643685892049,0.004468219005663965,2025-10-29 14:35:00-04:00,1400_1540,40_60
2025-11-21,QQQ_TQQQ_SQQQ,SQQQ,2025-11-21 18:48:00+00:00,2025-11-21 18:49:00+00:00,2025-11-21 19:04:00+00:00,-0.001421555957611731,0.004341289548809746,2025-11-21 13:48:00-05:00,1200_1400,40_60
2026-01-21,QQQ_TQQQ_SQQQ,SQQQ,2026-01-21 19:27:00+00:00,2026-01-21 19:28:00+00:00,2026-01-21 19:43:00+00:00,-0.02336719883889693,0.004304982649119271,2026-01-21 14:27:00-05:00,1400_1540,40_60
2026-02-20,QQQ_TQQQ_SQQQ,SQQQ,2026-02-20 15:01:00+00:00,2026-02-20 15:02:00+00:00,2026-02-20 15:17:00+00:00,0.024545970488081492,0.005336461413914417,2026-02-20 10:01:00-05:00,1000_1200,40_60
2026-03-09,QQQ_TQQQ_SQQQ,SQQQ,2026-03-09 19:19:00+00:00,2026-03-09 19:20:00+00:00,2026-03-09 19:35:00+00:00,-0.024252055551716944,0.00447335976808505,2026-03-09 15:19:00-04:00,1400_1540,40_60
2026-03-31,QQQ_TQQQ_SQQQ,SQQQ,2026-03-31 16:41:00+00:00,2026-03-31 16:42:00+00:00,2026-03-31 16:57:00+00:00,0.008835356135834305,0.0040527887924257655,2026-03-31 12:41:00-04:00,1200_1400,40_60
2026-04-02,QQQ_TQQQ_SQQQ,SQQQ,2026-04-02 14:36:00+00:00,2026-04-02 14:37:00+00:00,2026-04-02 14:52:00+00:00,0.011337284205101827,0.004634184094661542,2026-04-02 10:36:00-04:00,1000_1200,40_60
