cost_bp_side,period_type,period,net_return
0,weekly,2019-06-15/2019-06-21,0.0
0,weekly,2019-06-22/2019-06-28,0.0
0,weekly,2019-06-29/2019-07-05,0.0
0,weekly,2019-07-06/2019-07-12,0.0
0,weekly,2019-07-13/2019-07-19,0.0
0,weekly,2019-07-20/2019-07-26,0.0
0,weekly,2019-07-27/2019-08-02,-0.017963525835866245
0,weekly,2019-08-03/2019-08-09,0.0
0,weekly,2019-08-10/2019-08-16,-0.022435897435897578
0,weekly,2019-08-17/2019-08-23,-0.027477102414654397
0,weekly,2019-08-24/2019-08-30,0.0
0,weekly,2019-08-31/2019-09-06,0.0
0,weekly,2019-09-07/2019-09-13,-0.00033200531208499307
0,weekly,2019-09-14/2019-09-20,-0.0077445952256182116
0,weekly,2019-09-21/2019-09-27,-0.006954944058058521
0,weekly,2019-09-28/2019-10-04,-0.004436670254754249
0,weekly,2019-10-05/2019-10-11,-0.0003396162336559705
0,weekly,2019-10-12/2019-10-18,0.0
0,weekly,2019-10-19/2019-10-25,0.0
0,weekly,2019-10-26/2019-11-01,0.0
0,weekly,2019-11-02/2019-11-08,0.0
0,weekly,2019-11-09/2019-11-15,0.0
0,weekly,2019-11-16/2019-11-22,0.0
0,weekly,2019-11-23/2019-11-29,0.0
0,weekly,2019-11-30/2019-12-06,0.0
0,weekly,2019-12-07/2019-12-13,0.0
0,weekly,2019-12-14/2019-12-20,0.0
0,weekly,2019-12-21/2019-12-27,0.0
0,weekly,2019-12-28/2020-01-03,0.0
0,weekly,2020-01-04/2020-01-10,0.0
0,weekly,2020-01-11/2020-01-17,0.0
0,weekly,2020-01-18/2020-01-24,0.0
0,weekly,2020-01-25/2020-01-31,0.008016657990629783
0,weekly,2020-02-01/2020-02-07,0.0
0,weekly,2020-02-08/2020-02-14,0.0
0,weekly,2020-02-15/2020-02-21,0.0
0,weekly,2020-02-22/2020-02-28,-0.01423032822904391
0,weekly,2020-02-29/2020-03-06,0.05548812036552242
0,weekly,2020-03-07/2020-03-13,-0.06222727602366096
0,weekly,2020-03-14/2020-03-20,0.09663473138538148
0,weekly,2020-03-21/2020-03-27,0.18176223348178333
0,weekly,2020-03-28/2020-04-03,0.016765120460145444
0,weekly,2020-04-04/2020-04-10,0.0
0,weekly,2020-04-11/2020-04-17,0.0
0,weekly,2020-04-18/2020-04-24,0.027800299294660658
0,weekly,2020-04-25/2020-05-01,0.0
0,weekly,2020-05-02/2020-05-08,0.0
0,weekly,2020-05-09/2020-05-15,0.0
0,weekly,2020-05-16/2020-05-22,0.0
0,weekly,2020-05-23/2020-05-29,0.0
0,weekly,2020-05-30/2020-06-05,0.0
0,weekly,2020-06-06/2020-06-12,0.0
0,weekly,2020-06-13/2020-06-19,0.0009571254672166019
0,weekly,2020-06-20/2020-06-26,0.0
0,weekly,2020-06-27/2020-07-03,0.0
0,weekly,2020-07-04/2020-07-10,0.0
0,weekly,2020-07-11/2020-07-17,0.004858993902439046
0,weekly,2020-07-18/2020-07-24,0.0
0,weekly,2020-07-25/2020-07-31,0.0
0,weekly,2020-08-01/2020-08-07,0.0
0,weekly,2020-08-08/2020-08-14,0.0
0,weekly,2020-08-15/2020-08-21,0.0
0,weekly,2020-08-22/2020-08-28,0.0
0,weekly,2020-08-29/2020-09-04,0.03492878390187237
0,weekly,2020-09-05/2020-09-11,0.0032011112401983954
0,weekly,2020-09-12/2020-09-18,0.0
0,weekly,2020-09-19/2020-09-25,-0.0043895290337579995
0,weekly,2020-09-26/2020-10-02,0.0
0,weekly,2020-10-03/2020-10-09,-0.012762645914396908
0,weekly,2020-10-10/2020-10-16,0.0
0,weekly,2020-10-17/2020-10-23,0.011857541899441326
0,weekly,2020-10-24/2020-10-30,-0.0016645561050979696
0,weekly,2020-10-31/2020-11-06,0.0
0,weekly,2020-11-07/2020-11-13,0.014846273913327268
0,weekly,2020-11-14/2020-11-20,0.0
0,weekly,2020-11-21/2020-11-27,0.0
0,weekly,2020-11-28/2020-12-04,0.0
0,weekly,2020-12-05/2020-12-11,0.0
0,weekly,2020-12-12/2020-12-18,0.0
0,weekly,2020-12-19/2020-12-25,0.0
0,weekly,2020-12-26/2021-01-01,0.0
0,weekly,2021-01-02/2021-01-08,0.0
0,weekly,2021-01-09/2021-01-15,0.0
0,weekly,2021-01-16/2021-01-22,0.0
0,weekly,2021-01-23/2021-01-29,0.0055248618784529135
0,weekly,2021-01-30/2021-02-05,0.0
0,weekly,2021-02-06/2021-02-12,0.0
0,weekly,2021-02-13/2021-02-19,0.0
0,weekly,2021-02-20/2021-02-26,0.00521782160958939
0,weekly,2021-02-27/2021-03-05,-0.042489242636524205
0,weekly,2021-03-06/2021-03-12,0.006927564414195286
0,weekly,2021-03-13/2021-03-19,-0.013578394598649735
0,weekly,2021-03-20/2021-03-26,0.0
0,weekly,2021-03-27/2021-04-02,0.0
0,weekly,2021-04-03/2021-04-09,0.0
0,weekly,2021-04-10/2021-04-16,0.0
0,weekly,2021-04-17/2021-04-23,0.0
0,weekly,2021-04-24/2021-04-30,0.0
0,weekly,2021-05-01/2021-05-07,0.0
0,weekly,2021-05-08/2021-05-14,0.0
0,weekly,2021-05-15/2021-05-21,0.0
0,weekly,2021-05-22/2021-05-28,0.0
0,weekly,2021-05-29/2021-06-04,0.0
0,weekly,2021-06-05/2021-06-11,0.0
0,weekly,2021-06-12/2021-06-18,-0.008638305777447397
0,weekly,2021-06-19/2021-06-25,0.0
0,weekly,2021-06-26/2021-07-02,0.0
0,weekly,2021-07-03/2021-07-09,0.0
0,weekly,2021-07-10/2021-07-16,0.0
0,weekly,2021-07-17/2021-07-23,0.0
0,weekly,2021-07-24/2021-07-30,0.0
0,weekly,2021-07-31/2021-08-06,0.0
0,weekly,2021-08-07/2021-08-13,0.0
0,weekly,2021-08-14/2021-08-20,0.0
0,weekly,2021-08-21/2021-08-27,0.0
0,weekly,2021-08-28/2021-09-03,0.0
0,weekly,2021-09-04/2021-09-10,0.0
0,weekly,2021-09-11/2021-09-17,0.0
0,weekly,2021-09-18/2021-09-24,0.0
0,weekly,2021-09-25/2021-10-01,0.0
0,weekly,2021-10-02/2021-10-08,0.0
0,weekly,2021-10-09/2021-10-15,0.0
0,weekly,2021-10-16/2021-10-22,0.0
0,weekly,2021-10-23/2021-10-29,0.0
0,weekly,2021-10-30/2021-11-05,0.0
0,weekly,2021-11-06/2021-11-12,0.0
0,weekly,2021-11-13/2021-11-19,0.0
0,weekly,2021-11-20/2021-11-26,0.0
0,weekly,2021-11-27/2021-12-03,0.0
0,weekly,2021-12-04/2021-12-10,0.0
0,weekly,2021-12-11/2021-12-17,0.03877794732302786
0,weekly,2021-12-18/2021-12-24,0.016210599237963308
0,weekly,2021-12-25/2021-12-31,0.0
0,weekly,2022-01-01/2022-01-07,0.0
0,weekly,2022-01-08/2022-01-14,0.0
0,weekly,2022-01-15/2022-01-21,0.0
0,weekly,2022-01-22/2022-01-28,0.12698483927680693
0,weekly,2022-01-29/2022-02-04,-0.007606071890164712
0,weekly,2022-02-05/2022-02-11,0.016780474761099118
0,weekly,2022-02-12/2022-02-18,-0.004243204828417002
0,weekly,2022-02-19/2022-02-25,0.011535200430875747
0,weekly,2022-02-26/2022-03-04,-0.011791349335466661
0,weekly,2022-03-05/2022-03-11,-0.0022297816486447353
0,weekly,2022-03-12/2022-03-18,-0.0013880922335663959
0,weekly,2022-03-19/2022-03-25,-0.001522939272796453
0,weekly,2022-03-26/2022-04-01,0.0
0,weekly,2022-04-02/2022-04-08,0.002230897936419396
0,weekly,2022-04-09/2022-04-15,0.0
0,weekly,2022-04-16/2022-04-22,0.0
0,weekly,2022-04-23/2022-04-29,-0.0386656535365677
0,weekly,2022-04-30/2022-05-06,-0.019646369139603492
0,weekly,2022-05-07/2022-05-13,0.10254430126767855
0,weekly,2022-05-14/2022-05-20,-0.008732212160414088
0,weekly,2022-05-21/2022-05-27,0.01903314480205287
0,weekly,2022-05-28/2022-06-03,-0.021245205075243412
0,weekly,2022-06-04/2022-06-10,0.0
0,weekly,2022-06-11/2022-06-17,0.09249133243759211
0,weekly,2022-06-18/2022-06-24,0.0
0,weekly,2022-06-25/2022-07-01,0.013329923366458774
0,weekly,2022-07-02/2022-07-08,-0.021393518999169525
0,weekly,2022-07-09/2022-07-15,0.02682032392478706
0,weekly,2022-07-16/2022-07-22,0.0
0,weekly,2022-07-23/2022-07-29,-0.020231213872832332
0,weekly,2022-07-30/2022-08-05,0.0
0,weekly,2022-08-06/2022-08-12,0.0
0,weekly,2022-08-13/2022-08-19,0.0
0,weekly,2022-08-20/2022-08-26,0.017888545075850804
0,weekly,2022-08-27/2022-09-02,0.0
0,weekly,2022-09-03/2022-09-09,-0.014063176114236242
0,weekly,2022-09-10/2022-09-16,0.0
0,weekly,2022-09-17/2022-09-23,-0.035868409008741664
0,weekly,2022-09-24/2022-09-30,0.00899441792313549
0,weekly,2022-10-01/2022-10-07,0.0
0,weekly,2022-10-08/2022-10-14,0.0026776016347734855
0,weekly,2022-10-15/2022-10-21,-0.018926197297878145
0,weekly,2022-10-22/2022-10-28,0.024043863443898195
0,weekly,2022-10-29/2022-11-04,0.10795798431690351
0,weekly,2022-11-05/2022-11-11,0.0
0,weekly,2022-11-12/2022-11-18,0.0
0,weekly,2022-11-19/2022-11-25,-0.0068771138669673215
0,weekly,2022-11-26/2022-12-02,-0.011859393419783482
0,weekly,2022-12-03/2022-12-09,0.0
0,weekly,2022-12-10/2022-12-16,0.00022722010752995736
0,weekly,2022-12-17/2022-12-23,0.0
0,weekly,2022-12-24/2022-12-30,0.0
0,weekly,2022-12-31/2023-01-06,-0.009833662692095846
0,weekly,2023-01-07/2023-01-13,-0.0010811873402791772
0,weekly,2023-01-14/2023-01-20,0.0
0,weekly,2023-01-21/2023-01-27,0.0
0,weekly,2023-01-28/2023-02-03,0.018654212631183498
0,weekly,2023-02-04/2023-02-10,-0.0344902073732718
0,weekly,2023-02-11/2023-02-17,0.0
0,weekly,2023-02-18/2023-02-24,0.0
0,weekly,2023-02-25/2023-03-03,0.0
0,weekly,2023-03-04/2023-03-10,-0.020570325900514663
0,weekly,2023-03-11/2023-03-17,-0.013740053050397938
0,weekly,2023-03-18/2023-03-24,0.0214314226841803
0,weekly,2023-03-25/2023-03-31,0.0
0,weekly,2023-04-01/2023-04-07,0.0
0,weekly,2023-04-08/2023-04-14,0.0
0,weekly,2023-04-15/2023-04-21,0.0
0,weekly,2023-04-22/2023-04-28,0.0
0,weekly,2023-04-29/2023-05-05,0.0
0,weekly,2023-05-06/2023-05-12,0.0
0,weekly,2023-05-13/2023-05-19,0.0
0,weekly,2023-05-20/2023-05-26,0.0
0,weekly,2023-05-27/2023-06-02,0.0
0,weekly,2023-06-03/2023-06-09,0.0
0,weekly,2023-06-10/2023-06-16,0.0
0,weekly,2023-06-17/2023-06-23,0.0
0,weekly,2023-06-24/2023-06-30,0.0
0,weekly,2023-07-01/2023-07-07,0.0
0,weekly,2023-07-08/2023-07-14,0.0
0,weekly,2023-07-15/2023-07-21,0.0
0,weekly,2023-07-22/2023-07-28,0.0
0,weekly,2023-07-29/2023-08-04,0.0
0,weekly,2023-08-05/2023-08-11,0.0
0,weekly,2023-08-12/2023-08-18,0.0
0,weekly,2023-08-19/2023-08-25,0.0
0,weekly,2023-08-26/2023-09-01,0.0
0,weekly,2023-09-02/2023-09-08,0.0
0,weekly,2023-09-09/2023-09-15,0.0
0,weekly,2023-09-16/2023-09-22,0.0
0,weekly,2023-09-23/2023-09-29,0.0
0,weekly,2023-09-30/2023-10-06,0.0
0,weekly,2023-10-07/2023-10-13,0.0
0,weekly,2023-10-14/2023-10-20,0.0
0,weekly,2023-10-21/2023-10-27,0.0
0,weekly,2023-10-28/2023-11-03,0.0
0,weekly,2023-11-04/2023-11-10,0.0
0,weekly,2023-11-11/2023-11-17,0.0
0,weekly,2023-11-18/2023-11-24,0.0
0,weekly,2023-11-25/2023-12-01,0.0
0,weekly,2023-12-02/2023-12-08,0.0
0,weekly,2023-12-09/2023-12-15,0.0
0,weekly,2023-12-16/2023-12-22,0.0
0,weekly,2023-12-23/2023-12-29,0.0
0,weekly,2023-12-30/2024-01-05,0.0
0,weekly,2024-01-06/2024-01-12,0.0
0,weekly,2024-01-13/2024-01-19,0.0
0,weekly,2024-01-20/2024-01-26,0.0
0,weekly,2024-01-27/2024-02-02,0.0
0,weekly,2024-02-03/2024-02-09,0.0
0,weekly,2024-02-10/2024-02-16,0.0
0,weekly,2024-02-17/2024-02-23,0.0
0,weekly,2024-02-24/2024-03-01,0.0
0,weekly,2024-03-02/2024-03-08,0.0
0,weekly,2024-03-09/2024-03-15,0.0
0,weekly,2024-03-16/2024-03-22,0.0
0,weekly,2024-03-23/2024-03-29,0.0
0,weekly,2024-03-30/2024-04-05,0.0
0,weekly,2024-04-06/2024-04-12,0.0
0,weekly,2024-04-13/2024-04-19,0.0
0,weekly,2024-04-20/2024-04-26,0.0
0,weekly,2024-04-27/2024-05-03,0.0
0,weekly,2024-05-04/2024-05-10,0.0
0,weekly,2024-05-11/2024-05-17,0.0
0,weekly,2024-05-18/2024-05-24,0.0
0,weekly,2024-05-25/2024-05-31,0.0
0,weekly,2024-06-01/2024-06-07,0.0
0,weekly,2024-06-08/2024-06-14,0.0
0,weekly,2024-06-15/2024-06-21,0.0
0,weekly,2024-06-22/2024-06-28,0.0
0,weekly,2024-06-29/2024-07-05,0.0
0,weekly,2024-07-06/2024-07-12,0.0
0,weekly,2024-07-13/2024-07-19,0.0
0,weekly,2024-07-20/2024-07-26,0.0
0,weekly,2024-07-27/2024-08-02,0.0
0,weekly,2024-08-03/2024-08-09,-0.01123362998146149
0,weekly,2024-08-10/2024-08-16,0.0
0,weekly,2024-08-17/2024-08-23,0.011398597652523046
0,weekly,2024-08-24/2024-08-30,0.0
0,weekly,2024-08-31/2024-09-06,0.029633022429491396
0,weekly,2024-09-07/2024-09-13,0.0
0,weekly,2024-09-14/2024-09-20,0.01610924546772563
0,weekly,2024-09-21/2024-09-27,0.0
0,weekly,2024-09-28/2024-10-04,0.0
0,weekly,2024-10-05/2024-10-11,0.0
0,weekly,2024-10-12/2024-10-18,0.0
0,weekly,2024-10-19/2024-10-25,0.0
0,weekly,2024-10-26/2024-11-01,0.0
0,weekly,2024-11-02/2024-11-08,0.0
0,weekly,2024-11-09/2024-11-15,0.0
0,weekly,2024-11-16/2024-11-22,0.0
0,weekly,2024-11-23/2024-11-29,0.0
0,weekly,2024-11-30/2024-12-06,0.0
0,weekly,2024-12-07/2024-12-13,0.0
0,weekly,2024-12-14/2024-12-20,0.0
0,weekly,2024-12-21/2024-12-27,0.0
0,weekly,2024-12-28/2025-01-03,0.0
0,weekly,2025-01-04/2025-01-10,0.0
0,weekly,2025-01-11/2025-01-17,0.0
0,weekly,2025-01-18/2025-01-24,0.0
0,weekly,2025-01-25/2025-01-31,0.0
0,weekly,2025-02-01/2025-02-07,0.007183048006704107
0,weekly,2025-02-08/2025-02-14,0.0
0,weekly,2025-02-15/2025-02-21,0.0
0,weekly,2025-02-22/2025-02-28,0.0
0,weekly,2025-03-01/2025-03-07,0.0065632458233890745
0,weekly,2025-03-08/2025-03-14,-0.00744645247657294
0,weekly,2025-03-15/2025-03-21,-0.0019069589038115398
0,weekly,2025-03-22/2025-03-28,0.0
0,weekly,2025-03-29/2025-04-04,-0.05347637500864699
0,weekly,2025-04-05/2025-04-11,0.27956116266006015
0,weekly,2025-04-12/2025-04-18,0.0
0,weekly,2025-04-19/2025-04-25,0.0049705535924615685
0,weekly,2025-04-26/2025-05-02,0.0
0,weekly,2025-05-03/2025-05-09,0.0
0,weekly,2025-05-10/2025-05-16,0.0
0,weekly,2025-05-17/2025-05-23,0.0
0,weekly,2025-05-24/2025-05-30,0.0
0,weekly,2025-05-31/2025-06-06,0.0
0,weekly,2025-06-07/2025-06-13,0.0
0,weekly,2025-06-14/2025-06-20,0.0
0,weekly,2025-06-21/2025-06-27,0.0
0,weekly,2025-06-28/2025-07-04,0.0
0,weekly,2025-07-05/2025-07-11,0.0
0,weekly,2025-07-12/2025-07-18,0.0
0,weekly,2025-07-19/2025-07-25,0.0
0,weekly,2025-07-26/2025-08-01,0.0
0,weekly,2025-08-02/2025-08-08,0.0
0,weekly,2025-08-09/2025-08-15,0.0
0,weekly,2025-08-16/2025-08-22,-0.022125416204217374
0,weekly,2025-08-23/2025-08-29,0.0
0,weekly,2025-08-30/2025-09-05,0.0
0,weekly,2025-09-06/2025-09-12,0.0
0,weekly,2025-09-13/2025-09-19,0.0
0,weekly,2025-09-20/2025-09-26,0.0
0,weekly,2025-09-27/2025-10-03,0.0
0,weekly,2025-10-04/2025-10-10,0.0
0,weekly,2025-10-11/2025-10-17,0.0
0,weekly,2025-10-18/2025-10-24,0.0
0,weekly,2025-10-25/2025-10-31,0.0008676643685892049
0,weekly,2025-11-01/2025-11-07,0.0
0,weekly,2025-11-08/2025-11-14,0.0
0,weekly,2025-11-15/2025-11-21,-0.001421555957611731
0,weekly,2025-11-22/2025-11-28,0.0
0,weekly,2025-11-29/2025-12-05,0.0
0,weekly,2025-12-06/2025-12-12,0.0
0,weekly,2025-12-13/2025-12-19,0.0
0,weekly,2025-12-20/2025-12-26,0.0
0,weekly,2025-12-27/2026-01-02,0.0
0,weekly,2026-01-03/2026-01-09,0.0
0,weekly,2026-01-10/2026-01-16,0.0
0,weekly,2026-01-17/2026-01-23,-0.02336719883889693
0,weekly,2026-01-24/2026-01-30,0.0
0,weekly,2026-01-31/2026-02-06,0.0
0,weekly,2026-02-07/2026-02-13,0.0
0,weekly,2026-02-14/2026-02-20,0.024545970488081492
0,weekly,2026-02-21/2026-02-27,0.0
0,weekly,2026-02-28/2026-03-06,0.0
0,weekly,2026-03-07/2026-03-13,-0.024252055551716944
0,weekly,2026-03-14/2026-03-20,0.0
0,weekly,2026-03-21/2026-03-27,0.0
0,weekly,2026-03-28/2026-04-03,0.020172640340936132
0,weekly,2026-04-04/2026-04-10,0.0
0,weekly,2026-04-11/2026-04-17,0.0
0,weekly,2026-04-18/2026-04-24,0.0
0,weekly,2026-04-25/2026-05-01,0.0
0,monthly,2019-06,0.0
0,monthly,2019-07,-0.017963525835866245
0,monthly,2019-08,-0.049912999850551976
0,monthly,2019-09,-0.015031544595761726
0,monthly,2019-10,-0.00477628648841022
0,monthly,2019-11,0.0
0,monthly,2019-12,0.0
0,monthly,2020-01,0.008016657990629783
0,monthly,2020-02,-0.01423032822904391
0,monthly,2020-03,0.27165780920902627
0,monthly,2020-04,0.0445654197548061
0,monthly,2020-05,0.0
0,monthly,2020-06,0.0009571254672166019
0,monthly,2020-07,0.004858993902439046
0,monthly,2020-08,0.0
0,monthly,2020-09,0.03374036610831277
0,monthly,2020-10,-0.002569660120053552
0,monthly,2020-11,0.014846273913327268
0,monthly,2020-12,0.0
0,monthly,2021-01,0.0055248618784529135
0,monthly,2021-02,0.00521782160958939
0,monthly,2021-03,-0.04914007282097865
0,monthly,2021-04,0.0
0,monthly,2021-05,0.0
0,monthly,2021-06,-0.008638305777447397
0,monthly,2021-07,0.0
0,monthly,2021-08,0.0
0,monthly,2021-09,0.0
0,monthly,2021-10,0.0
0,monthly,2021-11,0.0
0,monthly,2021-12,0.05498854656099117
0,monthly,2022-01,0.12698483927680693
0,monthly,2022-02,0.01646639847339315
0,monthly,2022-03,-0.016932162490474245
0,monthly,2022-04,-0.036434755600148305
0,monthly,2022-05,0.09319886476971384
0,monthly,2022-06,0.1003985959631174
0,monthly,2022-07,-0.030626954181524724
0,monthly,2022-08,0.017888545075850804
0,monthly,2022-09,-0.04093716719984242
0,monthly,2022-10,0.0077952677807935356
0,monthly,2022-11,0.08922147703015271
0,monthly,2022-12,0.00022722010752995736
0,monthly,2023-01,-0.010914850032375023
0,monthly,2023-02,-0.0158359947420883
0,monthly,2023-03,-0.0128789562667323
0,monthly,2023-04,0.0
0,monthly,2023-05,0.0
0,monthly,2023-06,0.0
0,monthly,2023-07,0.0
0,monthly,2023-08,0.0
0,monthly,2023-09,0.0
0,monthly,2023-10,0.0
0,monthly,2023-11,0.0
0,monthly,2023-12,0.0
0,monthly,2024-01,0.0
0,monthly,2024-02,0.0
0,monthly,2024-03,0.0
0,monthly,2024-04,0.0
0,monthly,2024-05,0.0
0,monthly,2024-06,0.0
0,monthly,2024-07,0.0
0,monthly,2024-08,0.00016496767106155552
0,monthly,2024-09,0.045742267897217026
0,monthly,2024-10,0.0
0,monthly,2024-11,0.0
0,monthly,2024-12,0.0
0,monthly,2025-01,0.0
0,monthly,2025-02,0.007183048006704107
0,monthly,2025-03,-0.0027901655569954054
0,monthly,2025-04,0.23105534124387472
0,monthly,2025-05,0.0
0,monthly,2025-06,0.0
0,monthly,2025-07,0.0
0,monthly,2025-08,-0.022125416204217374
0,monthly,2025-09,0.0
0,monthly,2025-10,0.0008676643685892049
0,monthly,2025-11,-0.001421555957611731
0,monthly,2025-12,0.0
0,monthly,2026-01,-0.02336719883889693
0,monthly,2026-02,0.024545970488081492
0,monthly,2026-03,-0.01541669941588264
0,monthly,2026-04,0.011337284205101827
0,yearly,2019,-0.08768435677059017
0,yearly,2020,0.3618426579966604
0,yearly,2021,0.007952851450607423
0,yearly,2022,0.32725016900536863
0,yearly,2023,-0.03962980104119562
0,yearly,2024,0.04590723556827858
0,yearly,2025,0.21276891590034352
0,yearly,2026,-0.00290064356159625
1,weekly,2019-06-15/2019-06-21,0.0
1,weekly,2019-06-22/2019-06-28,0.0
1,weekly,2019-06-29/2019-07-05,0.0
1,weekly,2019-07-06/2019-07-12,0.0
1,weekly,2019-07-13/2019-07-19,0.0
1,weekly,2019-07-20/2019-07-26,0.0
1,weekly,2019-07-27/2019-08-02,-0.018163525835866244
1,weekly,2019-08-03/2019-08-09,0.0
1,weekly,2019-08-10/2019-08-16,-0.022635897435897577
1,weekly,2019-08-17/2019-08-23,-0.027677102414654396
1,weekly,2019-08-24/2019-08-30,0.0
1,weekly,2019-08-31/2019-09-06,0.0
1,weekly,2019-09-07/2019-09-13,-0.000532005312084993
1,weekly,2019-09-14/2019-09-20,-0.008144595225618211
1,weekly,2019-09-21/2019-09-27,-0.0071549440580585206
1,weekly,2019-09-28/2019-10-04,-0.004636670254754249
1,weekly,2019-10-05/2019-10-11,-0.0005396162336559705
1,weekly,2019-10-12/2019-10-18,0.0
1,weekly,2019-10-19/2019-10-25,0.0
1,weekly,2019-10-26/2019-11-01,0.0
1,weekly,2019-11-02/2019-11-08,0.0
1,weekly,2019-11-09/2019-11-15,0.0
1,weekly,2019-11-16/2019-11-22,0.0
1,weekly,2019-11-23/2019-11-29,0.0
1,weekly,2019-11-30/2019-12-06,0.0
1,weekly,2019-12-07/2019-12-13,0.0
1,weekly,2019-12-14/2019-12-20,0.0
1,weekly,2019-12-21/2019-12-27,0.0
1,weekly,2019-12-28/2020-01-03,0.0
1,weekly,2020-01-04/2020-01-10,0.0
1,weekly,2020-01-11/2020-01-17,0.0
1,weekly,2020-01-18/2020-01-24,0.0
1,weekly,2020-01-25/2020-01-31,0.007816657990629782
1,weekly,2020-02-01/2020-02-07,0.0
1,weekly,2020-02-08/2020-02-14,0.0
1,weekly,2020-02-15/2020-02-21,0.0
1,weekly,2020-02-22/2020-02-28,-0.015830328229043903
1,weekly,2020-02-29/2020-03-06,0.05408812036552242
1,weekly,2020-03-07/2020-03-13,-0.06902727602366095
1,weekly,2020-03-14/2020-03-20,0.08463473138538152
1,weekly,2020-03-21/2020-03-27,0.17776223348178338
1,weekly,2020-03-28/2020-04-03,0.016365120460145446
1,weekly,2020-04-04/2020-04-10,0.0
1,weekly,2020-04-11/2020-04-17,0.0
1,weekly,2020-04-18/2020-04-24,0.02740029929466066
1,weekly,2020-04-25/2020-05-01,0.0
1,weekly,2020-05-02/2020-05-08,0.0
1,weekly,2020-05-09/2020-05-15,0.0
1,weekly,2020-05-16/2020-05-22,0.0
1,weekly,2020-05-23/2020-05-29,0.0
1,weekly,2020-05-30/2020-06-05,0.0
1,weekly,2020-06-06/2020-06-12,0.0
1,weekly,2020-06-13/2020-06-19,0.0005571254672166043
1,weekly,2020-06-20/2020-06-26,0.0
1,weekly,2020-06-27/2020-07-03,0.0
1,weekly,2020-07-04/2020-07-10,0.0
1,weekly,2020-07-11/2020-07-17,0.004658993902439046
1,weekly,2020-07-18/2020-07-24,0.0
1,weekly,2020-07-25/2020-07-31,0.0
1,weekly,2020-08-01/2020-08-07,0.0
1,weekly,2020-08-08/2020-08-14,0.0
1,weekly,2020-08-15/2020-08-21,0.0
1,weekly,2020-08-22/2020-08-28,0.0
1,weekly,2020-08-29/2020-09-04,0.03412878390187237
1,weekly,2020-09-05/2020-09-11,0.002801111240198398
1,weekly,2020-09-12/2020-09-18,0.0
1,weekly,2020-09-19/2020-09-25,-0.004789529033758
1,weekly,2020-09-26/2020-10-02,0.0
1,weekly,2020-10-03/2020-10-09,-0.012962645914396909
1,weekly,2020-10-10/2020-10-16,0.0
1,weekly,2020-10-17/2020-10-23,0.011657541899441326
1,weekly,2020-10-24/2020-10-30,-0.0018645561050979697
1,weekly,2020-10-31/2020-11-06,0.0
1,weekly,2020-11-07/2020-11-13,0.01444627391332727
1,weekly,2020-11-14/2020-11-20,0.0
1,weekly,2020-11-21/2020-11-27,0.0
1,weekly,2020-11-28/2020-12-04,0.0
1,weekly,2020-12-05/2020-12-11,0.0
1,weekly,2020-12-12/2020-12-18,0.0
1,weekly,2020-12-19/2020-12-25,0.0
1,weekly,2020-12-26/2021-01-01,0.0
1,weekly,2021-01-02/2021-01-08,0.0
1,weekly,2021-01-09/2021-01-15,0.0
1,weekly,2021-01-16/2021-01-22,0.0
1,weekly,2021-01-23/2021-01-29,0.005324861878452914
1,weekly,2021-01-30/2021-02-05,0.0
1,weekly,2021-02-06/2021-02-12,0.0
1,weekly,2021-02-13/2021-02-19,0.0
1,weekly,2021-02-20/2021-02-26,0.004817821609589393
1,weekly,2021-02-27/2021-03-05,-0.0432892426365242
1,weekly,2021-03-06/2021-03-12,0.006727564414195287
1,weekly,2021-03-13/2021-03-19,-0.013778394598649735
1,weekly,2021-03-20/2021-03-26,0.0
1,weekly,2021-03-27/2021-04-02,0.0
1,weekly,2021-04-03/2021-04-09,0.0
1,weekly,2021-04-10/2021-04-16,0.0
1,weekly,2021-04-17/2021-04-23,0.0
1,weekly,2021-04-24/2021-04-30,0.0
1,weekly,2021-05-01/2021-05-07,0.0
1,weekly,2021-05-08/2021-05-14,0.0
1,weekly,2021-05-15/2021-05-21,0.0
1,weekly,2021-05-22/2021-05-28,0.0
1,weekly,2021-05-29/2021-06-04,0.0
1,weekly,2021-06-05/2021-06-11,0.0
1,weekly,2021-06-12/2021-06-18,-0.008838305777447398
1,weekly,2021-06-19/2021-06-25,0.0
1,weekly,2021-06-26/2021-07-02,0.0
1,weekly,2021-07-03/2021-07-09,0.0
1,weekly,2021-07-10/2021-07-16,0.0
1,weekly,2021-07-17/2021-07-23,0.0
1,weekly,2021-07-24/2021-07-30,0.0
1,weekly,2021-07-31/2021-08-06,0.0
1,weekly,2021-08-07/2021-08-13,0.0
1,weekly,2021-08-14/2021-08-20,0.0
1,weekly,2021-08-21/2021-08-27,0.0
1,weekly,2021-08-28/2021-09-03,0.0
1,weekly,2021-09-04/2021-09-10,0.0
1,weekly,2021-09-11/2021-09-17,0.0
1,weekly,2021-09-18/2021-09-24,0.0
1,weekly,2021-09-25/2021-10-01,0.0
1,weekly,2021-10-02/2021-10-08,0.0
1,weekly,2021-10-09/2021-10-15,0.0
1,weekly,2021-10-16/2021-10-22,0.0
1,weekly,2021-10-23/2021-10-29,0.0
1,weekly,2021-10-30/2021-11-05,0.0
1,weekly,2021-11-06/2021-11-12,0.0
1,weekly,2021-11-13/2021-11-19,0.0
1,weekly,2021-11-20/2021-11-26,0.0
1,weekly,2021-11-27/2021-12-03,0.0
1,weekly,2021-12-04/2021-12-10,0.0
1,weekly,2021-12-11/2021-12-17,0.03857794732302786
1,weekly,2021-12-18/2021-12-24,0.01601059923796331
1,weekly,2021-12-25/2021-12-31,0.0
1,weekly,2022-01-01/2022-01-07,0.0
1,weekly,2022-01-08/2022-01-14,0.0
1,weekly,2022-01-15/2022-01-21,0.0
1,weekly,2022-01-22/2022-01-28,0.12478483927680692
1,weekly,2022-01-29/2022-02-04,-0.008206071890164712
1,weekly,2022-02-05/2022-02-11,0.01638047476109912
1,weekly,2022-02-12/2022-02-18,-0.004643204828417001
1,weekly,2022-02-19/2022-02-25,0.01113520043087575
1,weekly,2022-02-26/2022-03-04,-0.012191349335466662
1,weekly,2022-03-05/2022-03-11,-0.003429781648644731
1,weekly,2022-03-12/2022-03-18,-0.0017880922335663935
1,weekly,2022-03-19/2022-03-25,-0.0017229392727964531
1,weekly,2022-03-26/2022-04-01,0.0
1,weekly,2022-04-02/2022-04-08,0.002030897936419396
1,weekly,2022-04-09/2022-04-15,0.0
1,weekly,2022-04-16/2022-04-22,0.0
1,weekly,2022-04-23/2022-04-29,-0.0396656535365677
1,weekly,2022-04-30/2022-05-06,-0.020846369139603485
1,weekly,2022-05-07/2022-05-13,0.10154430126767854
1,weekly,2022-05-14/2022-05-20,-0.008932212160414088
1,weekly,2022-05-21/2022-05-27,0.018633144802052873
1,weekly,2022-05-28/2022-06-03,-0.02144520507524341
1,weekly,2022-06-04/2022-06-10,0.0
1,weekly,2022-06-11/2022-06-17,0.0914913324375921
1,weekly,2022-06-18/2022-06-24,0.0
1,weekly,2022-06-25/2022-07-01,0.012729923366458777
1,weekly,2022-07-02/2022-07-08,-0.021793518999169523
1,weekly,2022-07-09/2022-07-15,0.02582032392478706
1,weekly,2022-07-16/2022-07-22,0.0
1,weekly,2022-07-23/2022-07-29,-0.02043121387283233
1,weekly,2022-07-30/2022-08-05,0.0
1,weekly,2022-08-06/2022-08-12,0.0
1,weekly,2022-08-13/2022-08-19,0.0
1,weekly,2022-08-20/2022-08-26,0.017488545075850806
1,weekly,2022-08-27/2022-09-02,0.0
1,weekly,2022-09-03/2022-09-09,-0.014263176114236243
1,weekly,2022-09-10/2022-09-16,0.0
1,weekly,2022-09-17/2022-09-23,-0.03646840900874166
1,weekly,2022-09-24/2022-09-30,0.00859441792313549
1,weekly,2022-10-01/2022-10-07,0.0
1,weekly,2022-10-08/2022-10-14,0.0018776016347734842
1,weekly,2022-10-15/2022-10-21,-0.019326197297878142
1,weekly,2022-10-22/2022-10-28,0.023643863443898197
1,weekly,2022-10-29/2022-11-04,0.10715798431690352
1,weekly,2022-11-05/2022-11-11,0.0
1,weekly,2022-11-12/2022-11-18,0.0
1,weekly,2022-11-19/2022-11-25,-0.007077113866967321
1,weekly,2022-11-26/2022-12-02,-0.012059393419783482
1,weekly,2022-12-03/2022-12-09,0.0
1,weekly,2022-12-10/2022-12-16,-0.0003727798924700399
1,weekly,2022-12-17/2022-12-23,0.0
1,weekly,2022-12-24/2022-12-30,0.0
1,weekly,2022-12-31/2023-01-06,-0.010233662692095847
1,weekly,2023-01-07/2023-01-13,-0.0012811873402791773
1,weekly,2023-01-14/2023-01-20,0.0
1,weekly,2023-01-21/2023-01-27,0.0
1,weekly,2023-01-28/2023-02-03,0.0184542126311835
1,weekly,2023-02-04/2023-02-10,-0.034690207373271796
1,weekly,2023-02-11/2023-02-17,0.0
1,weekly,2023-02-18/2023-02-24,0.0
1,weekly,2023-02-25/2023-03-03,0.0
1,weekly,2023-03-04/2023-03-10,-0.020770325900514662
1,weekly,2023-03-11/2023-03-17,-0.013940053050397938
1,weekly,2023-03-18/2023-03-24,0.021031422684180304
1,weekly,2023-03-25/2023-03-31,0.0
1,weekly,2023-04-01/2023-04-07,0.0
1,weekly,2023-04-08/2023-04-14,0.0
1,weekly,2023-04-15/2023-04-21,0.0
1,weekly,2023-04-22/2023-04-28,0.0
1,weekly,2023-04-29/2023-05-05,0.0
1,weekly,2023-05-06/2023-05-12,0.0
1,weekly,2023-05-13/2023-05-19,0.0
1,weekly,2023-05-20/2023-05-26,0.0
1,weekly,2023-05-27/2023-06-02,0.0
1,weekly,2023-06-03/2023-06-09,0.0
1,weekly,2023-06-10/2023-06-16,0.0
1,weekly,2023-06-17/2023-06-23,0.0
1,weekly,2023-06-24/2023-06-30,0.0
1,weekly,2023-07-01/2023-07-07,0.0
1,weekly,2023-07-08/2023-07-14,0.0
1,weekly,2023-07-15/2023-07-21,0.0
1,weekly,2023-07-22/2023-07-28,0.0
1,weekly,2023-07-29/2023-08-04,0.0
1,weekly,2023-08-05/2023-08-11,0.0
1,weekly,2023-08-12/2023-08-18,0.0
1,weekly,2023-08-19/2023-08-25,0.0
1,weekly,2023-08-26/2023-09-01,0.0
1,weekly,2023-09-02/2023-09-08,0.0
1,weekly,2023-09-09/2023-09-15,0.0
1,weekly,2023-09-16/2023-09-22,0.0
1,weekly,2023-09-23/2023-09-29,0.0
1,weekly,2023-09-30/2023-10-06,0.0
1,weekly,2023-10-07/2023-10-13,0.0
1,weekly,2023-10-14/2023-10-20,0.0
1,weekly,2023-10-21/2023-10-27,0.0
1,weekly,2023-10-28/2023-11-03,0.0
1,weekly,2023-11-04/2023-11-10,0.0
1,weekly,2023-11-11/2023-11-17,0.0
1,weekly,2023-11-18/2023-11-24,0.0
1,weekly,2023-11-25/2023-12-01,0.0
1,weekly,2023-12-02/2023-12-08,0.0
1,weekly,2023-12-09/2023-12-15,0.0
1,weekly,2023-12-16/2023-12-22,0.0
1,weekly,2023-12-23/2023-12-29,0.0
1,weekly,2023-12-30/2024-01-05,0.0
1,weekly,2024-01-06/2024-01-12,0.0
1,weekly,2024-01-13/2024-01-19,0.0
1,weekly,2024-01-20/2024-01-26,0.0
1,weekly,2024-01-27/2024-02-02,0.0
1,weekly,2024-02-03/2024-02-09,0.0
1,weekly,2024-02-10/2024-02-16,0.0
1,weekly,2024-02-17/2024-02-23,0.0
1,weekly,2024-02-24/2024-03-01,0.0
1,weekly,2024-03-02/2024-03-08,0.0
1,weekly,2024-03-09/2024-03-15,0.0
1,weekly,2024-03-16/2024-03-22,0.0
1,weekly,2024-03-23/2024-03-29,0.0
1,weekly,2024-03-30/2024-04-05,0.0
1,weekly,2024-04-06/2024-04-12,0.0
1,weekly,2024-04-13/2024-04-19,0.0
1,weekly,2024-04-20/2024-04-26,0.0
1,weekly,2024-04-27/2024-05-03,0.0
1,weekly,2024-05-04/2024-05-10,0.0
1,weekly,2024-05-11/2024-05-17,0.0
1,weekly,2024-05-18/2024-05-24,0.0
1,weekly,2024-05-25/2024-05-31,0.0
1,weekly,2024-06-01/2024-06-07,0.0
1,weekly,2024-06-08/2024-06-14,0.0
1,weekly,2024-06-15/2024-06-21,0.0
1,weekly,2024-06-22/2024-06-28,0.0
1,weekly,2024-06-29/2024-07-05,0.0
1,weekly,2024-07-06/2024-07-12,0.0
1,weekly,2024-07-13/2024-07-19,0.0
1,weekly,2024-07-20/2024-07-26,0.0
1,weekly,2024-07-27/2024-08-02,0.0
1,weekly,2024-08-03/2024-08-09,-0.01183362998146149
1,weekly,2024-08-10/2024-08-16,0.0
1,weekly,2024-08-17/2024-08-23,0.011198597652523045
1,weekly,2024-08-24/2024-08-30,0.0
1,weekly,2024-08-31/2024-09-06,0.029233022429491398
1,weekly,2024-09-07/2024-09-13,0.0
1,weekly,2024-09-14/2024-09-20,0.01590924546772563
1,weekly,2024-09-21/2024-09-27,0.0
1,weekly,2024-09-28/2024-10-04,0.0
1,weekly,2024-10-05/2024-10-11,0.0
1,weekly,2024-10-12/2024-10-18,0.0
1,weekly,2024-10-19/2024-10-25,0.0
1,weekly,2024-10-26/2024-11-01,0.0
1,weekly,2024-11-02/2024-11-08,0.0
1,weekly,2024-11-09/2024-11-15,0.0
1,weekly,2024-11-16/2024-11-22,0.0
1,weekly,2024-11-23/2024-11-29,0.0
1,weekly,2024-11-30/2024-12-06,0.0
1,weekly,2024-12-07/2024-12-13,0.0
1,weekly,2024-12-14/2024-12-20,0.0
1,weekly,2024-12-21/2024-12-27,0.0
1,weekly,2024-12-28/2025-01-03,0.0
1,weekly,2025-01-04/2025-01-10,0.0
1,weekly,2025-01-11/2025-01-17,0.0
1,weekly,2025-01-18/2025-01-24,0.0
1,weekly,2025-01-25/2025-01-31,0.0
1,weekly,2025-02-01/2025-02-07,0.006983048006704107
1,weekly,2025-02-08/2025-02-14,0.0
1,weekly,2025-02-15/2025-02-21,0.0
1,weekly,2025-02-22/2025-02-28,0.0
1,weekly,2025-03-01/2025-03-07,0.006363245823389075
1,weekly,2025-03-08/2025-03-14,-0.00764645247657294
1,weekly,2025-03-15/2025-03-21,-0.00210695890381154
1,weekly,2025-03-22/2025-03-28,0.0
1,weekly,2025-03-29/2025-04-04,-0.05387637500864699
1,weekly,2025-04-05/2025-04-11,0.2727611626600601
1,weekly,2025-04-12/2025-04-18,0.0
1,weekly,2025-04-19/2025-04-25,0.004770553592461569
1,weekly,2025-04-26/2025-05-02,0.0
1,weekly,2025-05-03/2025-05-09,0.0
1,weekly,2025-05-10/2025-05-16,0.0
1,weekly,2025-05-17/2025-05-23,0.0
1,weekly,2025-05-24/2025-05-30,0.0
1,weekly,2025-05-31/2025-06-06,0.0
1,weekly,2025-06-07/2025-06-13,0.0
1,weekly,2025-06-14/2025-06-20,0.0
1,weekly,2025-06-21/2025-06-27,0.0
1,weekly,2025-06-28/2025-07-04,0.0
1,weekly,2025-07-05/2025-07-11,0.0
1,weekly,2025-07-12/2025-07-18,0.0
1,weekly,2025-07-19/2025-07-25,0.0
1,weekly,2025-07-26/2025-08-01,0.0
1,weekly,2025-08-02/2025-08-08,0.0
1,weekly,2025-08-09/2025-08-15,0.0
1,weekly,2025-08-16/2025-08-22,-0.022325416204217373
1,weekly,2025-08-23/2025-08-29,0.0
1,weekly,2025-08-30/2025-09-05,0.0
1,weekly,2025-09-06/2025-09-12,0.0
1,weekly,2025-09-13/2025-09-19,0.0
1,weekly,2025-09-20/2025-09-26,0.0
1,weekly,2025-09-27/2025-10-03,0.0
1,weekly,2025-10-04/2025-10-10,0.0
1,weekly,2025-10-11/2025-10-17,0.0
1,weekly,2025-10-18/2025-10-24,0.0
1,weekly,2025-10-25/2025-10-31,0.0006676643685892049
1,weekly,2025-11-01/2025-11-07,0.0
1,weekly,2025-11-08/2025-11-14,0.0
1,weekly,2025-11-15/2025-11-21,-0.001621555957611731
1,weekly,2025-11-22/2025-11-28,0.0
1,weekly,2025-11-29/2025-12-05,0.0
1,weekly,2025-12-06/2025-12-12,0.0
1,weekly,2025-12-13/2025-12-19,0.0
1,weekly,2025-12-20/2025-12-26,0.0
1,weekly,2025-12-27/2026-01-02,0.0
1,weekly,2026-01-03/2026-01-09,0.0
1,weekly,2026-01-10/2026-01-16,0.0
1,weekly,2026-01-17/2026-01-23,-0.02356719883889693
1,weekly,2026-01-24/2026-01-30,0.0
1,weekly,2026-01-31/2026-02-06,0.0
1,weekly,2026-02-07/2026-02-13,0.0
1,weekly,2026-02-14/2026-02-20,0.024345970488081493
1,weekly,2026-02-21/2026-02-27,0.0
1,weekly,2026-02-28/2026-03-06,0.0
1,weekly,2026-03-07/2026-03-13,-0.024452055551716943
1,weekly,2026-03-14/2026-03-20,0.0
1,weekly,2026-03-21/2026-03-27,0.0
1,weekly,2026-03-28/2026-04-03,0.01977264034093613
1,weekly,2026-04-04/2026-04-10,0.0
1,weekly,2026-04-11/2026-04-17,0.0
1,weekly,2026-04-18/2026-04-24,0.0
1,weekly,2026-04-25/2026-05-01,0.0
1,monthly,2019-06,0.0
1,monthly,2019-07,-0.018163525835866244
1,monthly,2019-08,-0.05031299985055197
1,monthly,2019-09,-0.015831544595761724
1,monthly,2019-10,-0.005176286488410219
1,monthly,2019-11,0.0
1,monthly,2019-12,0.0
1,monthly,2020-01,0.007816657990629782
1,monthly,2020-02,-0.015830328229043903
1,monthly,2020-03,0.24745780920902638
1,monthly,2020-04,0.043765419754806106
1,monthly,2020-05,0.0
1,monthly,2020-06,0.0005571254672166043
1,monthly,2020-07,0.004658993902439046
1,monthly,2020-08,0.0
1,monthly,2020-09,0.03214036610831277
1,monthly,2020-10,-0.003169660120053553
1,monthly,2020-11,0.01444627391332727
1,monthly,2020-12,0.0
1,monthly,2021-01,0.005324861878452914
1,monthly,2021-02,0.004817821609589393
1,monthly,2021-03,-0.05034007282097865
1,monthly,2021-04,0.0
1,monthly,2021-05,0.0
1,monthly,2021-06,-0.008838305777447398
1,monthly,2021-07,0.0
1,monthly,2021-08,0.0
1,monthly,2021-09,0.0
1,monthly,2021-10,0.0
1,monthly,2021-11,0.0
1,monthly,2021-12,0.05458854656099117
1,monthly,2022-01,0.12478483927680692
1,monthly,2022-02,0.014666398473393157
1,monthly,2022-03,-0.01913216249047424
1,monthly,2022-04,-0.037634755600148305
1,monthly,2022-05,0.09039886476971384
1,monthly,2022-06,0.09879859596311738
1,monthly,2022-07,-0.03242695418152472
1,monthly,2022-08,0.017488545075850806
1,monthly,2022-09,-0.04213716719984241
1,monthly,2022-10,0.0061952677807935366
1,monthly,2022-11,0.08802147703015271
1,monthly,2022-12,-0.0003727798924700399
1,monthly,2023-01,-0.011514850032375023
1,monthly,2023-02,-0.016235994742088297
1,monthly,2023-03,-0.013678956266732299
1,monthly,2023-04,0.0
1,monthly,2023-05,0.0
1,monthly,2023-06,0.0
1,monthly,2023-07,0.0
1,monthly,2023-08,0.0
1,monthly,2023-09,0.0
1,monthly,2023-10,0.0
1,monthly,2023-11,0.0
1,monthly,2023-12,0.0
1,monthly,2024-01,0.0
1,monthly,2024-02,0.0
1,monthly,2024-03,0.0
1,monthly,2024-04,0.0
1,monthly,2024-05,0.0
1,monthly,2024-06,0.0
1,monthly,2024-07,0.0
1,monthly,2024-08,-0.0006350323289384448
1,monthly,2024-09,0.04514226789721703
1,monthly,2024-10,0.0
1,monthly,2024-11,0.0
1,monthly,2024-12,0.0
1,monthly,2025-01,0.0
1,monthly,2025-02,0.006983048006704107
1,monthly,2025-03,-0.0033901655569954048
1,monthly,2025-04,0.22365534124387473
1,monthly,2025-05,0.0
1,monthly,2025-06,0.0
1,monthly,2025-07,0.0
1,monthly,2025-08,-0.022325416204217373
1,monthly,2025-09,0.0
1,monthly,2025-10,0.0006676643685892049
1,monthly,2025-11,-0.001621555957611731
1,monthly,2025-12,0.0
1,monthly,2026-01,-0.02356719883889693
1,monthly,2026-02,0.024345970488081493
1,monthly,2026-03,-0.015816699415882637
1,monthly,2026-04,0.011137284205101827
1,yearly,2019,-0.08948435677059016
1,yearly,2020,0.33184265799666046
1,yearly,2021,0.005552851450607431
1,yearly,2022,0.3086501690053686
1,yearly,2023,-0.04142980104119562
1,yearly,2024,0.04450723556827858
1,yearly,2025,0.2039689159003435
1,yearly,2026,-0.0039006435615962474
2,weekly,2019-06-15/2019-06-21,0.0
2,weekly,2019-06-22/2019-06-28,0.0
2,weekly,2019-06-29/2019-07-05,0.0
2,weekly,2019-07-06/2019-07-12,0.0
2,weekly,2019-07-13/2019-07-19,0.0
2,weekly,2019-07-20/2019-07-26,0.0
2,weekly,2019-07-27/2019-08-02,-0.018363525835866246
2,weekly,2019-08-03/2019-08-09,0.0
2,weekly,2019-08-10/2019-08-16,-0.02283589743589758
2,weekly,2019-08-17/2019-08-23,-0.0278771024146544
2,weekly,2019-08-24/2019-08-30,0.0
2,weekly,2019-08-31/2019-09-06,0.0
2,weekly,2019-09-07/2019-09-13,-0.000732005312084993
2,weekly,2019-09-14/2019-09-20,-0.008544595225618212
2,weekly,2019-09-21/2019-09-27,-0.007354944058058521
2,weekly,2019-09-28/2019-10-04,-0.004836670254754249
2,weekly,2019-10-05/2019-10-11,-0.0007396162336559705
2,weekly,2019-10-12/2019-10-18,0.0
2,weekly,2019-10-19/2019-10-25,0.0
2,weekly,2019-10-26/2019-11-01,0.0
2,weekly,2019-11-02/2019-11-08,0.0
2,weekly,2019-11-09/2019-11-15,0.0
2,weekly,2019-11-16/2019-11-22,0.0
2,weekly,2019-11-23/2019-11-29,0.0
2,weekly,2019-11-30/2019-12-06,0.0
2,weekly,2019-12-07/2019-12-13,0.0
2,weekly,2019-12-14/2019-12-20,0.0
2,weekly,2019-12-21/2019-12-27,0.0
2,weekly,2019-12-28/2020-01-03,0.0
2,weekly,2020-01-04/2020-01-10,0.0
2,weekly,2020-01-11/2020-01-17,0.0
2,weekly,2020-01-18/2020-01-24,0.0
2,weekly,2020-01-25/2020-01-31,0.007616657990629783
2,weekly,2020-02-01/2020-02-07,0.0
2,weekly,2020-02-08/2020-02-14,0.0
2,weekly,2020-02-15/2020-02-21,0.0
2,weekly,2020-02-22/2020-02-28,-0.017430328229043914
2,weekly,2020-02-29/2020-03-06,0.05268812036552243
2,weekly,2020-03-07/2020-03-13,-0.07582727602366096
2,weekly,2020-03-14/2020-03-20,0.0726347313853815
2,weekly,2020-03-21/2020-03-27,0.17376223348178332
2,weekly,2020-03-28/2020-04-03,0.015965120460145442
2,weekly,2020-04-04/2020-04-10,0.0
2,weekly,2020-04-11/2020-04-17,0.0
2,weekly,2020-04-18/2020-04-24,0.027000299294660655
2,weekly,2020-04-25/2020-05-01,0.0
2,weekly,2020-05-02/2020-05-08,0.0
2,weekly,2020-05-09/2020-05-15,0.0
2,weekly,2020-05-16/2020-05-22,0.0
2,weekly,2020-05-23/2020-05-29,0.0
2,weekly,2020-05-30/2020-06-05,0.0
2,weekly,2020-06-06/2020-06-12,0.0
2,weekly,2020-06-13/2020-06-19,0.00015712546721659976
2,weekly,2020-06-20/2020-06-26,0.0
2,weekly,2020-06-27/2020-07-03,0.0
2,weekly,2020-07-04/2020-07-10,0.0
2,weekly,2020-07-11/2020-07-17,0.004458993902439046
2,weekly,2020-07-18/2020-07-24,0.0
2,weekly,2020-07-25/2020-07-31,0.0
2,weekly,2020-08-01/2020-08-07,0.0
2,weekly,2020-08-08/2020-08-14,0.0
2,weekly,2020-08-15/2020-08-21,0.0
2,weekly,2020-08-22/2020-08-28,0.0
2,weekly,2020-08-29/2020-09-04,0.033328783901872376
2,weekly,2020-09-05/2020-09-11,0.0024011112401983933
2,weekly,2020-09-12/2020-09-18,0.0
2,weekly,2020-09-19/2020-09-25,-0.005189529033757999
2,weekly,2020-09-26/2020-10-02,0.0
2,weekly,2020-10-03/2020-10-09,-0.013162645914396908
2,weekly,2020-10-10/2020-10-16,0.0
2,weekly,2020-10-17/2020-10-23,0.011457541899441327
2,weekly,2020-10-24/2020-10-30,-0.0020645561050979698
2,weekly,2020-10-31/2020-11-06,0.0
2,weekly,2020-11-07/2020-11-13,0.014046273913327266
2,weekly,2020-11-14/2020-11-20,0.0
2,weekly,2020-11-21/2020-11-27,0.0
2,weekly,2020-11-28/2020-12-04,0.0
2,weekly,2020-12-05/2020-12-11,0.0
2,weekly,2020-12-12/2020-12-18,0.0
2,weekly,2020-12-19/2020-12-25,0.0
2,weekly,2020-12-26/2021-01-01,0.0
2,weekly,2021-01-02/2021-01-08,0.0
2,weekly,2021-01-09/2021-01-15,0.0
2,weekly,2021-01-16/2021-01-22,0.0
2,weekly,2021-01-23/2021-01-29,0.005124861878452913
2,weekly,2021-01-30/2021-02-05,0.0
2,weekly,2021-02-06/2021-02-12,0.0
2,weekly,2021-02-13/2021-02-19,0.0
2,weekly,2021-02-20/2021-02-26,0.004417821609589388
2,weekly,2021-02-27/2021-03-05,-0.04408924263652421
2,weekly,2021-03-06/2021-03-12,0.006527564414195286
2,weekly,2021-03-13/2021-03-19,-0.013978394598649734
2,weekly,2021-03-20/2021-03-26,0.0
2,weekly,2021-03-27/2021-04-02,0.0
2,weekly,2021-04-03/2021-04-09,0.0
2,weekly,2021-04-10/2021-04-16,0.0
2,weekly,2021-04-17/2021-04-23,0.0
2,weekly,2021-04-24/2021-04-30,0.0
2,weekly,2021-05-01/2021-05-07,0.0
2,weekly,2021-05-08/2021-05-14,0.0
2,weekly,2021-05-15/2021-05-21,0.0
2,weekly,2021-05-22/2021-05-28,0.0
2,weekly,2021-05-29/2021-06-04,0.0
2,weekly,2021-06-05/2021-06-11,0.0
2,weekly,2021-06-12/2021-06-18,-0.009038305777447396
2,weekly,2021-06-19/2021-06-25,0.0
2,weekly,2021-06-26/2021-07-02,0.0
2,weekly,2021-07-03/2021-07-09,0.0
2,weekly,2021-07-10/2021-07-16,0.0
2,weekly,2021-07-17/2021-07-23,0.0
2,weekly,2021-07-24/2021-07-30,0.0
2,weekly,2021-07-31/2021-08-06,0.0
2,weekly,2021-08-07/2021-08-13,0.0
2,weekly,2021-08-14/2021-08-20,0.0
2,weekly,2021-08-21/2021-08-27,0.0
2,weekly,2021-08-28/2021-09-03,0.0
2,weekly,2021-09-04/2021-09-10,0.0
2,weekly,2021-09-11/2021-09-17,0.0
2,weekly,2021-09-18/2021-09-24,0.0
2,weekly,2021-09-25/2021-10-01,0.0
2,weekly,2021-10-02/2021-10-08,0.0
2,weekly,2021-10-09/2021-10-15,0.0
2,weekly,2021-10-16/2021-10-22,0.0
2,weekly,2021-10-23/2021-10-29,0.0
2,weekly,2021-10-30/2021-11-05,0.0
2,weekly,2021-11-06/2021-11-12,0.0
2,weekly,2021-11-13/2021-11-19,0.0
2,weekly,2021-11-20/2021-11-26,0.0
2,weekly,2021-11-27/2021-12-03,0.0
2,weekly,2021-12-04/2021-12-10,0.0
2,weekly,2021-12-11/2021-12-17,0.038377947323027864
2,weekly,2021-12-18/2021-12-24,0.015810599237963307
2,weekly,2021-12-25/2021-12-31,0.0
2,weekly,2022-01-01/2022-01-07,0.0
2,weekly,2022-01-08/2022-01-14,0.0
2,weekly,2022-01-15/2022-01-21,0.0
2,weekly,2022-01-22/2022-01-28,0.12258483927680694
2,weekly,2022-01-29/2022-02-04,-0.008806071890164711
2,weekly,2022-02-05/2022-02-11,0.015980474761099116
2,weekly,2022-02-12/2022-02-18,-0.0050432048284170024
2,weekly,2022-02-19/2022-02-25,0.010735200430875745
2,weekly,2022-02-26/2022-03-04,-0.01259134933546666
2,weekly,2022-03-05/2022-03-11,-0.004629781648644732
2,weekly,2022-03-12/2022-03-18,-0.002188092233566398
2,weekly,2022-03-19/2022-03-25,-0.001922939272796453
2,weekly,2022-03-26/2022-04-01,0.0
2,weekly,2022-04-02/2022-04-08,0.001830897936419396
2,weekly,2022-04-09/2022-04-15,0.0
2,weekly,2022-04-16/2022-04-22,0.0
2,weekly,2022-04-23/2022-04-29,-0.040665653536567696
2,weekly,2022-04-30/2022-05-06,-0.0220463691396035
2,weekly,2022-05-07/2022-05-13,0.10054430126767856
2,weekly,2022-05-14/2022-05-20,-0.009132212160414087
2,weekly,2022-05-21/2022-05-27,0.018233144802052872
2,weekly,2022-05-28/2022-06-03,-0.021645205075243413
2,weekly,2022-06-04/2022-06-10,0.0
2,weekly,2022-06-11/2022-06-17,0.09049133243759212
2,weekly,2022-06-18/2022-06-24,0.0
2,weekly,2022-06-25/2022-07-01,0.01212992336645877
2,weekly,2022-07-02/2022-07-08,-0.022193518999169527
2,weekly,2022-07-09/2022-07-15,0.02482032392478706
2,weekly,2022-07-16/2022-07-22,0.0
2,weekly,2022-07-23/2022-07-29,-0.020631213872832333
2,weekly,2022-07-30/2022-08-05,0.0
2,weekly,2022-08-06/2022-08-12,0.0
2,weekly,2022-08-13/2022-08-19,0.0
2,weekly,2022-08-20/2022-08-26,0.0170885450758508
2,weekly,2022-08-27/2022-09-02,0.0
2,weekly,2022-09-03/2022-09-09,-0.014463176114236241
2,weekly,2022-09-10/2022-09-16,0.0
2,weekly,2022-09-17/2022-09-23,-0.037068409008741664
2,weekly,2022-09-24/2022-09-30,0.008194417923135489
2,weekly,2022-10-01/2022-10-07,0.0
2,weekly,2022-10-08/2022-10-14,0.0010776016347734873
2,weekly,2022-10-15/2022-10-21,-0.019726197297878147
2,weekly,2022-10-22/2022-10-28,0.023243863443898193
2,weekly,2022-10-29/2022-11-04,0.10635798431690352
2,weekly,2022-11-05/2022-11-11,0.0
2,weekly,2022-11-12/2022-11-18,0.0
2,weekly,2022-11-19/2022-11-25,-0.007277113866967322
2,weekly,2022-11-26/2022-12-02,-0.012259393419783481
2,weekly,2022-12-03/2022-12-09,0.0
2,weekly,2022-12-10/2022-12-16,-0.0009727798924700449
2,weekly,2022-12-17/2022-12-23,0.0
2,weekly,2022-12-24/2022-12-30,0.0
2,weekly,2022-12-31/2023-01-06,-0.010633662692095844
2,weekly,2023-01-07/2023-01-13,-0.0014811873402791771
2,weekly,2023-01-14/2023-01-20,0.0
2,weekly,2023-01-21/2023-01-27,0.0
2,weekly,2023-01-28/2023-02-03,0.018254212631183497
2,weekly,2023-02-04/2023-02-10,-0.034890207373271795
2,weekly,2023-02-11/2023-02-17,0.0
2,weekly,2023-02-18/2023-02-24,0.0
2,weekly,2023-02-25/2023-03-03,0.0
2,weekly,2023-03-04/2023-03-10,-0.020970325900514664
2,weekly,2023-03-11/2023-03-17,-0.014140053050397937
2,weekly,2023-03-18/2023-03-24,0.0206314226841803
2,weekly,2023-03-25/2023-03-31,0.0
2,weekly,2023-04-01/2023-04-07,0.0
2,weekly,2023-04-08/2023-04-14,0.0
2,weekly,2023-04-15/2023-04-21,0.0
2,weekly,2023-04-22/2023-04-28,0.0
2,weekly,2023-04-29/2023-05-05,0.0
2,weekly,2023-05-06/2023-05-12,0.0
2,weekly,2023-05-13/2023-05-19,0.0
2,weekly,2023-05-20/2023-05-26,0.0
2,weekly,2023-05-27/2023-06-02,0.0
2,weekly,2023-06-03/2023-06-09,0.0
2,weekly,2023-06-10/2023-06-16,0.0
2,weekly,2023-06-17/2023-06-23,0.0
2,weekly,2023-06-24/2023-06-30,0.0
2,weekly,2023-07-01/2023-07-07,0.0
2,weekly,2023-07-08/2023-07-14,0.0
2,weekly,2023-07-15/2023-07-21,0.0
2,weekly,2023-07-22/2023-07-28,0.0
2,weekly,2023-07-29/2023-08-04,0.0
2,weekly,2023-08-05/2023-08-11,0.0
2,weekly,2023-08-12/2023-08-18,0.0
2,weekly,2023-08-19/2023-08-25,0.0
2,weekly,2023-08-26/2023-09-01,0.0
2,weekly,2023-09-02/2023-09-08,0.0
2,weekly,2023-09-09/2023-09-15,0.0
2,weekly,2023-09-16/2023-09-22,0.0
2,weekly,2023-09-23/2023-09-29,0.0
2,weekly,2023-09-30/2023-10-06,0.0
2,weekly,2023-10-07/2023-10-13,0.0
2,weekly,2023-10-14/2023-10-20,0.0
2,weekly,2023-10-21/2023-10-27,0.0
2,weekly,2023-10-28/2023-11-03,0.0
2,weekly,2023-11-04/2023-11-10,0.0
2,weekly,2023-11-11/2023-11-17,0.0
2,weekly,2023-11-18/2023-11-24,0.0
2,weekly,2023-11-25/2023-12-01,0.0
2,weekly,2023-12-02/2023-12-08,0.0
2,weekly,2023-12-09/2023-12-15,0.0
2,weekly,2023-12-16/2023-12-22,0.0
2,weekly,2023-12-23/2023-12-29,0.0
2,weekly,2023-12-30/2024-01-05,0.0
2,weekly,2024-01-06/2024-01-12,0.0
2,weekly,2024-01-13/2024-01-19,0.0
2,weekly,2024-01-20/2024-01-26,0.0
2,weekly,2024-01-27/2024-02-02,0.0
2,weekly,2024-02-03/2024-02-09,0.0
2,weekly,2024-02-10/2024-02-16,0.0
2,weekly,2024-02-17/2024-02-23,0.0
2,weekly,2024-02-24/2024-03-01,0.0
2,weekly,2024-03-02/2024-03-08,0.0
2,weekly,2024-03-09/2024-03-15,0.0
2,weekly,2024-03-16/2024-03-22,0.0
2,weekly,2024-03-23/2024-03-29,0.0
2,weekly,2024-03-30/2024-04-05,0.0
2,weekly,2024-04-06/2024-04-12,0.0
2,weekly,2024-04-13/2024-04-19,0.0
2,weekly,2024-04-20/2024-04-26,0.0
2,weekly,2024-04-27/2024-05-03,0.0
2,weekly,2024-05-04/2024-05-10,0.0
2,weekly,2024-05-11/2024-05-17,0.0
2,weekly,2024-05-18/2024-05-24,0.0
2,weekly,2024-05-25/2024-05-31,0.0
2,weekly,2024-06-01/2024-06-07,0.0
2,weekly,2024-06-08/2024-06-14,0.0
2,weekly,2024-06-15/2024-06-21,0.0
2,weekly,2024-06-22/2024-06-28,0.0
2,weekly,2024-06-29/2024-07-05,0.0
2,weekly,2024-07-06/2024-07-12,0.0
2,weekly,2024-07-13/2024-07-19,0.0
2,weekly,2024-07-20/2024-07-26,0.0
2,weekly,2024-07-27/2024-08-02,0.0
2,weekly,2024-08-03/2024-08-09,-0.01243362998146149
2,weekly,2024-08-10/2024-08-16,0.0
2,weekly,2024-08-17/2024-08-23,0.010998597652523047
2,weekly,2024-08-24/2024-08-30,0.0
2,weekly,2024-08-31/2024-09-06,0.028833022429491394
2,weekly,2024-09-07/2024-09-13,0.0
2,weekly,2024-09-14/2024-09-20,0.01570924546772563
2,weekly,2024-09-21/2024-09-27,0.0
2,weekly,2024-09-28/2024-10-04,0.0
2,weekly,2024-10-05/2024-10-11,0.0
2,weekly,2024-10-12/2024-10-18,0.0
2,weekly,2024-10-19/2024-10-25,0.0
2,weekly,2024-10-26/2024-11-01,0.0
2,weekly,2024-11-02/2024-11-08,0.0
2,weekly,2024-11-09/2024-11-15,0.0
2,weekly,2024-11-16/2024-11-22,0.0
2,weekly,2024-11-23/2024-11-29,0.0
2,weekly,2024-11-30/2024-12-06,0.0
2,weekly,2024-12-07/2024-12-13,0.0
2,weekly,2024-12-14/2024-12-20,0.0
2,weekly,2024-12-21/2024-12-27,0.0
2,weekly,2024-12-28/2025-01-03,0.0
2,weekly,2025-01-04/2025-01-10,0.0
2,weekly,2025-01-11/2025-01-17,0.0
2,weekly,2025-01-18/2025-01-24,0.0
2,weekly,2025-01-25/2025-01-31,0.0
2,weekly,2025-02-01/2025-02-07,0.006783048006704107
2,weekly,2025-02-08/2025-02-14,0.0
2,weekly,2025-02-15/2025-02-21,0.0
2,weekly,2025-02-22/2025-02-28,0.0
2,weekly,2025-03-01/2025-03-07,0.006163245823389074
2,weekly,2025-03-08/2025-03-14,-0.00784645247657294
2,weekly,2025-03-15/2025-03-21,-0.00230695890381154
2,weekly,2025-03-22/2025-03-28,0.0
2,weekly,2025-03-29/2025-04-04,-0.054276375008646995
2,weekly,2025-04-05/2025-04-11,0.2659611626600601
2,weekly,2025-04-12/2025-04-18,0.0
2,weekly,2025-04-19/2025-04-25,0.004570553592461568
2,weekly,2025-04-26/2025-05-02,0.0
2,weekly,2025-05-03/2025-05-09,0.0
2,weekly,2025-05-10/2025-05-16,0.0
2,weekly,2025-05-17/2025-05-23,0.0
2,weekly,2025-05-24/2025-05-30,0.0
2,weekly,2025-05-31/2025-06-06,0.0
2,weekly,2025-06-07/2025-06-13,0.0
2,weekly,2025-06-14/2025-06-20,0.0
2,weekly,2025-06-21/2025-06-27,0.0
2,weekly,2025-06-28/2025-07-04,0.0
2,weekly,2025-07-05/2025-07-11,0.0
2,weekly,2025-07-12/2025-07-18,0.0
2,weekly,2025-07-19/2025-07-25,0.0
2,weekly,2025-07-26/2025-08-01,0.0
2,weekly,2025-08-02/2025-08-08,0.0
2,weekly,2025-08-09/2025-08-15,0.0
2,weekly,2025-08-16/2025-08-22,-0.022525416204217375
2,weekly,2025-08-23/2025-08-29,0.0
2,weekly,2025-08-30/2025-09-05,0.0
2,weekly,2025-09-06/2025-09-12,0.0
2,weekly,2025-09-13/2025-09-19,0.0
2,weekly,2025-09-20/2025-09-26,0.0
2,weekly,2025-09-27/2025-10-03,0.0
2,weekly,2025-10-04/2025-10-10,0.0
2,weekly,2025-10-11/2025-10-17,0.0
2,weekly,2025-10-18/2025-10-24,0.0
2,weekly,2025-10-25/2025-10-31,0.0004676643685892049
2,weekly,2025-11-01/2025-11-07,0.0
2,weekly,2025-11-08/2025-11-14,0.0
2,weekly,2025-11-15/2025-11-21,-0.0018215559576117309
2,weekly,2025-11-22/2025-11-28,0.0
2,weekly,2025-11-29/2025-12-05,0.0
2,weekly,2025-12-06/2025-12-12,0.0
2,weekly,2025-12-13/2025-12-19,0.0
2,weekly,2025-12-20/2025-12-26,0.0
2,weekly,2025-12-27/2026-01-02,0.0
2,weekly,2026-01-03/2026-01-09,0.0
2,weekly,2026-01-10/2026-01-16,0.0
2,weekly,2026-01-17/2026-01-23,-0.02376719883889693
2,weekly,2026-01-24/2026-01-30,0.0
2,weekly,2026-01-31/2026-02-06,0.0
2,weekly,2026-02-07/2026-02-13,0.0
2,weekly,2026-02-14/2026-02-20,0.02414597048808149
2,weekly,2026-02-21/2026-02-27,0.0
2,weekly,2026-02-28/2026-03-06,0.0
2,weekly,2026-03-07/2026-03-13,-0.024652055551716946
2,weekly,2026-03-14/2026-03-20,0.0
2,weekly,2026-03-21/2026-03-27,0.0
2,weekly,2026-03-28/2026-04-03,0.019372640340936133
2,weekly,2026-04-04/2026-04-10,0.0
2,weekly,2026-04-11/2026-04-17,0.0
2,weekly,2026-04-18/2026-04-24,0.0
2,weekly,2026-04-25/2026-05-01,0.0
2,monthly,2019-06,0.0
2,monthly,2019-07,-0.018363525835866246
2,monthly,2019-08,-0.05071299985055198
2,monthly,2019-09,-0.016631544595761726
2,monthly,2019-10,-0.00557628648841022
2,monthly,2019-11,0.0
2,monthly,2019-12,0.0
2,monthly,2020-01,0.007616657990629783
2,monthly,2020-02,-0.017430328229043914
2,monthly,2020-03,0.22325780920902633
2,monthly,2020-04,0.0429654197548061
2,monthly,2020-05,0.0
2,monthly,2020-06,0.00015712546721659976
2,monthly,2020-07,0.004458993902439046
2,monthly,2020-08,0.0
2,monthly,2020-09,0.03054036610831277
2,monthly,2020-10,-0.0037696601200535506
2,monthly,2020-11,0.014046273913327266
2,monthly,2020-12,0.0
2,monthly,2021-01,0.005124861878452913
2,monthly,2021-02,0.004417821609589388
2,monthly,2021-03,-0.05154007282097865
2,monthly,2021-04,0.0
2,monthly,2021-05,0.0
2,monthly,2021-06,-0.009038305777447396
2,monthly,2021-07,0.0
2,monthly,2021-08,0.0
2,monthly,2021-09,0.0
2,monthly,2021-10,0.0
2,monthly,2021-11,0.0
2,monthly,2021-12,0.054188546560991174
2,monthly,2022-01,0.12258483927680694
2,monthly,2022-02,0.012866398473393147
2,monthly,2022-03,-0.021332162490474243
2,monthly,2022-04,-0.038834755600148305
2,monthly,2022-05,0.08759886476971383
2,monthly,2022-06,0.09719859596311739
2,monthly,2022-07,-0.03422695418152473
2,monthly,2022-08,0.0170885450758508
2,monthly,2022-09,-0.043337167199842416
2,monthly,2022-10,0.004595267780793535
2,monthly,2022-11,0.08682147703015272
2,monthly,2022-12,-0.0009727798924700449
2,monthly,2023-01,-0.012114850032375023
2,monthly,2023-02,-0.016635994742088298
2,monthly,2023-03,-0.0144789562667323
2,monthly,2023-04,0.0
2,monthly,2023-05,0.0
2,monthly,2023-06,0.0
2,monthly,2023-07,0.0
2,monthly,2023-08,0.0
2,monthly,2023-09,0.0
2,monthly,2023-10,0.0
2,monthly,2023-11,0.0
2,monthly,2023-12,0.0
2,monthly,2024-01,0.0
2,monthly,2024-02,0.0
2,monthly,2024-03,0.0
2,monthly,2024-04,0.0
2,monthly,2024-05,0.0
2,monthly,2024-06,0.0
2,monthly,2024-07,0.0
2,monthly,2024-08,-0.0014350323289384435
2,monthly,2024-09,0.044542267897217026
2,monthly,2024-10,0.0
2,monthly,2024-11,0.0
2,monthly,2024-12,0.0
2,monthly,2025-01,0.0
2,monthly,2025-02,0.006783048006704107
2,monthly,2025-03,-0.003990165556995405
2,monthly,2025-04,0.21625534124387472
2,monthly,2025-05,0.0
2,monthly,2025-06,0.0
2,monthly,2025-07,0.0
2,monthly,2025-08,-0.022525416204217375
2,monthly,2025-09,0.0
2,monthly,2025-10,0.0004676643685892049
2,monthly,2025-11,-0.0018215559576117309
2,monthly,2025-12,0.0
2,monthly,2026-01,-0.02376719883889693
2,monthly,2026-02,0.02414597048808149
2,monthly,2026-03,-0.016216699415882642
2,monthly,2026-04,0.010937284205101828
2,yearly,2019,-0.09128435677059017
2,yearly,2020,0.30184265799666044
2,yearly,2021,0.003152851450607421
2,yearly,2022,0.2900501690053687
2,yearly,2023,-0.04322980104119562
2,yearly,2024,0.043107235568278585
2,yearly,2025,0.1951689159003435
2,yearly,2026,-0.004900643561596252
5,weekly,2019-06-15/2019-06-21,0.0
5,weekly,2019-06-22/2019-06-28,0.0
5,weekly,2019-06-29/2019-07-05,0.0
5,weekly,2019-07-06/2019-07-12,0.0
5,weekly,2019-07-13/2019-07-19,0.0
5,weekly,2019-07-20/2019-07-26,0.0
5,weekly,2019-07-27/2019-08-02,-0.018963525835866246
5,weekly,2019-08-03/2019-08-09,0.0
5,weekly,2019-08-10/2019-08-16,-0.02343589743589758
5,weekly,2019-08-17/2019-08-23,-0.0284771024146544
5,weekly,2019-08-24/2019-08-30,0.0
5,weekly,2019-08-31/2019-09-06,0.0
5,weekly,2019-09-07/2019-09-13,-0.001332005312084993
5,weekly,2019-09-14/2019-09-20,-0.009744595225618212
5,weekly,2019-09-21/2019-09-27,-0.007954944058058522
5,weekly,2019-09-28/2019-10-04,-0.005436670254754249
5,weekly,2019-10-05/2019-10-11,-0.0013396162336559705
5,weekly,2019-10-12/2019-10-18,0.0
5,weekly,2019-10-19/2019-10-25,0.0
5,weekly,2019-10-26/2019-11-01,0.0
5,weekly,2019-11-02/2019-11-08,0.0
5,weekly,2019-11-09/2019-11-15,0.0
5,weekly,2019-11-16/2019-11-22,0.0
5,weekly,2019-11-23/2019-11-29,0.0
5,weekly,2019-11-30/2019-12-06,0.0
5,weekly,2019-12-07/2019-12-13,0.0
5,weekly,2019-12-14/2019-12-20,0.0
5,weekly,2019-12-21/2019-12-27,0.0
5,weekly,2019-12-28/2020-01-03,0.0
5,weekly,2020-01-04/2020-01-10,0.0
5,weekly,2020-01-11/2020-01-17,0.0
5,weekly,2020-01-18/2020-01-24,0.0
5,weekly,2020-01-25/2020-01-31,0.007016657990629783
5,weekly,2020-02-01/2020-02-07,0.0
5,weekly,2020-02-08/2020-02-14,0.0
5,weekly,2020-02-15/2020-02-21,0.0
5,weekly,2020-02-22/2020-02-28,-0.022230328229043916
5,weekly,2020-02-29/2020-03-06,0.048488120365522414
5,weekly,2020-03-07/2020-03-13,-0.09622727602366099
5,weekly,2020-03-14/2020-03-20,0.036634731385381425
5,weekly,2020-03-21/2020-03-27,0.1617622334817833
5,weekly,2020-03-28/2020-04-03,0.014765120460145442
5,weekly,2020-04-04/2020-04-10,0.0
5,weekly,2020-04-11/2020-04-17,0.0
5,weekly,2020-04-18/2020-04-24,0.025800299294660656
5,weekly,2020-04-25/2020-05-01,0.0
5,weekly,2020-05-02/2020-05-08,0.0
5,weekly,2020-05-09/2020-05-15,0.0
5,weekly,2020-05-16/2020-05-22,0.0
5,weekly,2020-05-23/2020-05-29,0.0
5,weekly,2020-05-30/2020-06-05,0.0
5,weekly,2020-06-06/2020-06-12,0.0
5,weekly,2020-06-13/2020-06-19,-0.0010428745327834
5,weekly,2020-06-20/2020-06-26,0.0
5,weekly,2020-06-27/2020-07-03,0.0
5,weekly,2020-07-04/2020-07-10,0.0
5,weekly,2020-07-11/2020-07-17,0.003858993902439046
5,weekly,2020-07-18/2020-07-24,0.0
5,weekly,2020-07-25/2020-07-31,0.0
5,weekly,2020-08-01/2020-08-07,0.0
5,weekly,2020-08-08/2020-08-14,0.0
5,weekly,2020-08-15/2020-08-21,0.0
5,weekly,2020-08-22/2020-08-28,0.0
5,weekly,2020-08-29/2020-09-04,0.03092878390187237
5,weekly,2020-09-05/2020-09-11,0.0012011112401983937
5,weekly,2020-09-12/2020-09-18,0.0
5,weekly,2020-09-19/2020-09-25,-0.006389529033758
5,weekly,2020-09-26/2020-10-02,0.0
5,weekly,2020-10-03/2020-10-09,-0.01376264591439691
5,weekly,2020-10-10/2020-10-16,0.0
5,weekly,2020-10-17/2020-10-23,0.010857541899441325
5,weekly,2020-10-24/2020-10-30,-0.0026645561050979696
5,weekly,2020-10-31/2020-11-06,0.0
5,weekly,2020-11-07/2020-11-13,0.012846273913327266
5,weekly,2020-11-14/2020-11-20,0.0
5,weekly,2020-11-21/2020-11-27,0.0
5,weekly,2020-11-28/2020-12-04,0.0
5,weekly,2020-12-05/2020-12-11,0.0
5,weekly,2020-12-12/2020-12-18,0.0
5,weekly,2020-12-19/2020-12-25,0.0
5,weekly,2020-12-26/2021-01-01,0.0
5,weekly,2021-01-02/2021-01-08,0.0
5,weekly,2021-01-09/2021-01-15,0.0
5,weekly,2021-01-16/2021-01-22,0.0
5,weekly,2021-01-23/2021-01-29,0.0045248618784529135
5,weekly,2021-01-30/2021-02-05,0.0
5,weekly,2021-02-06/2021-02-12,0.0
5,weekly,2021-02-13/2021-02-19,0.0
5,weekly,2021-02-20/2021-02-26,0.0032178216095893886
5,weekly,2021-02-27/2021-03-05,-0.04648924263652421
5,weekly,2021-03-06/2021-03-12,0.005927564414195286
5,weekly,2021-03-13/2021-03-19,-0.014578394598649735
5,weekly,2021-03-20/2021-03-26,0.0
5,weekly,2021-03-27/2021-04-02,0.0
5,weekly,2021-04-03/2021-04-09,0.0
5,weekly,2021-04-10/2021-04-16,0.0
5,weekly,2021-04-17/2021-04-23,0.0
5,weekly,2021-04-24/2021-04-30,0.0
5,weekly,2021-05-01/2021-05-07,0.0
5,weekly,2021-05-08/2021-05-14,0.0
5,weekly,2021-05-15/2021-05-21,0.0
5,weekly,2021-05-22/2021-05-28,0.0
5,weekly,2021-05-29/2021-06-04,0.0
5,weekly,2021-06-05/2021-06-11,0.0
5,weekly,2021-06-12/2021-06-18,-0.009638305777447398
5,weekly,2021-06-19/2021-06-25,0.0
5,weekly,2021-06-26/2021-07-02,0.0
5,weekly,2021-07-03/2021-07-09,0.0
5,weekly,2021-07-10/2021-07-16,0.0
5,weekly,2021-07-17/2021-07-23,0.0
5,weekly,2021-07-24/2021-07-30,0.0
5,weekly,2021-07-31/2021-08-06,0.0
5,weekly,2021-08-07/2021-08-13,0.0
5,weekly,2021-08-14/2021-08-20,0.0
5,weekly,2021-08-21/2021-08-27,0.0
5,weekly,2021-08-28/2021-09-03,0.0
5,weekly,2021-09-04/2021-09-10,0.0
5,weekly,2021-09-11/2021-09-17,0.0
5,weekly,2021-09-18/2021-09-24,0.0
5,weekly,2021-09-25/2021-10-01,0.0
5,weekly,2021-10-02/2021-10-08,0.0
5,weekly,2021-10-09/2021-10-15,0.0
5,weekly,2021-10-16/2021-10-22,0.0
5,weekly,2021-10-23/2021-10-29,0.0
5,weekly,2021-10-30/2021-11-05,0.0
5,weekly,2021-11-06/2021-11-12,0.0
5,weekly,2021-11-13/2021-11-19,0.0
5,weekly,2021-11-20/2021-11-26,0.0
5,weekly,2021-11-27/2021-12-03,0.0
5,weekly,2021-12-04/2021-12-10,0.0
5,weekly,2021-12-11/2021-12-17,0.03777794732302786
5,weekly,2021-12-18/2021-12-24,0.015210599237963307
5,weekly,2021-12-25/2021-12-31,0.0
5,weekly,2022-01-01/2022-01-07,0.0
5,weekly,2022-01-08/2022-01-14,0.0
5,weekly,2022-01-15/2022-01-21,0.0
5,weekly,2022-01-22/2022-01-28,0.11598483927680692
5,weekly,2022-01-29/2022-02-04,-0.010606071890164711
5,weekly,2022-02-05/2022-02-11,0.014780474761099116
5,weekly,2022-02-12/2022-02-18,-0.006243204828417002
5,weekly,2022-02-19/2022-02-25,0.009535200430875745
5,weekly,2022-02-26/2022-03-04,-0.013791349335466663
5,weekly,2022-03-05/2022-03-11,-0.00822978164864474
5,weekly,2022-03-12/2022-03-18,-0.0033880922335663977
5,weekly,2022-03-19/2022-03-25,-0.002522939272796453
5,weekly,2022-03-26/2022-04-01,0.0
5,weekly,2022-04-02/2022-04-08,0.001230897936419396
5,weekly,2022-04-09/2022-04-15,0.0
5,weekly,2022-04-16/2022-04-22,0.0
5,weekly,2022-04-23/2022-04-29,-0.043665653536567706
5,weekly,2022-04-30/2022-05-06,-0.025646369139603498
5,weekly,2022-05-07/2022-05-13,0.09754430126767855
5,weekly,2022-05-14/2022-05-20,-0.009732212160414089
5,weekly,2022-05-21/2022-05-27,0.01703314480205287
5,weekly,2022-05-28/2022-06-03,-0.022245205075243413
5,weekly,2022-06-04/2022-06-10,0.0
5,weekly,2022-06-11/2022-06-17,0.0874913324375921
5,weekly,2022-06-18/2022-06-24,0.0
5,weekly,2022-06-25/2022-07-01,0.01032992336645877
5,weekly,2022-07-02/2022-07-08,-0.023393518999169527
5,weekly,2022-07-09/2022-07-15,0.02182032392478706
5,weekly,2022-07-16/2022-07-22,0.0
5,weekly,2022-07-23/2022-07-29,-0.021231213872832333
5,weekly,2022-07-30/2022-08-05,0.0
5,weekly,2022-08-06/2022-08-12,0.0
5,weekly,2022-08-13/2022-08-19,0.0
5,weekly,2022-08-20/2022-08-26,0.015888545075850802
5,weekly,2022-08-27/2022-09-02,0.0
5,weekly,2022-09-03/2022-09-09,-0.015063176114236243
5,weekly,2022-09-10/2022-09-16,0.0
5,weekly,2022-09-17/2022-09-23,-0.03886840900874167
5,weekly,2022-09-24/2022-09-30,0.0069944179231354875
5,weekly,2022-10-01/2022-10-07,0.0
5,weekly,2022-10-08/2022-10-14,-0.001322398365226518
5,weekly,2022-10-15/2022-10-21,-0.020926197297878146
5,weekly,2022-10-22/2022-10-28,0.022043863443898193
5,weekly,2022-10-29/2022-11-04,0.1039579843169035
5,weekly,2022-11-05/2022-11-11,0.0
5,weekly,2022-11-12/2022-11-18,0.0
5,weekly,2022-11-19/2022-11-25,-0.007877113866967322
5,weekly,2022-11-26/2022-12-02,-0.012859393419783482
5,weekly,2022-12-03/2022-12-09,0.0
5,weekly,2022-12-10/2022-12-16,-0.0027727798924700444
5,weekly,2022-12-17/2022-12-23,0.0
5,weekly,2022-12-24/2022-12-30,0.0
5,weekly,2022-12-31/2023-01-06,-0.011833662692095848
5,weekly,2023-01-07/2023-01-13,-0.002081187340279177
5,weekly,2023-01-14/2023-01-20,0.0
5,weekly,2023-01-21/2023-01-27,0.0
5,weekly,2023-01-28/2023-02-03,0.017654212631183497
5,weekly,2023-02-04/2023-02-10,-0.0354902073732718
5,weekly,2023-02-11/2023-02-17,0.0
5,weekly,2023-02-18/2023-02-24,0.0
5,weekly,2023-02-25/2023-03-03,0.0
5,weekly,2023-03-04/2023-03-10,-0.021570325900514664
5,weekly,2023-03-11/2023-03-17,-0.014740053050397939
5,weekly,2023-03-18/2023-03-24,0.0194314226841803
5,weekly,2023-03-25/2023-03-31,0.0
5,weekly,2023-04-01/2023-04-07,0.0
5,weekly,2023-04-08/2023-04-14,0.0
5,weekly,2023-04-15/2023-04-21,0.0
5,weekly,2023-04-22/2023-04-28,0.0
5,weekly,2023-04-29/2023-05-05,0.0
5,weekly,2023-05-06/2023-05-12,0.0
5,weekly,2023-05-13/2023-05-19,0.0
5,weekly,2023-05-20/2023-05-26,0.0
5,weekly,2023-05-27/2023-06-02,0.0
5,weekly,2023-06-03/2023-06-09,0.0
5,weekly,2023-06-10/2023-06-16,0.0
5,weekly,2023-06-17/2023-06-23,0.0
5,weekly,2023-06-24/2023-06-30,0.0
5,weekly,2023-07-01/2023-07-07,0.0
5,weekly,2023-07-08/2023-07-14,0.0
5,weekly,2023-07-15/2023-07-21,0.0
5,weekly,2023-07-22/2023-07-28,0.0
5,weekly,2023-07-29/2023-08-04,0.0
5,weekly,2023-08-05/2023-08-11,0.0
5,weekly,2023-08-12/2023-08-18,0.0
5,weekly,2023-08-19/2023-08-25,0.0
5,weekly,2023-08-26/2023-09-01,0.0
5,weekly,2023-09-02/2023-09-08,0.0
5,weekly,2023-09-09/2023-09-15,0.0
5,weekly,2023-09-16/2023-09-22,0.0
5,weekly,2023-09-23/2023-09-29,0.0
5,weekly,2023-09-30/2023-10-06,0.0
5,weekly,2023-10-07/2023-10-13,0.0
5,weekly,2023-10-14/2023-10-20,0.0
5,weekly,2023-10-21/2023-10-27,0.0
5,weekly,2023-10-28/2023-11-03,0.0
5,weekly,2023-11-04/2023-11-10,0.0
5,weekly,2023-11-11/2023-11-17,0.0
5,weekly,2023-11-18/2023-11-24,0.0
5,weekly,2023-11-25/2023-12-01,0.0
5,weekly,2023-12-02/2023-12-08,0.0
5,weekly,2023-12-09/2023-12-15,0.0
5,weekly,2023-12-16/2023-12-22,0.0
5,weekly,2023-12-23/2023-12-29,0.0
5,weekly,2023-12-30/2024-01-05,0.0
5,weekly,2024-01-06/2024-01-12,0.0
5,weekly,2024-01-13/2024-01-19,0.0
5,weekly,2024-01-20/2024-01-26,0.0
5,weekly,2024-01-27/2024-02-02,0.0
5,weekly,2024-02-03/2024-02-09,0.0
5,weekly,2024-02-10/2024-02-16,0.0
5,weekly,2024-02-17/2024-02-23,0.0
5,weekly,2024-02-24/2024-03-01,0.0
5,weekly,2024-03-02/2024-03-08,0.0
5,weekly,2024-03-09/2024-03-15,0.0
5,weekly,2024-03-16/2024-03-22,0.0
5,weekly,2024-03-23/2024-03-29,0.0
5,weekly,2024-03-30/2024-04-05,0.0
5,weekly,2024-04-06/2024-04-12,0.0
5,weekly,2024-04-13/2024-04-19,0.0
5,weekly,2024-04-20/2024-04-26,0.0
5,weekly,2024-04-27/2024-05-03,0.0
5,weekly,2024-05-04/2024-05-10,0.0
5,weekly,2024-05-11/2024-05-17,0.0
5,weekly,2024-05-18/2024-05-24,0.0
5,weekly,2024-05-25/2024-05-31,0.0
5,weekly,2024-06-01/2024-06-07,0.0
5,weekly,2024-06-08/2024-06-14,0.0
5,weekly,2024-06-15/2024-06-21,0.0
5,weekly,2024-06-22/2024-06-28,0.0
5,weekly,2024-06-29/2024-07-05,0.0
5,weekly,2024-07-06/2024-07-12,0.0
5,weekly,2024-07-13/2024-07-19,0.0
5,weekly,2024-07-20/2024-07-26,0.0
5,weekly,2024-07-27/2024-08-02,0.0
5,weekly,2024-08-03/2024-08-09,-0.014233629981461493
5,weekly,2024-08-10/2024-08-16,0.0
5,weekly,2024-08-17/2024-08-23,0.010398597652523045
5,weekly,2024-08-24/2024-08-30,0.0
5,weekly,2024-08-31/2024-09-06,0.027633022429491394
5,weekly,2024-09-07/2024-09-13,0.0
5,weekly,2024-09-14/2024-09-20,0.01510924546772563
5,weekly,2024-09-21/2024-09-27,0.0
5,weekly,2024-09-28/2024-10-04,0.0
5,weekly,2024-10-05/2024-10-11,0.0
5,weekly,2024-10-12/2024-10-18,0.0
5,weekly,2024-10-19/2024-10-25,0.0
5,weekly,2024-10-26/2024-11-01,0.0
5,weekly,2024-11-02/2024-11-08,0.0
5,weekly,2024-11-09/2024-11-15,0.0
5,weekly,2024-11-16/2024-11-22,0.0
5,weekly,2024-11-23/2024-11-29,0.0
5,weekly,2024-11-30/2024-12-06,0.0
5,weekly,2024-12-07/2024-12-13,0.0
5,weekly,2024-12-14/2024-12-20,0.0
5,weekly,2024-12-21/2024-12-27,0.0
5,weekly,2024-12-28/2025-01-03,0.0
5,weekly,2025-01-04/2025-01-10,0.0
5,weekly,2025-01-11/2025-01-17,0.0
5,weekly,2025-01-18/2025-01-24,0.0
5,weekly,2025-01-25/2025-01-31,0.0
5,weekly,2025-02-01/2025-02-07,0.006183048006704107
5,weekly,2025-02-08/2025-02-14,0.0
5,weekly,2025-02-15/2025-02-21,0.0
5,weekly,2025-02-22/2025-02-28,0.0
5,weekly,2025-03-01/2025-03-07,0.0055632458233890745
5,weekly,2025-03-08/2025-03-14,-0.008446452476572941
5,weekly,2025-03-15/2025-03-21,-0.00290695890381154
5,weekly,2025-03-22/2025-03-28,0.0
5,weekly,2025-03-29/2025-04-04,-0.055476375008646994
5,weekly,2025-04-05/2025-04-11,0.24556116266006012
5,weekly,2025-04-12/2025-04-18,0.0
5,weekly,2025-04-19/2025-04-25,0.0039705535924615684
5,weekly,2025-04-26/2025-05-02,0.0
5,weekly,2025-05-03/2025-05-09,0.0
5,weekly,2025-05-10/2025-05-16,0.0
5,weekly,2025-05-17/2025-05-23,0.0
5,weekly,2025-05-24/2025-05-30,0.0
5,weekly,2025-05-31/2025-06-06,0.0
5,weekly,2025-06-07/2025-06-13,0.0
5,weekly,2025-06-14/2025-06-20,0.0
5,weekly,2025-06-21/2025-06-27,0.0
5,weekly,2025-06-28/2025-07-04,0.0
5,weekly,2025-07-05/2025-07-11,0.0
5,weekly,2025-07-12/2025-07-18,0.0
5,weekly,2025-07-19/2025-07-25,0.0
5,weekly,2025-07-26/2025-08-01,0.0
5,weekly,2025-08-02/2025-08-08,0.0
5,weekly,2025-08-09/2025-08-15,0.0
5,weekly,2025-08-16/2025-08-22,-0.023125416204217375
5,weekly,2025-08-23/2025-08-29,0.0
5,weekly,2025-08-30/2025-09-05,0.0
5,weekly,2025-09-06/2025-09-12,0.0
5,weekly,2025-09-13/2025-09-19,0.0
5,weekly,2025-09-20/2025-09-26,0.0
5,weekly,2025-09-27/2025-10-03,0.0
5,weekly,2025-10-04/2025-10-10,0.0
5,weekly,2025-10-11/2025-10-17,0.0
5,weekly,2025-10-18/2025-10-24,0.0
5,weekly,2025-10-25/2025-10-31,-0.0001323356314107951
5,weekly,2025-11-01/2025-11-07,0.0
5,weekly,2025-11-08/2025-11-14,0.0
5,weekly,2025-11-15/2025-11-21,-0.002421555957611731
5,weekly,2025-11-22/2025-11-28,0.0
5,weekly,2025-11-29/2025-12-05,0.0
5,weekly,2025-12-06/2025-12-12,0.0
5,weekly,2025-12-13/2025-12-19,0.0
5,weekly,2025-12-20/2025-12-26,0.0
5,weekly,2025-12-27/2026-01-02,0.0
5,weekly,2026-01-03/2026-01-09,0.0
5,weekly,2026-01-10/2026-01-16,0.0
5,weekly,2026-01-17/2026-01-23,-0.02436719883889693
5,weekly,2026-01-24/2026-01-30,0.0
5,weekly,2026-01-31/2026-02-06,0.0
5,weekly,2026-02-07/2026-02-13,0.0
5,weekly,2026-02-14/2026-02-20,0.02354597048808149
5,weekly,2026-02-21/2026-02-27,0.0
5,weekly,2026-02-28/2026-03-06,0.0
5,weekly,2026-03-07/2026-03-13,-0.025252055551716945
5,weekly,2026-03-14/2026-03-20,0.0
5,weekly,2026-03-21/2026-03-27,0.0
5,weekly,2026-03-28/2026-04-03,0.01817264034093613
5,weekly,2026-04-04/2026-04-10,0.0
5,weekly,2026-04-11/2026-04-17,0.0
5,weekly,2026-04-18/2026-04-24,0.0
5,weekly,2026-04-25/2026-05-01,0.0
5,monthly,2019-06,0.0
5,monthly,2019-07,-0.018963525835866246
5,monthly,2019-08,-0.05191299985055198
5,monthly,2019-09,-0.019031544595761726
5,monthly,2019-10,-0.00677628648841022
5,monthly,2019-11,0.0
5,monthly,2019-12,0.0
5,monthly,2020-01,0.007016657990629783
5,monthly,2020-02,-0.022230328229043916
5,monthly,2020-03,0.15065780920902616
5,monthly,2020-04,0.0405654197548061
5,monthly,2020-05,0.0
5,monthly,2020-06,-0.0010428745327834
5,monthly,2020-07,0.003858993902439046
5,monthly,2020-08,0.0
5,monthly,2020-09,0.025740366108312762
5,monthly,2020-10,-0.005569660120053554
5,monthly,2020-11,0.012846273913327266
5,monthly,2020-12,0.0
5,monthly,2021-01,0.0045248618784529135
5,monthly,2021-02,0.0032178216095893886
5,monthly,2021-03,-0.05514007282097866
5,monthly,2021-04,0.0
5,monthly,2021-05,0.0
5,monthly,2021-06,-0.009638305777447398
5,monthly,2021-07,0.0
5,monthly,2021-08,0.0
5,monthly,2021-09,0.0
5,monthly,2021-10,0.0
5,monthly,2021-11,0.0
5,monthly,2021-12,0.05298854656099117
5,monthly,2022-01,0.11598483927680692
5,monthly,2022-02,0.007466398473393148
5,monthly,2022-03,-0.027932162490474255
5,monthly,2022-04,-0.04243475560014831
5,monthly,2022-05,0.07919886476971383
5,monthly,2022-06,0.09239859596311739
5,monthly,2022-07,-0.03962695418152473
5,monthly,2022-08,0.015888545075850802
5,monthly,2022-09,-0.04693716719984242
5,monthly,2022-10,-0.0002047322192064707
5,monthly,2022-11,0.0832214770301527
5,monthly,2022-12,-0.0027727798924700444
5,monthly,2023-01,-0.013914850032375024
5,monthly,2023-02,-0.0178359947420883
5,monthly,2023-03,-0.016878956266732303
5,monthly,2023-04,0.0
5,monthly,2023-05,0.0
5,monthly,2023-06,0.0
5,monthly,2023-07,0.0
5,monthly,2023-08,0.0
5,monthly,2023-09,0.0
5,monthly,2023-10,0.0
5,monthly,2023-11,0.0
5,monthly,2023-12,0.0
5,monthly,2024-01,0.0
5,monthly,2024-02,0.0
5,monthly,2024-03,0.0
5,monthly,2024-04,0.0
5,monthly,2024-05,0.0
5,monthly,2024-06,0.0
5,monthly,2024-07,0.0
5,monthly,2024-08,-0.003835032328938448
5,monthly,2024-09,0.04274226789721702
5,monthly,2024-10,0.0
5,monthly,2024-11,0.0
5,monthly,2024-12,0.0
5,monthly,2025-01,0.0
5,monthly,2025-02,0.006183048006704107
5,monthly,2025-03,-0.005790165556995406
5,monthly,2025-04,0.1940553412438747
5,monthly,2025-05,0.0
5,monthly,2025-06,0.0
5,monthly,2025-07,0.0
5,monthly,2025-08,-0.023125416204217375
5,monthly,2025-09,0.0
5,monthly,2025-10,-0.0001323356314107951
5,monthly,2025-11,-0.002421555957611731
5,monthly,2025-12,0.0
5,monthly,2026-01,-0.02436719883889693
5,monthly,2026-02,0.02354597048808149
5,monthly,2026-03,-0.01741669941588264
5,monthly,2026-04,0.010337284205101827
5,yearly,2019,-0.09668435677059017
5,yearly,2020,0.21184265799666024
5,yearly,2021,-0.004047148549392587
5,yearly,2022,0.23425016900536855
5,yearly,2023,-0.04862980104119563
5,yearly,2024,0.038907235568278575
5,yearly,2025,0.16876891590034349
5,yearly,2026,-0.007900643561596254
10,weekly,2019-06-15/2019-06-21,0.0
10,weekly,2019-06-22/2019-06-28,0.0
10,weekly,2019-06-29/2019-07-05,0.0
10,weekly,2019-07-06/2019-07-12,0.0
10,weekly,2019-07-13/2019-07-19,0.0
10,weekly,2019-07-20/2019-07-26,0.0
10,weekly,2019-07-27/2019-08-02,-0.019963525835866247
10,weekly,2019-08-03/2019-08-09,0.0
10,weekly,2019-08-10/2019-08-16,-0.02443589743589758
10,weekly,2019-08-17/2019-08-23,-0.0294771024146544
10,weekly,2019-08-24/2019-08-30,0.0
10,weekly,2019-08-31/2019-09-06,0.0
10,weekly,2019-09-07/2019-09-13,-0.002332005312084993
10,weekly,2019-09-14/2019-09-20,-0.011744595225618212
10,weekly,2019-09-21/2019-09-27,-0.008954944058058521
10,weekly,2019-09-28/2019-10-04,-0.006436670254754249
10,weekly,2019-10-05/2019-10-11,-0.0023396162336559705
10,weekly,2019-10-12/2019-10-18,0.0
10,weekly,2019-10-19/2019-10-25,0.0
10,weekly,2019-10-26/2019-11-01,0.0
10,weekly,2019-11-02/2019-11-08,0.0
10,weekly,2019-11-09/2019-11-15,0.0
10,weekly,2019-11-16/2019-11-22,0.0
10,weekly,2019-11-23/2019-11-29,0.0
10,weekly,2019-11-30/2019-12-06,0.0
10,weekly,2019-12-07/2019-12-13,0.0
10,weekly,2019-12-14/2019-12-20,0.0
10,weekly,2019-12-21/2019-12-27,0.0
10,weekly,2019-12-28/2020-01-03,0.0
10,weekly,2020-01-04/2020-01-10,0.0
10,weekly,2020-01-11/2020-01-17,0.0
10,weekly,2020-01-18/2020-01-24,0.0
10,weekly,2020-01-25/2020-01-31,0.006016657990629783
10,weekly,2020-02-01/2020-02-07,0.0
10,weekly,2020-02-08/2020-02-14,0.0
10,weekly,2020-02-15/2020-02-21,0.0
10,weekly,2020-02-22/2020-02-28,-0.030230328229043917
10,weekly,2020-02-29/2020-03-06,0.04148812036552241
10,weekly,2020-03-07/2020-03-13,-0.130227276023661
10,weekly,2020-03-14/2020-03-20,-0.023365268614618614
10,weekly,2020-03-21/2020-03-27,0.1417622334817833
10,weekly,2020-03-28/2020-04-03,0.012765120460145442
10,weekly,2020-04-04/2020-04-10,0.0
10,weekly,2020-04-11/2020-04-17,0.0
10,weekly,2020-04-18/2020-04-24,0.023800299294660654
10,weekly,2020-04-25/2020-05-01,0.0
10,weekly,2020-05-02/2020-05-08,0.0
10,weekly,2020-05-09/2020-05-15,0.0
10,weekly,2020-05-16/2020-05-22,0.0
10,weekly,2020-05-23/2020-05-29,0.0
10,weekly,2020-05-30/2020-06-05,0.0
10,weekly,2020-06-06/2020-06-12,0.0
10,weekly,2020-06-13/2020-06-19,-0.0030428745327834
10,weekly,2020-06-20/2020-06-26,0.0
10,weekly,2020-06-27/2020-07-03,0.0
10,weekly,2020-07-04/2020-07-10,0.0
10,weekly,2020-07-11/2020-07-17,0.002858993902439046
10,weekly,2020-07-18/2020-07-24,0.0
10,weekly,2020-07-25/2020-07-31,0.0
10,weekly,2020-08-01/2020-08-07,0.0
10,weekly,2020-08-08/2020-08-14,0.0
10,weekly,2020-08-15/2020-08-21,0.0
10,weekly,2020-08-22/2020-08-28,0.0
10,weekly,2020-08-29/2020-09-04,0.026928783901872366
10,weekly,2020-09-05/2020-09-11,-0.0007988887598016081
10,weekly,2020-09-12/2020-09-18,0.0
10,weekly,2020-09-19/2020-09-25,-0.008389529033758
10,weekly,2020-09-26/2020-10-02,0.0
10,weekly,2020-10-03/2020-10-09,-0.014762645914396908
10,weekly,2020-10-10/2020-10-16,0.0
10,weekly,2020-10-17/2020-10-23,0.009857541899441326
10,weekly,2020-10-24/2020-10-30,-0.0036645561050979696
10,weekly,2020-10-31/2020-11-06,0.0
10,weekly,2020-11-07/2020-11-13,0.010846273913327266
10,weekly,2020-11-14/2020-11-20,0.0
10,weekly,2020-11-21/2020-11-27,0.0
10,weekly,2020-11-28/2020-12-04,0.0
10,weekly,2020-12-05/2020-12-11,0.0
10,weekly,2020-12-12/2020-12-18,0.0
10,weekly,2020-12-19/2020-12-25,0.0
10,weekly,2020-12-26/2021-01-01,0.0
10,weekly,2021-01-02/2021-01-08,0.0
10,weekly,2021-01-09/2021-01-15,0.0
10,weekly,2021-01-16/2021-01-22,0.0
10,weekly,2021-01-23/2021-01-29,0.0035248618784529135
10,weekly,2021-01-30/2021-02-05,0.0
10,weekly,2021-02-06/2021-02-12,0.0
10,weekly,2021-02-13/2021-02-19,0.0
10,weekly,2021-02-20/2021-02-26,0.0012178216095893868
10,weekly,2021-02-27/2021-03-05,-0.050489242636524205
10,weekly,2021-03-06/2021-03-12,0.004927564414195286
10,weekly,2021-03-13/2021-03-19,-0.015578394598649735
10,weekly,2021-03-20/2021-03-26,0.0
10,weekly,2021-03-27/2021-04-02,0.0
10,weekly,2021-04-03/2021-04-09,0.0
10,weekly,2021-04-10/2021-04-16,0.0
10,weekly,2021-04-17/2021-04-23,0.0
10,weekly,2021-04-24/2021-04-30,0.0
10,weekly,2021-05-01/2021-05-07,0.0
10,weekly,2021-05-08/2021-05-14,0.0
10,weekly,2021-05-15/2021-05-21,0.0
10,weekly,2021-05-22/2021-05-28,0.0
10,weekly,2021-05-29/2021-06-04,0.0
10,weekly,2021-06-05/2021-06-11,0.0
10,weekly,2021-06-12/2021-06-18,-0.010638305777447397
10,weekly,2021-06-19/2021-06-25,0.0
10,weekly,2021-06-26/2021-07-02,0.0
10,weekly,2021-07-03/2021-07-09,0.0
10,weekly,2021-07-10/2021-07-16,0.0
10,weekly,2021-07-17/2021-07-23,0.0
10,weekly,2021-07-24/2021-07-30,0.0
10,weekly,2021-07-31/2021-08-06,0.0
10,weekly,2021-08-07/2021-08-13,0.0
10,weekly,2021-08-14/2021-08-20,0.0
10,weekly,2021-08-21/2021-08-27,0.0
10,weekly,2021-08-28/2021-09-03,0.0
10,weekly,2021-09-04/2021-09-10,0.0
10,weekly,2021-09-11/2021-09-17,0.0
10,weekly,2021-09-18/2021-09-24,0.0
10,weekly,2021-09-25/2021-10-01,0.0
10,weekly,2021-10-02/2021-10-08,0.0
10,weekly,2021-10-09/2021-10-15,0.0
10,weekly,2021-10-16/2021-10-22,0.0
10,weekly,2021-10-23/2021-10-29,0.0
10,weekly,2021-10-30/2021-11-05,0.0
10,weekly,2021-11-06/2021-11-12,0.0
10,weekly,2021-11-13/2021-11-19,0.0
10,weekly,2021-11-20/2021-11-26,0.0
10,weekly,2021-11-27/2021-12-03,0.0
10,weekly,2021-12-04/2021-12-10,0.0
10,weekly,2021-12-11/2021-12-17,0.03677794732302786
10,weekly,2021-12-18/2021-12-24,0.014210599237963308
10,weekly,2021-12-25/2021-12-31,0.0
10,weekly,2022-01-01/2022-01-07,0.0
10,weekly,2022-01-08/2022-01-14,0.0
10,weekly,2022-01-15/2022-01-21,0.0
10,weekly,2022-01-22/2022-01-28,0.10498483927680691
10,weekly,2022-01-29/2022-02-04,-0.013606071890164712
10,weekly,2022-02-05/2022-02-11,0.012780474761099118
10,weekly,2022-02-12/2022-02-18,-0.008243204828417002
10,weekly,2022-02-19/2022-02-25,0.007535200430875747
10,weekly,2022-02-26/2022-03-04,-0.015791349335466665
10,weekly,2022-03-05/2022-03-11,-0.014229781648644742
10,weekly,2022-03-12/2022-03-18,-0.0053880922335663994
10,weekly,2022-03-19/2022-03-25,-0.003522939272796453
10,weekly,2022-03-26/2022-04-01,0.0
10,weekly,2022-04-02/2022-04-08,0.0002308979364193959
10,weekly,2022-04-09/2022-04-15,0.0
10,weekly,2022-04-16/2022-04-22,0.0
10,weekly,2022-04-23/2022-04-29,-0.0486656535365677
10,weekly,2022-04-30/2022-05-06,-0.0316463691396035
10,weekly,2022-05-07/2022-05-13,0.09254430126767854
10,weekly,2022-05-14/2022-05-20,-0.010732212160414088
10,weekly,2022-05-21/2022-05-27,0.015033144802052869
10,weekly,2022-05-28/2022-06-03,-0.023245205075243414
10,weekly,2022-06-04/2022-06-10,0.0
10,weekly,2022-06-11/2022-06-17,0.0824913324375921
10,weekly,2022-06-18/2022-06-24,0.0
10,weekly,2022-06-25/2022-07-01,0.007329923366458768
10,weekly,2022-07-02/2022-07-08,-0.02539351899916953
10,weekly,2022-07-09/2022-07-15,0.016820323924787058
10,weekly,2022-07-16/2022-07-22,0.0
10,weekly,2022-07-23/2022-07-29,-0.022231213872832334
10,weekly,2022-07-30/2022-08-05,0.0
10,weekly,2022-08-06/2022-08-12,0.0
10,weekly,2022-08-13/2022-08-19,0.0
10,weekly,2022-08-20/2022-08-26,0.013888545075850802
10,weekly,2022-08-27/2022-09-02,0.0
10,weekly,2022-09-03/2022-09-09,-0.016063176114236244
10,weekly,2022-09-10/2022-09-16,0.0
10,weekly,2022-09-17/2022-09-23,-0.04186840900874167
10,weekly,2022-09-24/2022-09-30,0.0049944179231354874
10,weekly,2022-10-01/2022-10-07,0.0
10,weekly,2022-10-08/2022-10-14,-0.0053223983652265165
10,weekly,2022-10-15/2022-10-21,-0.022926197297878148
10,weekly,2022-10-22/2022-10-28,0.02004386344389819
10,weekly,2022-10-29/2022-11-04,0.0999579843169035
10,weekly,2022-11-05/2022-11-11,0.0
10,weekly,2022-11-12/2022-11-18,0.0
10,weekly,2022-11-19/2022-11-25,-0.008877113866967322
10,weekly,2022-11-26/2022-12-02,-0.013859393419783482
10,weekly,2022-12-03/2022-12-09,0.0
10,weekly,2022-12-10/2022-12-16,-0.005772779892470046
10,weekly,2022-12-17/2022-12-23,0.0
10,weekly,2022-12-24/2022-12-30,0.0
10,weekly,2022-12-31/2023-01-06,-0.013833662692095846
10,weekly,2023-01-07/2023-01-13,-0.0030811873402791772
10,weekly,2023-01-14/2023-01-20,0.0
10,weekly,2023-01-21/2023-01-27,0.0
10,weekly,2023-01-28/2023-02-03,0.016654212631183496
10,weekly,2023-02-04/2023-02-10,-0.0364902073732718
10,weekly,2023-02-11/2023-02-17,0.0
10,weekly,2023-02-18/2023-02-24,0.0
10,weekly,2023-02-25/2023-03-03,0.0
10,weekly,2023-03-04/2023-03-10,-0.022570325900514665
10,weekly,2023-03-11/2023-03-17,-0.01574005305039794
10,weekly,2023-03-18/2023-03-24,0.0174314226841803
10,weekly,2023-03-25/2023-03-31,0.0
10,weekly,2023-04-01/2023-04-07,0.0
10,weekly,2023-04-08/2023-04-14,0.0
10,weekly,2023-04-15/2023-04-21,0.0
10,weekly,2023-04-22/2023-04-28,0.0
10,weekly,2023-04-29/2023-05-05,0.0
10,weekly,2023-05-06/2023-05-12,0.0
10,weekly,2023-05-13/2023-05-19,0.0
10,weekly,2023-05-20/2023-05-26,0.0
10,weekly,2023-05-27/2023-06-02,0.0
10,weekly,2023-06-03/2023-06-09,0.0
10,weekly,2023-06-10/2023-06-16,0.0
10,weekly,2023-06-17/2023-06-23,0.0
10,weekly,2023-06-24/2023-06-30,0.0
10,weekly,2023-07-01/2023-07-07,0.0
10,weekly,2023-07-08/2023-07-14,0.0
10,weekly,2023-07-15/2023-07-21,0.0
10,weekly,2023-07-22/2023-07-28,0.0
10,weekly,2023-07-29/2023-08-04,0.0
10,weekly,2023-08-05/2023-08-11,0.0
10,weekly,2023-08-12/2023-08-18,0.0
10,weekly,2023-08-19/2023-08-25,0.0
10,weekly,2023-08-26/2023-09-01,0.0
10,weekly,2023-09-02/2023-09-08,0.0
10,weekly,2023-09-09/2023-09-15,0.0
10,weekly,2023-09-16/2023-09-22,0.0
10,weekly,2023-09-23/2023-09-29,0.0
10,weekly,2023-09-30/2023-10-06,0.0
10,weekly,2023-10-07/2023-10-13,0.0
10,weekly,2023-10-14/2023-10-20,0.0
10,weekly,2023-10-21/2023-10-27,0.0
10,weekly,2023-10-28/2023-11-03,0.0
10,weekly,2023-11-04/2023-11-10,0.0
10,weekly,2023-11-11/2023-11-17,0.0
10,weekly,2023-11-18/2023-11-24,0.0
10,weekly,2023-11-25/2023-12-01,0.0
10,weekly,2023-12-02/2023-12-08,0.0
10,weekly,2023-12-09/2023-12-15,0.0
10,weekly,2023-12-16/2023-12-22,0.0
10,weekly,2023-12-23/2023-12-29,0.0
10,weekly,2023-12-30/2024-01-05,0.0
10,weekly,2024-01-06/2024-01-12,0.0
10,weekly,2024-01-13/2024-01-19,0.0
10,weekly,2024-01-20/2024-01-26,0.0
10,weekly,2024-01-27/2024-02-02,0.0
10,weekly,2024-02-03/2024-02-09,0.0
10,weekly,2024-02-10/2024-02-16,0.0
10,weekly,2024-02-17/2024-02-23,0.0
10,weekly,2024-02-24/2024-03-01,0.0
10,weekly,2024-03-02/2024-03-08,0.0
10,weekly,2024-03-09/2024-03-15,0.0
10,weekly,2024-03-16/2024-03-22,0.0
10,weekly,2024-03-23/2024-03-29,0.0
10,weekly,2024-03-30/2024-04-05,0.0
10,weekly,2024-04-06/2024-04-12,0.0
10,weekly,2024-04-13/2024-04-19,0.0
10,weekly,2024-04-20/2024-04-26,0.0
10,weekly,2024-04-27/2024-05-03,0.0
10,weekly,2024-05-04/2024-05-10,0.0
10,weekly,2024-05-11/2024-05-17,0.0
10,weekly,2024-05-18/2024-05-24,0.0
10,weekly,2024-05-25/2024-05-31,0.0
10,weekly,2024-06-01/2024-06-07,0.0
10,weekly,2024-06-08/2024-06-14,0.0
10,weekly,2024-06-15/2024-06-21,0.0
10,weekly,2024-06-22/2024-06-28,0.0
10,weekly,2024-06-29/2024-07-05,0.0
10,weekly,2024-07-06/2024-07-12,0.0
10,weekly,2024-07-13/2024-07-19,0.0
10,weekly,2024-07-20/2024-07-26,0.0
10,weekly,2024-07-27/2024-08-02,0.0
10,weekly,2024-08-03/2024-08-09,-0.017233629981461492
10,weekly,2024-08-10/2024-08-16,0.0
10,weekly,2024-08-17/2024-08-23,0.009398597652523046
10,weekly,2024-08-24/2024-08-30,0.0
10,weekly,2024-08-31/2024-09-06,0.025633022429491396
10,weekly,2024-09-07/2024-09-13,0.0
10,weekly,2024-09-14/2024-09-20,0.01410924546772563
10,weekly,2024-09-21/2024-09-27,0.0
10,weekly,2024-09-28/2024-10-04,0.0
10,weekly,2024-10-05/2024-10-11,0.0
10,weekly,2024-10-12/2024-10-18,0.0
10,weekly,2024-10-19/2024-10-25,0.0
10,weekly,2024-10-26/2024-11-01,0.0
10,weekly,2024-11-02/2024-11-08,0.0
10,weekly,2024-11-09/2024-11-15,0.0
10,weekly,2024-11-16/2024-11-22,0.0
10,weekly,2024-11-23/2024-11-29,0.0
10,weekly,2024-11-30/2024-12-06,0.0
10,weekly,2024-12-07/2024-12-13,0.0
10,weekly,2024-12-14/2024-12-20,0.0
10,weekly,2024-12-21/2024-12-27,0.0
10,weekly,2024-12-28/2025-01-03,0.0
10,weekly,2025-01-04/2025-01-10,0.0
10,weekly,2025-01-11/2025-01-17,0.0
10,weekly,2025-01-18/2025-01-24,0.0
10,weekly,2025-01-25/2025-01-31,0.0
10,weekly,2025-02-01/2025-02-07,0.005183048006704107
10,weekly,2025-02-08/2025-02-14,0.0
10,weekly,2025-02-15/2025-02-21,0.0
10,weekly,2025-02-22/2025-02-28,0.0
10,weekly,2025-03-01/2025-03-07,0.004563245823389074
10,weekly,2025-03-08/2025-03-14,-0.00944645247657294
10,weekly,2025-03-15/2025-03-21,-0.00390695890381154
10,weekly,2025-03-22/2025-03-28,0.0
10,weekly,2025-03-29/2025-04-04,-0.057476375008646996
10,weekly,2025-04-05/2025-04-11,0.2115611626600601
10,weekly,2025-04-12/2025-04-18,0.0
10,weekly,2025-04-19/2025-04-25,0.0029705535924615684
10,weekly,2025-04-26/2025-05-02,0.0
10,weekly,2025-05-03/2025-05-09,0.0
10,weekly,2025-05-10/2025-05-16,0.0
10,weekly,2025-05-17/2025-05-23,0.0
10,weekly,2025-05-24/2025-05-30,0.0
10,weekly,2025-05-31/2025-06-06,0.0
10,weekly,2025-06-07/2025-06-13,0.0
10,weekly,2025-06-14/2025-06-20,0.0
10,weekly,2025-06-21/2025-06-27,0.0
10,weekly,2025-06-28/2025-07-04,0.0
10,weekly,2025-07-05/2025-07-11,0.0
10,weekly,2025-07-12/2025-07-18,0.0
10,weekly,2025-07-19/2025-07-25,0.0
10,weekly,2025-07-26/2025-08-01,0.0
10,weekly,2025-08-02/2025-08-08,0.0
10,weekly,2025-08-09/2025-08-15,0.0
10,weekly,2025-08-16/2025-08-22,-0.024125416204217376
10,weekly,2025-08-23/2025-08-29,0.0
10,weekly,2025-08-30/2025-09-05,0.0
10,weekly,2025-09-06/2025-09-12,0.0
10,weekly,2025-09-13/2025-09-19,0.0
10,weekly,2025-09-20/2025-09-26,0.0
10,weekly,2025-09-27/2025-10-03,0.0
10,weekly,2025-10-04/2025-10-10,0.0
10,weekly,2025-10-11/2025-10-17,0.0
10,weekly,2025-10-18/2025-10-24,0.0
10,weekly,2025-10-25/2025-10-31,-0.0011323356314107951
10,weekly,2025-11-01/2025-11-07,0.0
10,weekly,2025-11-08/2025-11-14,0.0
10,weekly,2025-11-15/2025-11-21,-0.003421555957611731
10,weekly,2025-11-22/2025-11-28,0.0
10,weekly,2025-11-29/2025-12-05,0.0
10,weekly,2025-12-06/2025-12-12,0.0
10,weekly,2025-12-13/2025-12-19,0.0
10,weekly,2025-12-20/2025-12-26,0.0
10,weekly,2025-12-27/2026-01-02,0.0
10,weekly,2026-01-03/2026-01-09,0.0
10,weekly,2026-01-10/2026-01-16,0.0
10,weekly,2026-01-17/2026-01-23,-0.02536719883889693
10,weekly,2026-01-24/2026-01-30,0.0
10,weekly,2026-01-31/2026-02-06,0.0
10,weekly,2026-02-07/2026-02-13,0.0
10,weekly,2026-02-14/2026-02-20,0.02254597048808149
10,weekly,2026-02-21/2026-02-27,0.0
10,weekly,2026-02-28/2026-03-06,0.0
10,weekly,2026-03-07/2026-03-13,-0.026252055551716946
10,weekly,2026-03-14/2026-03-20,0.0
10,weekly,2026-03-21/2026-03-27,0.0
10,weekly,2026-03-28/2026-04-03,0.016172640340936132
10,weekly,2026-04-04/2026-04-10,0.0
10,weekly,2026-04-11/2026-04-17,0.0
10,weekly,2026-04-18/2026-04-24,0.0
10,weekly,2026-04-25/2026-05-01,0.0
10,monthly,2019-06,0.0
10,monthly,2019-07,-0.019963525835866247
10,monthly,2019-08,-0.05391299985055198
10,monthly,2019-09,-0.023031544595761726
10,monthly,2019-10,-0.00877628648841022
10,monthly,2019-11,0.0
10,monthly,2019-12,0.0
10,monthly,2020-01,0.006016657990629783
10,monthly,2020-02,-0.030230328229043917
10,monthly,2020-03,0.029657809209026113
10,monthly,2020-04,0.036565419754806094
10,monthly,2020-05,0.0
10,monthly,2020-06,-0.0030428745327834
10,monthly,2020-07,0.002858993902439046
10,monthly,2020-08,0.0
10,monthly,2020-09,0.01774036610831276
10,monthly,2020-10,-0.008569660120053552
10,monthly,2020-11,0.010846273913327266
10,monthly,2020-12,0.0
10,monthly,2021-01,0.0035248618784529135
10,monthly,2021-02,0.0012178216095893868
10,monthly,2021-03,-0.06114007282097865
10,monthly,2021-04,0.0
10,monthly,2021-05,0.0
10,monthly,2021-06,-0.010638305777447397
10,monthly,2021-07,0.0
10,monthly,2021-08,0.0
10,monthly,2021-09,0.0
10,monthly,2021-10,0.0
10,monthly,2021-11,0.0
10,monthly,2021-12,0.050988546560991166
10,monthly,2022-01,0.10498483927680691
10,monthly,2022-02,-0.0015336015266068492
10,monthly,2022-03,-0.03893216249047426
10,monthly,2022-04,-0.04843475560014831
10,monthly,2022-05,0.06519886476971382
10,monthly,2022-06,0.08439859596311738
10,monthly,2022-07,-0.04862695418152473
10,monthly,2022-08,0.013888545075850802
10,monthly,2022-09,-0.05293716719984243
10,monthly,2022-10,-0.00820473221920647
10,monthly,2022-11,0.0772214770301527
10,monthly,2022-12,-0.005772779892470046
10,monthly,2023-01,-0.01691485003237502
10,monthly,2023-02,-0.019835994742088303
10,monthly,2023-03,-0.020878956266732304
10,monthly,2023-04,0.0
10,monthly,2023-05,0.0
10,monthly,2023-06,0.0
10,monthly,2023-07,0.0
10,monthly,2023-08,0.0
10,monthly,2023-09,0.0
10,monthly,2023-10,0.0
10,monthly,2023-11,0.0
10,monthly,2023-12,0.0
10,monthly,2024-01,0.0
10,monthly,2024-02,0.0
10,monthly,2024-03,0.0
10,monthly,2024-04,0.0
10,monthly,2024-05,0.0
10,monthly,2024-06,0.0
10,monthly,2024-07,0.0
10,monthly,2024-08,-0.007835032328938446
10,monthly,2024-09,0.03974226789721703
10,monthly,2024-10,0.0
10,monthly,2024-11,0.0
10,monthly,2024-12,0.0
10,monthly,2025-01,0.0
10,monthly,2025-02,0.005183048006704107
10,monthly,2025-03,-0.008790165556995405
10,monthly,2025-04,0.15705534124387466
10,monthly,2025-05,0.0
10,monthly,2025-06,0.0
10,monthly,2025-07,0.0
10,monthly,2025-08,-0.024125416204217376
10,monthly,2025-09,0.0
10,monthly,2025-10,-0.0011323356314107951
10,monthly,2025-11,-0.003421555957611731
10,monthly,2025-12,0.0
10,monthly,2026-01,-0.02536719883889693
10,monthly,2026-02,0.02254597048808149
10,monthly,2026-03,-0.019416699415882643
10,monthly,2026-04,0.009337284205101827
10,yearly,2019,-0.10568435677059017
10,yearly,2020,0.06184265799666018
10,yearly,2021,-0.016047148549392584
10,yearly,2022,0.14125016900536852
10,yearly,2023,-0.057629801041195625
10,yearly,2024,0.03190723556827858
10,yearly,2025,0.12476891590034345
10,yearly,2026,-0.012900643561596255
