campaign_id,symbol,gross_pnl,execution_adjustment,net_pnl
CAM-0612,SNDK,0.6275301230056759,-0.006096589037873461,0.6336267120435494
CAM-0612,WDC,0.40037782013737105,-0.005588623660156474,0.40596644379752755
CAM-0612,STX,0.214132306670823,0.0029060726603077863,0.2112262340105152
CAM-0612,PLTR,0.19699719171103605,-0.0025202459929125473,0.19951743770394859
CAM-0612,MU,0.16610878813569083,-0.0034147050654653455,0.16952349320115617
CAM-0612,LITE,0.08130489264231065,0.009975381300674737,0.07132951134163591
CAM-0612,NFLX,0.03662270552909015,0.0032484594190242003,0.03337424611006595
CAM-0612,AVGO,0.016469371139840663,-0.0015391456340980566,0.01800851677393872
CAM-0612,TTWO,0.014523446312281493,-5.930025368526461e-05,0.014582746565966757
CAM-0612,MCK,0.006285650992207942,-0.0027430945463449373,0.009028745538552879
CAM-0612,GEV,0.006632528383319477,-0.0012045478560006448,0.007837076239320121
CAM-0612,EQT,0.0,-0.005616304715513176,0.005616304715513176
CAM-0612,WBD,0.006198556719540431,0.001834971685470954,0.004363585034069477
CAM-0612,ABC,0.0,0.0,0.0
CAM-0612,ABMD,0.0,0.0,0.0
CAM-0612,WST,0.0,0.0,0.0
CAM-0612,ADSK,0.0,0.0,0.0
CAM-0612,AEE,0.0,0.0,0.0
CAM-0612,AEP,0.0,0.0,0.0
CAM-0612,AES,0.0,0.0,0.0
CAM-0612,AFL,0.0,0.0,0.0
CAM-0612,AIG,0.0,0.0,0.0
CAM-0612,AIZ,0.0,0.0,0.0
CAM-0612,AJG,0.0,0.0,0.0
CAM-0612,AKAM,0.0,0.0,0.0
CAM-0612,ALB,0.0,0.0,0.0
CAM-0612,ALGN,0.0,0.0,0.0
CAM-0612,ALK,0.0,0.0,0.0
CAM-0612,ALL,0.0,0.0,0.0
CAM-0612,ALLE,0.0,0.0,0.0
CAM-0612,ADM,0.0,0.0,0.0
CAM-0612,AMP,0.0,0.0,0.0
CAM-0612,AMT,0.0,0.0,0.0
CAM-0612,AMTM,0.0,0.0,0.0
CAM-0612,AMZN,0.0,0.0,0.0
CAM-0612,ANET,0.0,0.0,0.0
CAM-0612,ANSS,0.0,0.0,0.0
CAM-0612,ANTM,0.0,0.0,0.0
CAM-0612,AON,0.0,0.0,0.0
CAM-0612,AOS,0.0,0.0,0.0
CAM-0612,APA,0.0,0.0,0.0
CAM-0612,APD,0.0,0.0,0.0
CAM-0612,WAT,0.0,0.0,0.0
CAM-0612,WBA,0.0,0.0,0.0
CAM-0612,WDAY,0.0,0.0,0.0
CAM-0612,ARES,0.0,0.0,0.0
CAM-0612,ATO,0.0,0.0,0.0
CAM-0612,ATVI,0.0,0.0,0.0
CAM-0612,AVB,0.0,0.0,0.0
CAM-0612,AVY,0.0,0.0,0.0
CAM-0612,AWK,0.0,0.0,0.0
CAM-0612,AXON,0.0,0.0,0.0
CAM-0612,AXP,0.0,0.0,0.0
CAM-0612,AZO,0.0,0.0,0.0
CAM-0612,BA,0.0,0.0,0.0
CAM-0612,AMAT,0.0,0.0,0.0
CAM-0612,AMCR,0.0,0.0,0.0
CAM-0612,AMD,0.0,0.0,0.0
CAM-0612,AME,0.0,0.0,0.0
CAM-0612,AMGN,0.0,0.0,0.0
CAM-0612,BBY,0.0,0.0,0.0
CAM-0612,BDX,0.0,0.0,0.0
CAM-0612,BEN,0.0,0.0,0.0
CAM-0612,BF.B,0.0,0.0,0.0
CAM-0612,BG,0.0,0.0,0.0
CAM-0612,BIIB,0.0,0.0,0.0
CAM-0612,BIO,0.0,0.0,0.0
CAM-0612,BK,0.0,0.0,0.0
CAM-0612,BKNG,0.0,0.0,0.0
CAM-0612,BKR,0.0,0.0,0.0
CAM-0612,BLDR,0.0,0.0,0.0
CAM-0612,BLK,0.0,0.0,0.0
CAM-0612,APH,0.0,0.0,0.0
CAM-0612,APO,0.0,0.0,0.0
CAM-0612,APTV,0.0,0.0,0.0
CAM-0612,ARE,0.0,0.0,0.0
CAM-0612,BRO,0.0,0.0,0.0
CAM-0612,BSX,0.0,0.0,0.0
CAM-0612,BWA,0.0,0.0,0.0
CAM-0612,BX,0.0,0.0,0.0
CAM-0612,BXP,0.0,0.0,0.0
CAM-0612,C,0.0,0.0,0.0
CAM-0612,CAG,0.0,0.0,0.0
CAM-0612,CAH,0.0,0.0,0.0
CAM-0612,CARR,0.0,0.0,0.0
CAM-0612,CASY,0.0,0.0,0.0
CAM-0612,CAT,0.0,0.0,0.0
CAM-0612,CB,0.0,0.0,0.0
CAM-0612,BAC,0.0,0.0,0.0
CAM-0612,BALL,0.0,0.0,0.0
CAM-0612,BAX,0.0,0.0,0.0
CAM-0612,BBWI,0.0,0.0,0.0
CAM-0612,CDAY,0.0,0.0,0.0
CAM-0612,CDNS,0.0,0.0,0.0
CAM-0612,CDW,0.0,0.0,0.0
CAM-0612,CE,0.0,0.0,0.0
CAM-0612,CEG,0.0,0.0,0.0
CAM-0612,CERN,0.0,0.0,0.0
CAM-0612,CF,0.0,0.0,0.0
CAM-0612,CFG,0.0,0.0,0.0
CAM-0612,CHD,0.0,0.0,0.0
CAM-0612,CHRW,0.0,0.0,0.0
CAM-0612,CHTR,0.0,0.0,0.0
CAM-0612,CI,0.0,0.0,0.0
CAM-0612,BLL,0.0,0.0,0.0
CAM-0612,BMY,0.0,0.0,0.0
CAM-0612,BR,0.0,0.0,0.0
CAM-0612,BRK.B,0.0,0.0,0.0
CAM-0612,CMA,0.0,0.0,0.0
CAM-0612,CMCSA,0.0,0.0,0.0
CAM-0612,CME,0.0,0.0,0.0
CAM-0612,CMG,0.0,0.0,0.0
CAM-0612,CMI,0.0,0.0,0.0
CAM-0612,CMS,0.0,0.0,0.0
CAM-0612,CNC,0.0,0.0,0.0
CAM-0612,CNP,0.0,0.0,0.0
CAM-0612,COF,0.0,0.0,0.0
CAM-0612,COG,0.0,0.0,0.0
CAM-0612,COHR,0.0,0.0,0.0
CAM-0612,COIN,0.0,0.0,0.0
CAM-0612,CBOE,0.0,0.0,0.0
CAM-0612,CBRE,0.0,0.0,0.0
CAM-0612,CCI,0.0,0.0,0.0
CAM-0612,CCL,0.0,0.0,0.0
CAM-0612,CPAY,0.0,0.0,0.0
CAM-0612,CPB,0.0,0.0,0.0
CAM-0612,CPRT,0.0,0.0,0.0
CAM-0612,CPT,0.0,0.0,0.0
CAM-0612,CRH,0.0,0.0,0.0
CAM-0612,CRL,0.0,0.0,0.0
CAM-0612,CRM,0.0,0.0,0.0
CAM-0612,CRWD,0.0,0.0,0.0
CAM-0612,CSCO,0.0,0.0,0.0
CAM-0612,CSGP,0.0,0.0,0.0
CAM-0612,CSX,0.0,0.0,0.0
CAM-0612,CTAS,0.0,0.0,0.0
CAM-0612,CIEN,0.0,0.0,0.0
CAM-0612,CINF,0.0,0.0,0.0
CAM-0612,CL,0.0,0.0,0.0
CAM-0612,CLX,0.0,0.0,0.0
CAM-0612,CTXS,0.0,0.0,0.0
CAM-0612,CVNA,0.0,0.0,0.0
CAM-0612,CVS,0.0,0.0,0.0
CAM-0612,CVX,0.0,0.0,0.0
CAM-0612,CZR,0.0,0.0,0.0
CAM-0612,D,0.0,0.0,0.0
CAM-0612,DAL,0.0,0.0,0.0
CAM-0612,DASH,0.0,0.0,0.0
CAM-0612,DAY,0.0,0.0,0.0
CAM-0612,DD,0.0,0.0,0.0
CAM-0612,DDOG,0.0,0.0,0.0
CAM-0612,DE,0.0,0.0,0.0
CAM-0612,COO,0.0,0.0,0.0
CAM-0612,COP,0.0,0.0,0.0
CAM-0612,COR,0.0,0.0,0.0
CAM-0612,COST,0.0,0.0,0.0
CAM-0612,DGX,0.0,0.0,0.0
CAM-0612,DHI,0.0,0.0,0.0
CAM-0612,DHR,0.0,0.0,0.0
CAM-0612,DIS,0.0,0.0,0.0
CAM-0612,DISCA,0.0,0.0,0.0
CAM-0612,DISCK,0.0,0.0,0.0
CAM-0612,DISH,0.0,0.0,0.0
CAM-0612,DLR,0.0,0.0,0.0
CAM-0612,DLTR,0.0,0.0,0.0
CAM-0612,DOC,0.0,0.0,0.0
CAM-0612,DOV,0.0,0.0,0.0
CAM-0612,DOW,0.0,0.0,0.0
CAM-0612,CTLT,0.0,0.0,0.0
CAM-0612,CTRA,0.0,0.0,0.0
CAM-0612,CTSH,0.0,0.0,0.0
CAM-0612,CTVA,0.0,0.0,0.0
CAM-0612,DUK,0.0,0.0,0.0
CAM-0612,DVA,0.0,0.0,0.0
CAM-0612,DVN,0.0,0.0,0.0
CAM-0612,DXC,0.0,0.0,0.0
CAM-0612,DXCM,0.0,0.0,0.0
CAM-0612,EA,0.0,0.0,0.0
CAM-0612,EBAY,0.0,0.0,0.0
CAM-0612,ECL,0.0,0.0,0.0
CAM-0612,ED,0.0,0.0,0.0
CAM-0612,EFX,0.0,0.0,0.0
CAM-0612,EG,0.0,0.0,0.0
CAM-0612,EIX,0.0,0.0,0.0
CAM-0612,DECK,0.0,0.0,0.0
CAM-0612,DELL,0.0,0.0,0.0
CAM-0612,DFS,0.0,0.0,0.0
CAM-0612,DG,0.0,0.0,0.0
CAM-0612,EMN,0.0,0.0,0.0
CAM-0612,EMR,0.0,0.0,0.0
CAM-0612,ENPH,0.0,0.0,0.0
CAM-0612,EOG,0.0,0.0,0.0
CAM-0612,EPAM,0.0,0.0,0.0
CAM-0612,EQIX,0.0,0.0,0.0
CAM-0612,EQR,0.0,0.0,0.0
CAM-0612,ERIE,0.0,0.0,0.0
CAM-0612,ES,0.0,0.0,0.0
CAM-0612,ESS,0.0,0.0,0.0
CAM-0612,ETN,0.0,0.0,0.0
CAM-0612,DPZ,0.0,0.0,0.0
CAM-0612,DRE,0.0,0.0,0.0
CAM-0612,DRI,0.0,0.0,0.0
CAM-0612,DTE,0.0,0.0,0.0
CAM-0612,EXC,0.0,0.0,0.0
CAM-0612,EXE,0.0,0.0,0.0
CAM-0612,EXPD,0.0,0.0,0.0
CAM-0612,EXPE,0.0,0.0,0.0
CAM-0612,EXR,0.0,0.0,0.0
CAM-0612,F,0.0,0.0,0.0
CAM-0612,FANG,0.0,0.0,0.0
CAM-0612,FAST,0.0,0.0,0.0
CAM-0612,FB,0.0,0.0,0.0
CAM-0612,FBHS,0.0,0.0,0.0
CAM-0612,FCX,0.0,0.0,0.0
CAM-0612,FDS,0.0,0.0,0.0
CAM-0612,FDX,0.0,0.0,0.0
CAM-0612,EL,0.0,0.0,0.0
CAM-0612,ELV,0.0,0.0,0.0
CAM-0612,EME,0.0,0.0,0.0
CAM-0612,FICO,0.0,0.0,0.0
CAM-0612,FIS,0.0,0.0,0.0
CAM-0612,FISV,0.0,0.0,0.0
CAM-0612,FITB,0.0,0.0,0.0
CAM-0612,FIX,0.0,0.0,0.0
CAM-0612,FLIR,0.0,0.0,0.0
CAM-0612,FLT,0.0,0.0,0.0
CAM-0612,FMC,0.0,0.0,0.0
CAM-0612,FOX,0.0,0.0,0.0
CAM-0612,FOXA,0.0,0.0,0.0
CAM-0612,FRC,0.0,0.0,0.0
CAM-0612,FRT,0.0,0.0,0.0
CAM-0612,FSLR,0.0,0.0,0.0
CAM-0612,ETSY,0.0,0.0,0.0
CAM-0612,EVRG,0.0,0.0,0.0
CAM-0612,EW,0.0,0.0,0.0
CAM-0612,GD,0.0,0.0,0.0
CAM-0612,GDDY,0.0,0.0,0.0
CAM-0612,GE,0.0,0.0,0.0
CAM-0612,GEHC,0.0,0.0,0.0
CAM-0612,GEN,0.0,0.0,0.0
CAM-0612,GIS,0.0,0.0,0.0
CAM-0612,GL,0.0,0.0,0.0
CAM-0612,GLW,0.0,0.0,0.0
CAM-0612,GM,0.0,0.0,0.0
CAM-0612,GNRC,0.0,0.0,0.0
CAM-0612,GOOG,0.0,0.0,0.0
CAM-0612,GOOGL,0.0,0.0,0.0
CAM-0612,FE,0.0,0.0,0.0
CAM-0612,FFIV,0.0,0.0,0.0
CAM-0612,FI,0.0,0.0,0.0
CAM-0612,GPS,0.0,0.0,0.0
CAM-0612,GRMN,0.0,0.0,0.0
CAM-0612,GS,0.0,0.0,0.0
CAM-0612,GWW,0.0,0.0,0.0
CAM-0612,HAL,0.0,0.0,0.0
CAM-0612,HAS,0.0,0.0,0.0
CAM-0612,HBAN,0.0,0.0,0.0
CAM-0612,HBI,0.0,0.0,0.0
CAM-0612,HCA,0.0,0.0,0.0
CAM-0612,HD,0.0,0.0,0.0
CAM-0612,HES,0.0,0.0,0.0
CAM-0612,HFC,0.0,0.0,0.0
CAM-0612,HIG,0.0,0.0,0.0
CAM-0612,HII,0.0,0.0,0.0
CAM-0612,FTNT,0.0,0.0,0.0
CAM-0612,FTV,0.0,0.0,0.0
CAM-0612,HON,0.0,0.0,0.0
CAM-0612,HOOD,0.0,0.0,0.0
CAM-0612,HPE,0.0,0.0,0.0
CAM-0612,HPQ,0.0,0.0,0.0
CAM-0612,HRL,0.0,0.0,0.0
CAM-0612,HSIC,0.0,0.0,0.0
CAM-0612,HST,0.0,0.0,0.0
CAM-0612,HSY,0.0,0.0,0.0
CAM-0612,HUBB,0.0,0.0,0.0
CAM-0612,HUM,0.0,0.0,0.0
CAM-0612,HWM,0.0,0.0,0.0
CAM-0612,IBKR,0.0,0.0,0.0
CAM-0612,IBM,0.0,0.0,0.0
CAM-0612,ICE,0.0,0.0,0.0
CAM-0612,GPC,0.0,0.0,0.0
CAM-0612,GPN,0.0,0.0,0.0
CAM-0612,IFF,0.0,0.0,0.0
CAM-0612,ILMN,0.0,0.0,0.0
CAM-0612,INCY,0.0,0.0,0.0
CAM-0612,INFO,0.0,0.0,0.0
CAM-0612,INTC,0.0,0.0,0.0
CAM-0612,INTU,0.0,0.0,0.0
CAM-0612,INVH,0.0,0.0,0.0
CAM-0612,IP,0.0,0.0,0.0
CAM-0612,IPG,0.0,0.0,0.0
CAM-0612,IPGP,0.0,0.0,0.0
CAM-0612,IQV,0.0,0.0,0.0
CAM-0612,IR,0.0,0.0,0.0
CAM-0612,IRM,0.0,0.0,0.0
CAM-0612,ISRG,0.0,0.0,0.0
CAM-0612,HLT,0.0,0.0,0.0
CAM-0612,HOLX,0.0,0.0,0.0
CAM-0612,IVZ,0.0,0.0,0.0
CAM-0612,J,0.0,0.0,0.0
CAM-0612,JBHT,0.0,0.0,0.0
CAM-0612,JBL,0.0,0.0,0.0
CAM-0612,JCI,0.0,0.0,0.0
CAM-0612,JKHY,0.0,0.0,0.0
CAM-0612,JNJ,0.0,0.0,0.0
CAM-0612,JNPR,0.0,0.0,0.0
CAM-0612,JPM,0.0,0.0,0.0
CAM-0612,K,0.0,0.0,0.0
CAM-0612,KDP,0.0,0.0,0.0
CAM-0612,KEY,0.0,0.0,0.0
CAM-0612,KEYS,0.0,0.0,0.0
CAM-0612,KHC,0.0,0.0,0.0
CAM-0612,IDXX,0.0,0.0,0.0
CAM-0612,IEX,0.0,0.0,0.0
CAM-0612,KLAC,0.0,0.0,0.0
CAM-0612,KMB,0.0,0.0,0.0
CAM-0612,KMI,0.0,0.0,0.0
CAM-0612,KMX,0.0,0.0,0.0
CAM-0612,KO,0.0,0.0,0.0
CAM-0612,KR,0.0,0.0,0.0
CAM-0612,KSU,0.0,0.0,0.0
CAM-0612,KVUE,0.0,0.0,0.0
CAM-0612,L,0.0,0.0,0.0
CAM-0612,LB,0.0,0.0,0.0
CAM-0612,LDOS,0.0,0.0,0.0
CAM-0612,LEG,0.0,0.0,0.0
CAM-0612,LEN,0.0,0.0,0.0
CAM-0612,LH,0.0,0.0,0.0
CAM-0612,IT,0.0,0.0,0.0
CAM-0612,ITW,0.0,0.0,0.0
CAM-0612,LIN,0.0,0.0,0.0
CAM-0612,ADP,0.0,0.0,0.0
CAM-0612,LKQ,0.0,0.0,0.0
CAM-0612,LLY,0.0,0.0,0.0
CAM-0612,LMT,0.0,0.0,0.0
CAM-0612,LNC,0.0,0.0,0.0
CAM-0612,LNT,0.0,0.0,0.0
CAM-0612,LOW,0.0,0.0,0.0
CAM-0612,LRCX,0.0,0.0,0.0
CAM-0612,LULU,0.0,0.0,0.0
CAM-0612,LUMN,0.0,0.0,0.0
CAM-0612,LUV,0.0,0.0,0.0
CAM-0612,LVS,0.0,0.0,0.0
CAM-0612,LW,0.0,0.0,0.0
CAM-0612,KIM,0.0,0.0,0.0
CAM-0612,KKR,0.0,0.0,0.0
CAM-0612,MA,0.0,0.0,0.0
CAM-0612,MAA,0.0,0.0,0.0
CAM-0612,MAR,0.0,0.0,0.0
CAM-0612,MAS,0.0,0.0,0.0
CAM-0612,MCD,0.0,0.0,0.0
CAM-0612,MCHP,0.0,0.0,0.0
CAM-0612,ZTS,0.0,0.0,0.0
CAM-0612,MCO,0.0,0.0,0.0
CAM-0612,MDLZ,0.0,0.0,0.0
CAM-0612,MDT,0.0,0.0,0.0
CAM-0612,MET,0.0,0.0,0.0
CAM-0612,META,0.0,0.0,0.0
CAM-0612,MGM,0.0,0.0,0.0
CAM-0612,MHK,0.0,0.0,0.0
CAM-0612,LHX,0.0,0.0,0.0
CAM-0612,LII,0.0,0.0,0.0
CAM-0612,MLM,0.0,0.0,0.0
CAM-0612,MMC,0.0,0.0,0.0
CAM-0612,MMM,0.0,0.0,0.0
CAM-0612,MNST,0.0,0.0,0.0
CAM-0612,MO,0.0,0.0,0.0
CAM-0612,MOH,0.0,0.0,0.0
CAM-0612,MOS,0.0,0.0,0.0
CAM-0612,MPC,0.0,0.0,0.0
CAM-0612,MPWR,0.0,0.0,0.0
CAM-0612,MRK,0.0,0.0,0.0
CAM-0612,MRNA,0.0,0.0,0.0
CAM-0612,MRO,0.0,0.0,0.0
CAM-0612,MRSH,0.0,0.0,0.0
CAM-0612,MS,0.0,0.0,0.0
CAM-0612,LYB,0.0,0.0,0.0
CAM-0612,LYV,0.0,0.0,0.0
CAM-0612,MSFT,0.0,0.0,0.0
CAM-0612,MSI,0.0,0.0,0.0
CAM-0612,MTB,0.0,0.0,0.0
CAM-0612,MTCH,0.0,0.0,0.0
CAM-0612,MTD,0.0,0.0,0.0
CAM-0612,SPY,0.0,0.0,0.0
CAM-0612,MXIM,0.0,0.0,0.0
CAM-0612,NCLH,0.0,0.0,0.0
CAM-0612,NDAQ,0.0,0.0,0.0
CAM-0612,NDSN,0.0,0.0,0.0
CAM-0612,NEE,0.0,0.0,0.0
CAM-0612,A,0.0,0.0,0.0
CAM-0612,NI,0.0,0.0,0.0
CAM-0612,NKE,0.0,0.0,0.0
CAM-0612,MKC,0.0,0.0,0.0
CAM-0612,MKTX,0.0,0.0,0.0
CAM-0612,NLOK,0.0,0.0,0.0
CAM-0612,NLSN,0.0,0.0,0.0
CAM-0612,NOC,0.0,0.0,0.0
CAM-0612,NOV,0.0,0.0,0.0
CAM-0612,NOW,0.0,0.0,0.0
CAM-0612,NSC,0.0,0.0,0.0
CAM-0612,NTAP,0.0,0.0,0.0
CAM-0612,NTRS,0.0,0.0,0.0
CAM-0612,NUE,0.0,0.0,0.0
CAM-0612,NVDA,0.0,0.0,0.0
CAM-0612,NVR,0.0,0.0,0.0
CAM-0612,NWL,0.0,0.0,0.0
CAM-0612,NWS,0.0,0.0,0.0
CAM-0612,NWSA,0.0,0.0,0.0
CAM-0612,NXPI,0.0,0.0,0.0
CAM-0612,MSCI,0.0,0.0,0.0
CAM-0612,O,0.0,0.0,0.0
CAM-0612,ODFL,0.0,0.0,0.0
CAM-0612,OGN,0.0,0.0,0.0
CAM-0612,OKE,0.0,0.0,0.0
CAM-0612,OMC,0.0,0.0,0.0
CAM-0612,ON,0.0,0.0,0.0
CAM-0612,ORCL,0.0,0.0,0.0
CAM-0612,ORLY,0.0,0.0,0.0
CAM-0612,OTIS,0.0,0.0,0.0
CAM-0612,OXY,0.0,0.0,0.0
CAM-0612,PANW,0.0,0.0,0.0
CAM-0612,PARA,0.0,0.0,0.0
CAM-0612,PAYC,0.0,0.0,0.0
CAM-0612,PAYX,0.0,0.0,0.0
CAM-0612,PBCT,0.0,0.0,0.0
CAM-0612,PCAR,0.0,0.0,0.0
CAM-0612,PCG,0.0,0.0,0.0
CAM-0612,PEAK,0.0,0.0,0.0
CAM-0612,PEG,0.0,0.0,0.0
CAM-0612,PENN,0.0,0.0,0.0
CAM-0612,PEP,0.0,0.0,0.0
CAM-0612,PFE,0.0,0.0,0.0
CAM-0612,PFG,0.0,0.0,0.0
CAM-0612,PG,0.0,0.0,0.0
CAM-0612,PGR,0.0,0.0,0.0
CAM-0612,PH,0.0,0.0,0.0
CAM-0612,PHM,0.0,0.0,0.0
CAM-0612,PKG,0.0,0.0,0.0
CAM-0612,PKI,0.0,0.0,0.0
CAM-0612,PLD,0.0,0.0,0.0
CAM-0612,AAL,0.0,0.0,0.0
CAM-0612,PM,0.0,0.0,0.0
CAM-0612,PNC,0.0,0.0,0.0
CAM-0612,PNR,0.0,0.0,0.0
CAM-0612,PNW,0.0,0.0,0.0
CAM-0612,PODD,0.0,0.0,0.0
CAM-0612,POOL,0.0,0.0,0.0
CAM-0612,PPG,0.0,0.0,0.0
CAM-0612,PPL,0.0,0.0,0.0
CAM-0612,PRGO,0.0,0.0,0.0
CAM-0612,PRU,0.0,0.0,0.0
CAM-0612,PSA,0.0,0.0,0.0
CAM-0612,PSKY,0.0,0.0,0.0
CAM-0612,PSX,0.0,0.0,0.0
CAM-0612,PTC,0.0,0.0,0.0
CAM-0612,PVH,0.0,0.0,0.0
CAM-0612,PWR,0.0,0.0,0.0
CAM-0612,PXD,0.0,0.0,0.0
CAM-0612,PYPL,0.0,0.0,0.0
CAM-0612,Q,0.0,0.0,0.0
CAM-0612,QCOM,0.0,0.0,0.0
CAM-0612,QRVO,0.0,0.0,0.0
CAM-0612,RCL,0.0,0.0,0.0
CAM-0612,RE,0.0,0.0,0.0
CAM-0612,REG,0.0,0.0,0.0
CAM-0612,REGN,0.0,0.0,0.0
CAM-0612,RF,0.0,0.0,0.0
CAM-0612,RHI,0.0,0.0,0.0
CAM-0612,RJF,0.0,0.0,0.0
CAM-0612,RL,0.0,0.0,0.0
CAM-0612,RMD,0.0,0.0,0.0
CAM-0612,ROK,0.0,0.0,0.0
CAM-0612,ROL,0.0,0.0,0.0
CAM-0612,ROP,0.0,0.0,0.0
CAM-0612,ROST,0.0,0.0,0.0
CAM-0612,RSG,0.0,0.0,0.0
CAM-0612,RTX,0.0,0.0,0.0
CAM-0612,RVTY,0.0,0.0,0.0
CAM-0612,SATS,0.0,0.0,0.0
CAM-0612,SBAC,0.0,0.0,0.0
CAM-0612,SBNY,0.0,0.0,0.0
CAM-0612,SBUX,0.0,0.0,0.0
CAM-0612,SCHW,0.0,0.0,0.0
CAM-0612,SEDG,0.0,0.0,0.0
CAM-0612,SEE,0.0,0.0,0.0
CAM-0612,SHW,0.0,0.0,0.0
CAM-0612,SIVB,0.0,0.0,0.0
CAM-0612,SJM,0.0,0.0,0.0
CAM-0612,SLB,0.0,0.0,0.0
CAM-0612,SMCI,0.0,0.0,0.0
CAM-0612,SNA,0.0,0.0,0.0
CAM-0612,AAP,0.0,0.0,0.0
CAM-0612,SNPS,0.0,0.0,0.0
CAM-0612,SO,0.0,0.0,0.0
CAM-0612,SOLS,0.0,0.0,0.0
CAM-0612,SOLV,0.0,0.0,0.0
CAM-0612,SPG,0.0,0.0,0.0
CAM-0612,SPGI,0.0,0.0,0.0
CAM-0612,SRE,0.0,0.0,0.0
CAM-0612,STE,0.0,0.0,0.0
CAM-0612,STLD,0.0,0.0,0.0
CAM-0612,STT,0.0,0.0,0.0
CAM-0612,AAPL,0.0,0.0,0.0
CAM-0612,STZ,0.0,0.0,0.0
CAM-0612,SW,0.0,0.0,0.0
CAM-0612,SWK,0.0,0.0,0.0
CAM-0612,SWKS,0.0,0.0,0.0
CAM-0612,SYF,0.0,0.0,0.0
CAM-0612,SYK,0.0,0.0,0.0
CAM-0612,SYY,0.0,0.0,0.0
CAM-0612,T,0.0,0.0,0.0
CAM-0612,TAP,0.0,0.0,0.0
CAM-0612,TDG,0.0,0.0,0.0
CAM-0612,TDY,0.0,0.0,0.0
CAM-0612,TECH,0.0,0.0,0.0
CAM-0612,TEL,0.0,0.0,0.0
CAM-0612,TER,0.0,0.0,0.0
CAM-0612,TFC,0.0,0.0,0.0
CAM-0612,TFX,0.0,0.0,0.0
CAM-0612,TGT,0.0,0.0,0.0
CAM-0612,TJX,0.0,0.0,0.0
CAM-0612,TKO,0.0,0.0,0.0
CAM-0612,TMO,0.0,0.0,0.0
CAM-0612,TMUS,0.0,0.0,0.0
CAM-0612,TPL,0.0,0.0,0.0
CAM-0612,TPR,0.0,0.0,0.0
CAM-0612,TRGP,0.0,0.0,0.0
CAM-0612,TRMB,0.0,0.0,0.0
CAM-0612,TROW,0.0,0.0,0.0
CAM-0612,TRV,0.0,0.0,0.0
CAM-0612,TSCO,0.0,0.0,0.0
CAM-0612,TSLA,0.0,0.0,0.0
CAM-0612,TSN,0.0,0.0,0.0
CAM-0612,TT,0.0,0.0,0.0
CAM-0612,TTD,0.0,0.0,0.0
CAM-0612,ABBV,0.0,0.0,0.0
CAM-0612,TWTR,0.0,0.0,0.0
CAM-0612,TXN,0.0,0.0,0.0
CAM-0612,TXT,0.0,0.0,0.0
CAM-0612,TYL,0.0,0.0,0.0
CAM-0612,UA,0.0,0.0,0.0
CAM-0612,UAA,0.0,0.0,0.0
CAM-0612,UAL,0.0,0.0,0.0
CAM-0612,UBER,0.0,0.0,0.0
CAM-0612,UDR,0.0,0.0,0.0
CAM-0612,UHS,0.0,0.0,0.0
CAM-0612,ULTA,0.0,0.0,0.0
CAM-0612,UNH,0.0,0.0,0.0
CAM-0612,UNM,0.0,0.0,0.0
CAM-0612,UNP,0.0,0.0,0.0
CAM-0612,UPS,0.0,0.0,0.0
CAM-0612,URI,0.0,0.0,0.0
CAM-0612,USB,0.0,0.0,0.0
CAM-0612,V,0.0,0.0,0.0
CAM-0612,VFC,0.0,0.0,0.0
CAM-0612,VIAC,0.0,0.0,0.0
CAM-0612,VICI,0.0,0.0,0.0
CAM-0612,VLO,0.0,0.0,0.0
CAM-0612,VLTO,0.0,0.0,0.0
CAM-0612,VMC,0.0,0.0,0.0
CAM-0612,VNO,0.0,0.0,0.0
CAM-0612,VRSK,0.0,0.0,0.0
CAM-0612,VRSN,0.0,0.0,0.0
CAM-0612,VRT,0.0,0.0,0.0
CAM-0612,VRTX,0.0,0.0,0.0
CAM-0612,VST,0.0,0.0,0.0
CAM-0612,VTR,0.0,0.0,0.0
CAM-0612,VTRS,0.0,0.0,0.0
CAM-0612,VZ,0.0,0.0,0.0
CAM-0612,WAB,0.0,0.0,0.0
CAM-0612,ABNB,0.0,0.0,0.0
CAM-0612,WELL,0.0,0.0,0.0
CAM-0612,WFC,0.0,0.0,0.0
CAM-0612,WHR,0.0,0.0,0.0
CAM-0612,WLTW,0.0,0.0,0.0
CAM-0612,WM,0.0,0.0,0.0
CAM-0612,WMB,0.0,0.0,0.0
CAM-0612,WMT,0.0,0.0,0.0
CAM-0612,WRB,0.0,0.0,0.0
CAM-0612,WRK,0.0,0.0,0.0
CAM-0612,WSM,0.0,0.0,0.0
CAM-0612,ADI,0.0,0.0,0.0
CAM-0612,ADBE,0.0,0.0,0.0
CAM-0612,ACN,0.0,0.0,0.0
CAM-0612,ACGL,0.0,0.0,0.0
CAM-0612,ALXN,0.0,0.0,0.0
CAM-0612,WEC,0.0,0.0,0.0
CAM-0612,WTW,0.0,0.0,0.0
CAM-0612,WU,0.0,0.0,0.0
CAM-0612,WY,0.0,0.0,0.0
CAM-0612,WYNN,0.0,0.0,0.0
CAM-0612,XEL,0.0,0.0,0.0
CAM-0612,XLNX,0.0,0.0,0.0
CAM-0612,XOM,0.0,0.0,0.0
CAM-0612,XRAY,0.0,0.0,0.0
CAM-0612,XYL,0.0,0.0,0.0
CAM-0612,XYZ,0.0,0.0,0.0
CAM-0612,YUM,0.0,0.0,0.0
CAM-0612,ZBH,0.0,0.0,0.0
CAM-0612,ZBRA,0.0,0.0,0.0
CAM-0612,ZION,0.0,0.0,0.0
CAM-0612,ABT,0.0,0.0,0.0
CAM-0612,ETR,0.0,0.0017171270059058422,-0.0017171270059058422
CAM-0612,GILD,0.0,0.005169110468698138,-0.005169110468698138
CAM-0612,NEM,-0.011810084087407871,0.00510809872564227,-0.01691818281305014
CAM-0612,APP,-0.025471042113383188,0.005079628573147565,-0.03055067068653075
CAM-0612,NRG,-0.03457657729451151,-0.0008656306167744562,-0.03371094667773705
CAM-0611,SNDK,0.6275301230056759,-0.006096589037873461,0.6336267120435494
CAM-0611,WDC,0.3451630897327536,0.015128628607906074,0.3300344611248475
CAM-0611,PLTR,0.15224086671620168,-0.0022869801955217373,0.15452784691172342
CAM-0611,MU,0.130197187621531,0.019261552807343103,0.11093563481418792
CAM-0611,LITE,0.08724141243804871,-0.02062298850574713,0.10786440094379585
CAM-0611,STX,0.11565883487982001,0.017861579347182285,0.09779725553263773
CAM-0611,TPR,0.055943069506202835,0.00485823669060524,0.05108483281559759
CAM-0611,APP,0.020076998749649973,-0.030477439543249635,0.05055443829289961
CAM-0611,SMCI,0.044206962664385924,-0.0002991527413350819,0.044506115405721004
CAM-0611,MCK,0.025651117670084357,0.0010434567544601737,0.024607660915624184
CAM-0611,UAL,0.017114264933105156,-0.005550801848328265,0.022665066781433423
CAM-0611,AVGO,0.011772749012696204,-0.0023180357565012687,0.014090784769197473
CAM-0611,GEV,0.012678629411866187,4.7607254113176106e-05,0.01263102215775301
CAM-0611,EQT,0.029015513554114764,0.017889426731345998,0.011126086822768767
CAM-0611,TTWO,0.009035791739498384,0.0030049342396723114,0.006030857499826073
CAM-0611,APH,0.002529631274867642,-0.002563799415700122,0.005093430690567764
CAM-0611,NFLX,0.0104618666729136,0.006087418190258095,0.004374448482655505
CAM-0611,PM,0.003183932599492382,-0.00018017925880888812,0.0033641118583012703
CAM-0611,AEP,0.0,0.0,0.0
CAM-0611,AES,0.0,0.0,0.0
CAM-0611,AFL,0.0,0.0,0.0
CAM-0611,AIG,0.0,0.0,0.0
CAM-0611,AIZ,0.0,0.0,0.0
CAM-0611,AJG,0.0,0.0,0.0
CAM-0611,AKAM,0.0,0.0,0.0
CAM-0611,ALB,0.0,0.0,0.0
CAM-0611,ALGN,0.0,0.0,0.0
CAM-0611,ALK,0.0,0.0,0.0
CAM-0611,ALL,0.0,0.0,0.0
CAM-0611,ALLE,0.0,0.0,0.0
CAM-0611,ABMD,0.0,0.0,0.0
CAM-0611,AMP,0.0,0.0,0.0
CAM-0611,AMT,0.0,0.0,0.0
CAM-0611,AMTM,0.0,0.0,0.0
CAM-0611,AMZN,0.0,0.0,0.0
CAM-0611,ANET,0.0,0.0,0.0
CAM-0611,ANSS,0.0,0.0,0.0
CAM-0611,ANTM,0.0,0.0,0.0
CAM-0611,AON,0.0,0.0,0.0
CAM-0611,AOS,0.0,0.0,0.0
CAM-0611,APA,0.0,0.0,0.0
CAM-0611,APD,0.0,0.0,0.0
CAM-0611,WAT,0.0,0.0,0.0
CAM-0611,WBA,0.0,0.0,0.0
CAM-0611,WDAY,0.0,0.0,0.0
CAM-0611,WEC,0.0,0.0,0.0
CAM-0611,ARE,0.0,0.0,0.0
CAM-0611,ARES,0.0,0.0,0.0
CAM-0611,ATO,0.0,0.0,0.0
CAM-0611,ATVI,0.0,0.0,0.0
CAM-0611,AVB,0.0,0.0,0.0
CAM-0611,AVY,0.0,0.0,0.0
CAM-0611,AWK,0.0,0.0,0.0
CAM-0611,AXON,0.0,0.0,0.0
CAM-0611,AXP,0.0,0.0,0.0
CAM-0611,AZO,0.0,0.0,0.0
CAM-0611,BA,0.0,0.0,0.0
CAM-0611,AMAT,0.0,0.0,0.0
CAM-0611,AMCR,0.0,0.0,0.0
CAM-0611,AME,0.0,0.0,0.0
CAM-0611,AMGN,0.0,0.0,0.0
CAM-0611,BBY,0.0,0.0,0.0
CAM-0611,BDX,0.0,0.0,0.0
CAM-0611,BEN,0.0,0.0,0.0
CAM-0611,BF.B,0.0,0.0,0.0
CAM-0611,BG,0.0,0.0,0.0
CAM-0611,BIIB,0.0,0.0,0.0
CAM-0611,BIO,0.0,0.0,0.0
CAM-0611,BK,0.0,0.0,0.0
CAM-0611,BKNG,0.0,0.0,0.0
CAM-0611,BKR,0.0,0.0,0.0
CAM-0611,BLDR,0.0,0.0,0.0
CAM-0611,BLK,0.0,0.0,0.0
CAM-0611,APO,0.0,0.0,0.0
CAM-0611,APTV,0.0,0.0,0.0
CAM-0611,BRO,0.0,0.0,0.0
CAM-0611,BSX,0.0,0.0,0.0
CAM-0611,BWA,0.0,0.0,0.0
CAM-0611,BX,0.0,0.0,0.0
CAM-0611,BXP,0.0,0.0,0.0
CAM-0611,C,0.0,0.0,0.0
CAM-0611,CAG,0.0,0.0,0.0
CAM-0611,CAH,0.0,0.0,0.0
CAM-0611,CARR,0.0,0.0,0.0
CAM-0611,CASY,0.0,0.0,0.0
CAM-0611,CAT,0.0,0.0,0.0
CAM-0611,CB,0.0,0.0,0.0
CAM-0611,BAC,0.0,0.0,0.0
CAM-0611,BALL,0.0,0.0,0.0
CAM-0611,BAX,0.0,0.0,0.0
CAM-0611,BBWI,0.0,0.0,0.0
CAM-0611,CDAY,0.0,0.0,0.0
CAM-0611,CDNS,0.0,0.0,0.0
CAM-0611,CDW,0.0,0.0,0.0
CAM-0611,CE,0.0,0.0,0.0
CAM-0611,CEG,0.0,0.0,0.0
CAM-0611,CERN,0.0,0.0,0.0
CAM-0611,CF,0.0,0.0,0.0
CAM-0611,CFG,0.0,0.0,0.0
CAM-0611,CHD,0.0,0.0,0.0
CAM-0611,CHRW,0.0,0.0,0.0
CAM-0611,CHTR,0.0,0.0,0.0
CAM-0611,CI,0.0,0.0,0.0
CAM-0611,BLL,0.0,0.0,0.0
CAM-0611,BMY,0.0,0.0,0.0
CAM-0611,BR,0.0,0.0,0.0
CAM-0611,BRK.B,0.0,0.0,0.0
CAM-0611,CMA,0.0,0.0,0.0
CAM-0611,CMCSA,0.0,0.0,0.0
CAM-0611,CME,0.0,0.0,0.0
CAM-0611,CMG,0.0,0.0,0.0
CAM-0611,CMI,0.0,0.0,0.0
CAM-0611,CMS,0.0,0.0,0.0
CAM-0611,CNC,0.0,0.0,0.0
CAM-0611,CNP,0.0,0.0,0.0
CAM-0611,COF,0.0,0.0,0.0
CAM-0611,COG,0.0,0.0,0.0
CAM-0611,COHR,0.0,0.0,0.0
CAM-0611,COIN,0.0,0.0,0.0
CAM-0611,CBOE,0.0,0.0,0.0
CAM-0611,CBRE,0.0,0.0,0.0
CAM-0611,CCI,0.0,0.0,0.0
CAM-0611,CCL,0.0,0.0,0.0
CAM-0611,CPAY,0.0,0.0,0.0
CAM-0611,CPB,0.0,0.0,0.0
CAM-0611,CPRT,0.0,0.0,0.0
CAM-0611,CPT,0.0,0.0,0.0
CAM-0611,CRH,0.0,0.0,0.0
CAM-0611,CRL,0.0,0.0,0.0
CAM-0611,CRM,0.0,0.0,0.0
CAM-0611,CRWD,0.0,0.0,0.0
CAM-0611,CSCO,0.0,0.0,0.0
CAM-0611,CSGP,0.0,0.0,0.0
CAM-0611,CSX,0.0,0.0,0.0
CAM-0611,CTAS,0.0,0.0,0.0
CAM-0611,CIEN,0.0,0.0,0.0
CAM-0611,CINF,0.0,0.0,0.0
CAM-0611,CL,0.0,0.0,0.0
CAM-0611,CLX,0.0,0.0,0.0
CAM-0611,CTXS,0.0,0.0,0.0
CAM-0611,CVNA,0.0,0.0,0.0
CAM-0611,CVS,0.0,0.0,0.0
CAM-0611,CVX,0.0,0.0,0.0
CAM-0611,CZR,0.0,0.0,0.0
CAM-0611,D,0.0,0.0,0.0
CAM-0611,DAL,0.0,0.0,0.0
CAM-0611,DASH,0.0,0.0,0.0
CAM-0611,DAY,0.0,0.0,0.0
CAM-0611,DD,0.0,0.0,0.0
CAM-0611,DDOG,0.0,0.0,0.0
CAM-0611,DE,0.0,0.0,0.0
CAM-0611,COO,0.0,0.0,0.0
CAM-0611,COP,0.0,0.0,0.0
CAM-0611,COR,0.0,0.0,0.0
CAM-0611,COST,0.0,0.0,0.0
CAM-0611,DG,0.0,0.0,0.0
CAM-0611,DGX,0.0,0.0,0.0
CAM-0611,DHI,0.0,0.0,0.0
CAM-0611,DHR,0.0,0.0,0.0
CAM-0611,DIS,0.0,0.0,0.0
CAM-0611,DISCA,0.0,0.0,0.0
CAM-0611,DISCK,0.0,0.0,0.0
CAM-0611,DISH,0.0,0.0,0.0
CAM-0611,DLR,0.0,0.0,0.0
CAM-0611,DOC,0.0,0.0,0.0
CAM-0611,DOV,0.0,0.0,0.0
CAM-0611,DOW,0.0,0.0,0.0
CAM-0611,CTLT,0.0,0.0,0.0
CAM-0611,CTRA,0.0,0.0,0.0
CAM-0611,CTSH,0.0,0.0,0.0
CAM-0611,CTVA,0.0,0.0,0.0
CAM-0611,DTE,0.0,0.0,0.0
CAM-0611,DUK,0.0,0.0,0.0
CAM-0611,DVA,0.0,0.0,0.0
CAM-0611,DVN,0.0,0.0,0.0
CAM-0611,DXC,0.0,0.0,0.0
CAM-0611,DXCM,0.0,0.0,0.0
CAM-0611,EA,0.0,0.0,0.0
CAM-0611,EBAY,0.0,0.0,0.0
CAM-0611,ECL,0.0,0.0,0.0
CAM-0611,ED,0.0,0.0,0.0
CAM-0611,EFX,0.0,0.0,0.0
CAM-0611,EG,0.0,0.0,0.0
CAM-0611,EIX,0.0,0.0,0.0
CAM-0611,DECK,0.0,0.0,0.0
CAM-0611,DELL,0.0,0.0,0.0
CAM-0611,DFS,0.0,0.0,0.0
CAM-0611,EMN,0.0,0.0,0.0
CAM-0611,EMR,0.0,0.0,0.0
CAM-0611,ENPH,0.0,0.0,0.0
CAM-0611,EOG,0.0,0.0,0.0
CAM-0611,EPAM,0.0,0.0,0.0
CAM-0611,EQIX,0.0,0.0,0.0
CAM-0611,EQR,0.0,0.0,0.0
CAM-0611,ERIE,0.0,0.0,0.0
CAM-0611,ES,0.0,0.0,0.0
CAM-0611,ESS,0.0,0.0,0.0
CAM-0611,ETN,0.0,0.0,0.0
CAM-0611,ETR,0.0,0.0,0.0
CAM-0611,DPZ,0.0,0.0,0.0
CAM-0611,DRE,0.0,0.0,0.0
CAM-0611,DRI,0.0,0.0,0.0
CAM-0611,EXC,0.0,0.0,0.0
CAM-0611,EXE,0.0,0.0,0.0
CAM-0611,EXPD,0.0,0.0,0.0
CAM-0611,EXPE,0.0,0.0,0.0
CAM-0611,EXR,0.0,0.0,0.0
CAM-0611,F,0.0,0.0,0.0
CAM-0611,FANG,0.0,0.0,0.0
CAM-0611,FAST,0.0,0.0,0.0
CAM-0611,FB,0.0,0.0,0.0
CAM-0611,FBHS,0.0,0.0,0.0
CAM-0611,FCX,0.0,0.0,0.0
CAM-0611,FDS,0.0,0.0,0.0
CAM-0611,FDX,0.0,0.0,0.0
CAM-0611,EL,0.0,0.0,0.0
CAM-0611,ELV,0.0,0.0,0.0
CAM-0611,EME,0.0,0.0,0.0
CAM-0611,FICO,0.0,0.0,0.0
CAM-0611,FIS,0.0,0.0,0.0
CAM-0611,FISV,0.0,0.0,0.0
CAM-0611,FITB,0.0,0.0,0.0
CAM-0611,FIX,0.0,0.0,0.0
CAM-0611,FLIR,0.0,0.0,0.0
CAM-0611,FLT,0.0,0.0,0.0
CAM-0611,FMC,0.0,0.0,0.0
CAM-0611,FOX,0.0,0.0,0.0
CAM-0611,FOXA,0.0,0.0,0.0
CAM-0611,FRC,0.0,0.0,0.0
CAM-0611,FRT,0.0,0.0,0.0
CAM-0611,FSLR,0.0,0.0,0.0
CAM-0611,ETSY,0.0,0.0,0.0
CAM-0611,EVRG,0.0,0.0,0.0
CAM-0611,EW,0.0,0.0,0.0
CAM-0611,GDDY,0.0,0.0,0.0
CAM-0611,GE,0.0,0.0,0.0
CAM-0611,GEHC,0.0,0.0,0.0
CAM-0611,GEN,0.0,0.0,0.0
CAM-0611,GILD,0.0,0.0,0.0
CAM-0611,GIS,0.0,0.0,0.0
CAM-0611,GL,0.0,0.0,0.0
CAM-0611,GLW,0.0,0.0,0.0
CAM-0611,GM,0.0,0.0,0.0
CAM-0611,GNRC,0.0,0.0,0.0
CAM-0611,GOOG,0.0,0.0,0.0
CAM-0611,GOOGL,0.0,0.0,0.0
CAM-0611,FE,0.0,0.0,0.0
CAM-0611,FFIV,0.0,0.0,0.0
CAM-0611,FI,0.0,0.0,0.0
CAM-0611,GRMN,0.0,0.0,0.0
CAM-0611,GS,0.0,0.0,0.0
CAM-0611,GWW,0.0,0.0,0.0
CAM-0611,HAL,0.0,0.0,0.0
CAM-0611,HAS,0.0,0.0,0.0
CAM-0611,HBAN,0.0,0.0,0.0
CAM-0611,HBI,0.0,0.0,0.0
CAM-0611,HCA,0.0,0.0,0.0
CAM-0611,HD,0.0,0.0,0.0
CAM-0611,HES,0.0,0.0,0.0
CAM-0611,HFC,0.0,0.0,0.0
CAM-0611,HIG,0.0,0.0,0.0
CAM-0611,HII,0.0,0.0,0.0
CAM-0611,FTNT,0.0,0.0,0.0
CAM-0611,FTV,0.0,0.0,0.0
CAM-0611,GD,0.0,0.0,0.0
CAM-0611,HON,0.0,0.0,0.0
CAM-0611,HOOD,0.0,0.0,0.0
CAM-0611,HPE,0.0,0.0,0.0
CAM-0611,HPQ,0.0,0.0,0.0
CAM-0611,HRL,0.0,0.0,0.0
CAM-0611,HSIC,0.0,0.0,0.0
CAM-0611,HST,0.0,0.0,0.0
CAM-0611,HSY,0.0,0.0,0.0
CAM-0611,HUBB,0.0,0.0,0.0
CAM-0611,HUM,0.0,0.0,0.0
CAM-0611,IBKR,0.0,0.0,0.0
CAM-0611,IBM,0.0,0.0,0.0
CAM-0611,ICE,0.0,0.0,0.0
CAM-0611,GPC,0.0,0.0,0.0
CAM-0611,GPN,0.0,0.0,0.0
CAM-0611,GPS,0.0,0.0,0.0
CAM-0611,IFF,0.0,0.0,0.0
CAM-0611,ILMN,0.0,0.0,0.0
CAM-0611,INCY,0.0,0.0,0.0
CAM-0611,INFO,0.0,0.0,0.0
CAM-0611,INTC,0.0,0.0,0.0
CAM-0611,INTU,0.0,0.0,0.0
CAM-0611,INVH,0.0,0.0,0.0
CAM-0611,IP,0.0,0.0,0.0
CAM-0611,IPG,0.0,0.0,0.0
CAM-0611,IPGP,0.0,0.0,0.0
CAM-0611,IQV,0.0,0.0,0.0
CAM-0611,IR,0.0,0.0,0.0
CAM-0611,IRM,0.0,0.0,0.0
CAM-0611,ISRG,0.0,0.0,0.0
CAM-0611,HLT,0.0,0.0,0.0
CAM-0611,HOLX,0.0,0.0,0.0
CAM-0611,IVZ,0.0,0.0,0.0
CAM-0611,J,0.0,0.0,0.0
CAM-0611,JBHT,0.0,0.0,0.0
CAM-0611,JBL,0.0,0.0,0.0
CAM-0611,JCI,0.0,0.0,0.0
CAM-0611,JKHY,0.0,0.0,0.0
CAM-0611,JNJ,0.0,0.0,0.0
CAM-0611,JNPR,0.0,0.0,0.0
CAM-0611,JPM,0.0,0.0,0.0
CAM-0611,K,0.0,0.0,0.0
CAM-0611,KDP,0.0,0.0,0.0
CAM-0611,KEY,0.0,0.0,0.0
CAM-0611,KEYS,0.0,0.0,0.0
CAM-0611,KHC,0.0,0.0,0.0
CAM-0611,IDXX,0.0,0.0,0.0
CAM-0611,IEX,0.0,0.0,0.0
CAM-0611,KLAC,0.0,0.0,0.0
CAM-0611,KMB,0.0,0.0,0.0
CAM-0611,KMI,0.0,0.0,0.0
CAM-0611,KMX,0.0,0.0,0.0
CAM-0611,KO,0.0,0.0,0.0
CAM-0611,KR,0.0,0.0,0.0
CAM-0611,KSU,0.0,0.0,0.0
CAM-0611,KVUE,0.0,0.0,0.0
CAM-0611,L,0.0,0.0,0.0
CAM-0611,LB,0.0,0.0,0.0
CAM-0611,LDOS,0.0,0.0,0.0
CAM-0611,LEG,0.0,0.0,0.0
CAM-0611,LEN,0.0,0.0,0.0
CAM-0611,LH,0.0,0.0,0.0
CAM-0611,IT,0.0,0.0,0.0
CAM-0611,ITW,0.0,0.0,0.0
CAM-0611,LIN,0.0,0.0,0.0
CAM-0611,ABNB,0.0,0.0,0.0
CAM-0611,LKQ,0.0,0.0,0.0
CAM-0611,LLY,0.0,0.0,0.0
CAM-0611,LMT,0.0,0.0,0.0
CAM-0611,LNC,0.0,0.0,0.0
CAM-0611,LNT,0.0,0.0,0.0
CAM-0611,LOW,0.0,0.0,0.0
CAM-0611,LRCX,0.0,0.0,0.0
CAM-0611,LULU,0.0,0.0,0.0
CAM-0611,LUMN,0.0,0.0,0.0
CAM-0611,LUV,0.0,0.0,0.0
CAM-0611,LVS,0.0,0.0,0.0
CAM-0611,LW,0.0,0.0,0.0
CAM-0611,KIM,0.0,0.0,0.0
CAM-0611,KKR,0.0,0.0,0.0
CAM-0611,MA,0.0,0.0,0.0
CAM-0611,MAA,0.0,0.0,0.0
CAM-0611,MAR,0.0,0.0,0.0
CAM-0611,MAS,0.0,0.0,0.0
CAM-0611,MCD,0.0,0.0,0.0
CAM-0611,MCHP,0.0,0.0,0.0
CAM-0611,ADP,0.0,0.0,0.0
CAM-0611,MCO,0.0,0.0,0.0
CAM-0611,MDLZ,0.0,0.0,0.0
CAM-0611,MDT,0.0,0.0,0.0
CAM-0611,MET,0.0,0.0,0.0
CAM-0611,META,0.0,0.0,0.0
CAM-0611,MGM,0.0,0.0,0.0
CAM-0611,MHK,0.0,0.0,0.0
CAM-0611,LHX,0.0,0.0,0.0
CAM-0611,LII,0.0,0.0,0.0
CAM-0611,MLM,0.0,0.0,0.0
CAM-0611,MMC,0.0,0.0,0.0
CAM-0611,MMM,0.0,0.0,0.0
CAM-0611,MNST,0.0,0.0,0.0
CAM-0611,MO,0.0,0.0,0.0
CAM-0611,MOH,0.0,0.0,0.0
CAM-0611,MOS,0.0,0.0,0.0
CAM-0611,MPC,0.0,0.0,0.0
CAM-0611,MPWR,0.0,0.0,0.0
CAM-0611,MRK,0.0,0.0,0.0
CAM-0611,MRNA,0.0,0.0,0.0
CAM-0611,MRO,0.0,0.0,0.0
CAM-0611,MRSH,0.0,0.0,0.0
CAM-0611,MS,0.0,0.0,0.0
CAM-0611,LYB,0.0,0.0,0.0
CAM-0611,LYV,0.0,0.0,0.0
CAM-0611,MSI,0.0,0.0,0.0
CAM-0611,MTB,0.0,0.0,0.0
CAM-0611,MTCH,0.0,0.0,0.0
CAM-0611,MTD,0.0,0.0,0.0
CAM-0611,ZTS,0.0,0.0,0.0
CAM-0611,MXIM,0.0,0.0,0.0
CAM-0611,NCLH,0.0,0.0,0.0
CAM-0611,NDAQ,0.0,0.0,0.0
CAM-0611,NDSN,0.0,0.0,0.0
CAM-0611,NEE,0.0,0.0,0.0
CAM-0611,NEM,0.0,0.0,0.0
CAM-0611,SPY,0.0,0.0,0.0
CAM-0611,NI,0.0,0.0,0.0
CAM-0611,NKE,0.0,0.0,0.0
CAM-0611,MKC,0.0,0.0,0.0
CAM-0611,MKTX,0.0,0.0,0.0
CAM-0611,NLSN,0.0,0.0,0.0
CAM-0611,NOC,0.0,0.0,0.0
CAM-0611,NOV,0.0,0.0,0.0
CAM-0611,NOW,0.0,0.0,0.0
CAM-0611,NSC,0.0,0.0,0.0
CAM-0611,NTAP,0.0,0.0,0.0
CAM-0611,NTRS,0.0,0.0,0.0
CAM-0611,NUE,0.0,0.0,0.0
CAM-0611,NVDA,0.0,0.0,0.0
CAM-0611,NVR,0.0,0.0,0.0
CAM-0611,NWL,0.0,0.0,0.0
CAM-0611,NWS,0.0,0.0,0.0
CAM-0611,NWSA,0.0,0.0,0.0
CAM-0611,NXPI,0.0,0.0,0.0
CAM-0611,MSCI,0.0,0.0,0.0
CAM-0611,MSFT,0.0,0.0,0.0
CAM-0611,O,0.0,0.0,0.0
CAM-0611,ODFL,0.0,0.0,0.0
CAM-0611,OGN,0.0,0.0,0.0
CAM-0611,OKE,0.0,0.0,0.0
CAM-0611,OMC,0.0,0.0,0.0
CAM-0611,ON,0.0,0.0,0.0
CAM-0611,ORLY,0.0,0.0,0.0
CAM-0611,OTIS,0.0,0.0,0.0
CAM-0611,OXY,0.0,0.0,0.0
CAM-0611,PANW,0.0,0.0,0.0
CAM-0611,PARA,0.0,0.0,0.0
CAM-0611,PAYC,0.0,0.0,0.0
CAM-0611,PAYX,0.0,0.0,0.0
CAM-0611,PBCT,0.0,0.0,0.0
CAM-0611,PCAR,0.0,0.0,0.0
CAM-0611,NLOK,0.0,0.0,0.0
CAM-0611,PCG,0.0,0.0,0.0
CAM-0611,PEAK,0.0,0.0,0.0
CAM-0611,PEG,0.0,0.0,0.0
CAM-0611,PENN,0.0,0.0,0.0
CAM-0611,PEP,0.0,0.0,0.0
CAM-0611,PFE,0.0,0.0,0.0
CAM-0611,PFG,0.0,0.0,0.0
CAM-0611,PG,0.0,0.0,0.0
CAM-0611,PGR,0.0,0.0,0.0
CAM-0611,PH,0.0,0.0,0.0
CAM-0611,PHM,0.0,0.0,0.0
CAM-0611,PKG,0.0,0.0,0.0
CAM-0611,PKI,0.0,0.0,0.0
CAM-0611,PLD,0.0,0.0,0.0
CAM-0611,A,0.0,0.0,0.0
CAM-0611,AAL,0.0,0.0,0.0
CAM-0611,PNC,0.0,0.0,0.0
CAM-0611,PNR,0.0,0.0,0.0
CAM-0611,PNW,0.0,0.0,0.0
CAM-0611,PODD,0.0,0.0,0.0
CAM-0611,POOL,0.0,0.0,0.0
CAM-0611,PPG,0.0,0.0,0.0
CAM-0611,PPL,0.0,0.0,0.0
CAM-0611,PRGO,0.0,0.0,0.0
CAM-0611,PRU,0.0,0.0,0.0
CAM-0611,PSA,0.0,0.0,0.0
CAM-0611,PSKY,0.0,0.0,0.0
CAM-0611,PSX,0.0,0.0,0.0
CAM-0611,PTC,0.0,0.0,0.0
CAM-0611,PVH,0.0,0.0,0.0
CAM-0611,PWR,0.0,0.0,0.0
CAM-0611,PXD,0.0,0.0,0.0
CAM-0611,PYPL,0.0,0.0,0.0
CAM-0611,Q,0.0,0.0,0.0
CAM-0611,QCOM,0.0,0.0,0.0
CAM-0611,QRVO,0.0,0.0,0.0
CAM-0611,RCL,0.0,0.0,0.0
CAM-0611,RE,0.0,0.0,0.0
CAM-0611,REG,0.0,0.0,0.0
CAM-0611,REGN,0.0,0.0,0.0
CAM-0611,RF,0.0,0.0,0.0
CAM-0611,RHI,0.0,0.0,0.0
CAM-0611,RJF,0.0,0.0,0.0
CAM-0611,RL,0.0,0.0,0.0
CAM-0611,RMD,0.0,0.0,0.0
CAM-0611,ROK,0.0,0.0,0.0
CAM-0611,ROL,0.0,0.0,0.0
CAM-0611,ROP,0.0,0.0,0.0
CAM-0611,ROST,0.0,0.0,0.0
CAM-0611,RSG,0.0,0.0,0.0
CAM-0611,RTX,0.0,0.0,0.0
CAM-0611,RVTY,0.0,0.0,0.0
CAM-0611,SATS,0.0,0.0,0.0
CAM-0611,SBAC,0.0,0.0,0.0
CAM-0611,SBNY,0.0,0.0,0.0
CAM-0611,SBUX,0.0,0.0,0.0
CAM-0611,SCHW,0.0,0.0,0.0
CAM-0611,SEDG,0.0,0.0,0.0
CAM-0611,SEE,0.0,0.0,0.0
CAM-0611,SHW,0.0,0.0,0.0
CAM-0611,SIVB,0.0,0.0,0.0
CAM-0611,SJM,0.0,0.0,0.0
CAM-0611,SLB,0.0,0.0,0.0
CAM-0611,AAP,0.0,0.0,0.0
CAM-0611,SNA,0.0,0.0,0.0
CAM-0611,AAPL,0.0,0.0,0.0
CAM-0611,SNPS,0.0,0.0,0.0
CAM-0611,SO,0.0,0.0,0.0
CAM-0611,SOLS,0.0,0.0,0.0
CAM-0611,SOLV,0.0,0.0,0.0
CAM-0611,SPG,0.0,0.0,0.0
CAM-0611,SPGI,0.0,0.0,0.0
CAM-0611,SRE,0.0,0.0,0.0
CAM-0611,STE,0.0,0.0,0.0
CAM-0611,STLD,0.0,0.0,0.0
CAM-0611,STT,0.0,0.0,0.0
CAM-0611,ABBV,0.0,0.0,0.0
CAM-0611,STZ,0.0,0.0,0.0
CAM-0611,SW,0.0,0.0,0.0
CAM-0611,SWK,0.0,0.0,0.0
CAM-0611,SWKS,0.0,0.0,0.0
CAM-0611,SYF,0.0,0.0,0.0
CAM-0611,SYK,0.0,0.0,0.0
CAM-0611,SYY,0.0,0.0,0.0
CAM-0611,T,0.0,0.0,0.0
CAM-0611,TAP,0.0,0.0,0.0
CAM-0611,TDG,0.0,0.0,0.0
CAM-0611,TDY,0.0,0.0,0.0
CAM-0611,TECH,0.0,0.0,0.0
CAM-0611,TEL,0.0,0.0,0.0
CAM-0611,TER,0.0,0.0,0.0
CAM-0611,TFC,0.0,0.0,0.0
CAM-0611,TFX,0.0,0.0,0.0
CAM-0611,TGT,0.0,0.0,0.0
CAM-0611,TJX,0.0,0.0,0.0
CAM-0611,TKO,0.0,0.0,0.0
CAM-0611,TMO,0.0,0.0,0.0
CAM-0611,TMUS,0.0,0.0,0.0
CAM-0611,TPL,0.0,0.0,0.0
CAM-0611,ALXN,0.0,0.0,0.0
CAM-0611,TRGP,0.0,0.0,0.0
CAM-0611,TRMB,0.0,0.0,0.0
CAM-0611,TROW,0.0,0.0,0.0
CAM-0611,TRV,0.0,0.0,0.0
CAM-0611,TSCO,0.0,0.0,0.0
CAM-0611,TSLA,0.0,0.0,0.0
CAM-0611,TSN,0.0,0.0,0.0
CAM-0611,TT,0.0,0.0,0.0
CAM-0611,TTD,0.0,0.0,0.0
CAM-0611,ADSK,0.0,0.0,0.0
CAM-0611,TWTR,0.0,0.0,0.0
CAM-0611,TXN,0.0,0.0,0.0
CAM-0611,TXT,0.0,0.0,0.0
CAM-0611,TYL,0.0,0.0,0.0
CAM-0611,UA,0.0,0.0,0.0
CAM-0611,UAA,0.0,0.0,0.0
CAM-0611,AEE,0.0,0.0,0.0
CAM-0611,UBER,0.0,0.0,0.0
CAM-0611,UDR,0.0,0.0,0.0
CAM-0611,UHS,0.0,0.0,0.0
CAM-0611,ULTA,0.0,0.0,0.0
CAM-0611,UNH,0.0,0.0,0.0
CAM-0611,UNM,0.0,0.0,0.0
CAM-0611,UNP,0.0,0.0,0.0
CAM-0611,UPS,0.0,0.0,0.0
CAM-0611,URI,0.0,0.0,0.0
CAM-0611,USB,0.0,0.0,0.0
CAM-0611,V,0.0,0.0,0.0
CAM-0611,VFC,0.0,0.0,0.0
CAM-0611,VIAC,0.0,0.0,0.0
CAM-0611,VICI,0.0,0.0,0.0
CAM-0611,VLO,0.0,0.0,0.0
CAM-0611,VLTO,0.0,0.0,0.0
CAM-0611,VMC,0.0,0.0,0.0
CAM-0611,VNO,0.0,0.0,0.0
CAM-0611,VRSK,0.0,0.0,0.0
CAM-0611,VRSN,0.0,0.0,0.0
CAM-0611,VRT,0.0,0.0,0.0
CAM-0611,VRTX,0.0,0.0,0.0
CAM-0611,VST,0.0,0.0,0.0
CAM-0611,VTR,0.0,0.0,0.0
CAM-0611,VTRS,0.0,0.0,0.0
CAM-0611,VZ,0.0,0.0,0.0
CAM-0611,WAB,0.0,0.0,0.0
CAM-0611,ABC,0.0,0.0,0.0
CAM-0611,WFC,0.0,0.0,0.0
CAM-0611,WHR,0.0,0.0,0.0
CAM-0611,WLTW,0.0,0.0,0.0
CAM-0611,WM,0.0,0.0,0.0
CAM-0611,WMB,0.0,0.0,0.0
CAM-0611,WMT,0.0,0.0,0.0
CAM-0611,WRB,0.0,0.0,0.0
CAM-0611,WRK,0.0,0.0,0.0
CAM-0611,WSM,0.0,0.0,0.0
CAM-0611,ADI,0.0,0.0,0.0
CAM-0611,ADBE,0.0,0.0,0.0
CAM-0611,ACN,0.0,0.0,0.0
CAM-0611,ACGL,0.0,0.0,0.0
CAM-0611,ABT,0.0,0.0,0.0
CAM-0611,WELL,0.0,0.0,0.0
CAM-0611,ADM,0.0,0.0,0.0
CAM-0611,WTW,0.0,0.0,0.0
CAM-0611,WU,0.0,0.0,0.0
CAM-0611,WY,0.0,0.0,0.0
CAM-0611,WYNN,0.0,0.0,0.0
CAM-0611,XEL,0.0,0.0,0.0
CAM-0611,XLNX,0.0,0.0,0.0
CAM-0611,XOM,0.0,0.0,0.0
CAM-0611,XRAY,0.0,0.0,0.0
CAM-0611,XYL,0.0,0.0,0.0
CAM-0611,XYZ,0.0,0.0,0.0
CAM-0611,YUM,0.0,0.0,0.0
CAM-0611,ZBH,0.0,0.0,0.0
CAM-0611,ZBRA,0.0,0.0,0.0
CAM-0611,ZION,0.0,0.0,0.0
CAM-0611,WST,0.0,0.0,0.0
CAM-0611,AMD,-0.0046350690148860086,-0.004588306992612389,-4.676202227361925e-05
CAM-0611,NRG,0.0013420715318465427,0.0021554599531056723,-0.0008133884212591295
CAM-0611,DLTR,-0.013468858160263664,-0.001553974142885739,-0.011914884017377924
CAM-0611,WBD,-0.014656422328672258,-0.0011833335503922847,-0.013473088778279973
CAM-0611,HWM,-0.03088827828508256,-0.010497349321142909,-0.020390928963939653
CAM-0611,ORCL,-0.025119232661104753,-0.0019531858716156595,-0.023166046789489095
CAM-0610,WDC,0.3340344988802996,0.009591009244489234,0.3244434896358104
CAM-0610,MU,0.2767291346369647,-0.01653122741686132,0.293260362053826
CAM-0610,PLTR,0.16396584294644037,-0.005918001012511713,0.1698838439589521
CAM-0610,AMD,0.09092542386566846,0.0006185742918420074,0.09030684957382645
CAM-0610,LRCX,0.06209364924993935,-0.005059667523739564,0.06715331677367892
CAM-0610,WBD,0.06025121882871035,-0.006417555105868248,0.0666687739345786
CAM-0610,STX,0.06923439840476196,0.01103649598130854,0.05819790242345342
CAM-0610,APP,0.04655099680602789,-0.009812925500504286,0.05636392230653217
CAM-0610,AVGO,0.033898371072094875,0.0038298340633310824,0.030068537008763795
CAM-0610,SNDK,0.024802448886364438,0.003167419052709571,0.021635029833654867
CAM-0610,NFLX,0.019285205717272064,-0.00014765064235911732,0.01943285635963118
CAM-0610,MELI,0.022535147728270512,0.009202080730651643,0.013333066997618869
CAM-0610,NVDA,0.01084891914528807,0.0009197651140574247,0.009929154031230646
CAM-0610,AMAT,0.015252448056157403,0.005539020978727988,0.009713427077429415
CAM-0610,TSLA,-0.001747678033183206,-0.004206680756322712,0.002459002723139506
CAM-0610,DASH,0.004228008825943319,0.0023472943510524313,0.0018807144748908878
CAM-0610,AAL,0.0,0.0,0.0
CAM-0610,ADBE,0.0,0.0,0.0
CAM-0610,ABNB,0.0,0.0,0.0
CAM-0610,AAPL,0.0,0.0,0.0
CAM-0610,ADP,0.0,0.0,0.0
CAM-0610,ATVI,0.0,0.0,0.0
CAM-0610,AXON,0.0,0.0,0.0
CAM-0610,AZN,0.0,0.0,0.0
CAM-0610,BIDU,0.0,0.0,0.0
CAM-0610,AEP,0.0,0.0,0.0
CAM-0610,ALGN,0.0,0.0,0.0
CAM-0610,ADSK,0.0,0.0,0.0
CAM-0610,ADI,0.0,0.0,0.0
CAM-0610,ALXN,0.0,0.0,0.0
CAM-0610,ALNY,0.0,0.0,0.0
CAM-0610,AMZN,0.0,0.0,0.0
CAM-0610,AMGN,0.0,0.0,0.0
CAM-0610,ANSS,0.0,0.0,0.0
CAM-0610,ARM,0.0,0.0,0.0
CAM-0610,ASML,0.0,0.0,0.0
CAM-0610,QQQ,0.0,0.0,0.0
CAM-0610,CHTR,0.0,0.0,0.0
CAM-0610,CHKP,0.0,0.0,0.0
CAM-0610,CERN,0.0,0.0,0.0
CAM-0610,CELG,0.0,0.0,0.0
CAM-0610,CEG,0.0,0.0,0.0
CAM-0610,CDW,0.0,0.0,0.0
CAM-0610,CDNS,0.0,0.0,0.0
CAM-0610,CCEP,0.0,0.0,0.0
CAM-0610,BMRN,0.0,0.0,0.0
CAM-0610,BKR,0.0,0.0,0.0
CAM-0610,BKNG,0.0,0.0,0.0
CAM-0610,BIIB,0.0,0.0,0.0
CAM-0610,CSCO,0.0,0.0,0.0
CAM-0610,CSGP,0.0,0.0,0.0
CAM-0610,CPRT,0.0,0.0,0.0
CAM-0610,CMCSA,0.0,0.0,0.0
CAM-0610,EBAY,0.0,0.0,0.0
CAM-0610,ENPH,0.0,0.0,0.0
CAM-0610,EXC,0.0,0.0,0.0
CAM-0610,EXPE,0.0,0.0,0.0
CAM-0610,FANG,0.0,0.0,0.0
CAM-0610,FAST,0.0,0.0,0.0
CAM-0610,FER,0.0,0.0,0.0
CAM-0610,COST,0.0,0.0,0.0
CAM-0610,CTAS,0.0,0.0,0.0
CAM-0610,CTSH,0.0,0.0,0.0
CAM-0610,CTXS,0.0,0.0,0.0
CAM-0610,DDOG,0.0,0.0,0.0
CAM-0610,DLTR,0.0,0.0,0.0
CAM-0610,DOCU,0.0,0.0,0.0
CAM-0610,CSX,0.0,0.0,0.0
CAM-0610,CRWD,0.0,0.0,0.0
CAM-0610,GOOGL,0.0,0.0,0.0
CAM-0610,GOOG,0.0,0.0,0.0
CAM-0610,HAS,0.0,0.0,0.0
CAM-0610,HON,0.0,0.0,0.0
CAM-0610,ILMN,0.0,0.0,0.0
CAM-0610,INCY,0.0,0.0,0.0
CAM-0610,HSIC,0.0,0.0,0.0
CAM-0610,IDXX,0.0,0.0,0.0
CAM-0610,INTU,0.0,0.0,0.0
CAM-0610,ISRG,0.0,0.0,0.0
CAM-0610,JBHT,0.0,0.0,0.0
CAM-0610,JD,0.0,0.0,0.0
CAM-0610,KDP,0.0,0.0,0.0
CAM-0610,KHC,0.0,0.0,0.0
CAM-0610,INSM,0.0,0.0,0.0
CAM-0610,INTC,0.0,0.0,0.0
CAM-0610,MDB,0.0,0.0,0.0
CAM-0610,LBTYA,0.0,0.0,0.0
CAM-0610,LCID,0.0,0.0,0.0
CAM-0610,LBTYK,0.0,0.0,0.0
CAM-0610,LULU,0.0,0.0,0.0
CAM-0610,MAR,0.0,0.0,0.0
CAM-0610,MCHP,0.0,0.0,0.0
CAM-0610,FI,0.0,0.0,0.0
CAM-0610,FOX,0.0,0.0,0.0
CAM-0610,FOXA,0.0,0.0,0.0
CAM-0610,FTNT,0.0,0.0,0.0
CAM-0610,GEHC,0.0,0.0,0.0
CAM-0610,GFS,0.0,0.0,0.0
CAM-0610,GILD,0.0,0.0,0.0
CAM-0610,DXCM,0.0,0.0,0.0
CAM-0610,EA,0.0,0.0,0.0
CAM-0610,UAL,0.0,0.0,0.0
CAM-0610,MSFT,0.0,0.0,0.0
CAM-0610,MRNA,0.0,0.0,0.0
CAM-0610,MRVL,0.0,0.0,0.0
CAM-0610,MNST,0.0,0.0,0.0
CAM-0610,META,0.0,0.0,0.0
CAM-0610,MDLZ,0.0,0.0,0.0
CAM-0610,MPWR,0.0,0.0,0.0
CAM-0610,LIN,0.0,0.0,0.0
CAM-0610,OKTA,0.0,0.0,0.0
CAM-0610,NXPI,0.0,0.0,0.0
CAM-0610,NTES,0.0,0.0,0.0
CAM-0610,NLOK,0.0,0.0,0.0
CAM-0610,MYL,0.0,0.0,0.0
CAM-0610,NTAP,0.0,0.0,0.0
CAM-0610,MXIM,0.0,0.0,0.0
CAM-0610,REGN,0.0,0.0,0.0
CAM-0610,PAYX,0.0,0.0,0.0
CAM-0610,PDD,0.0,0.0,0.0
CAM-0610,PCAR,0.0,0.0,0.0
CAM-0610,PEP,0.0,0.0,0.0
CAM-0610,PTON,0.0,0.0,0.0
CAM-0610,PYPL,0.0,0.0,0.0
CAM-0610,QCOM,0.0,0.0,0.0
CAM-0610,SBUX,0.0,0.0,0.0
CAM-0610,RIVN,0.0,0.0,0.0
CAM-0610,ROP,0.0,0.0,0.0
CAM-0610,ODFL,0.0,0.0,0.0
CAM-0610,ORLY,0.0,0.0,0.0
CAM-0610,ON,0.0,0.0,0.0
CAM-0610,PANW,0.0,0.0,0.0
CAM-0610,MTCH,0.0,0.0,0.0
CAM-0610,WDAY,0.0,0.0,0.0
CAM-0610,SIRI,0.0,0.0,0.0
CAM-0610,SGEN,0.0,0.0,0.0
CAM-0610,SHOP,0.0,0.0,0.0
CAM-0610,ROST,0.0,0.0,0.0
CAM-0610,SPLK,0.0,0.0,0.0
CAM-0610,SOLS,0.0,0.0,0.0
CAM-0610,SNPS,0.0,0.0,0.0
CAM-0610,TCOM,0.0,0.0,0.0
CAM-0610,TEAM,0.0,0.0,0.0
CAM-0610,TMUS,0.0,0.0,0.0
CAM-0610,TRI,0.0,0.0,0.0
CAM-0610,TTD,0.0,0.0,0.0
CAM-0610,TTWO,0.0,0.0,0.0
CAM-0610,SWKS,0.0,0.0,0.0
CAM-0610,SMCI,0.0,0.0,0.0
CAM-0610,XEL,0.0,0.0,0.0
CAM-0610,TXN,0.0,0.0,0.0
CAM-0610,VRSN,0.0,0.0,0.0
CAM-0610,ULTA,0.0,0.0,0.0
CAM-0610,VRTX,0.0,0.0,0.0
CAM-0610,VSNT,0.0,0.0,0.0
CAM-0610,WBA,0.0,0.0,0.0
CAM-0610,VRSK,0.0,0.0,0.0
CAM-0610,ZM,0.0,0.0,0.0
CAM-0610,WMT,0.0,0.0,0.0
CAM-0610,WTW,0.0,0.0,0.0
CAM-0610,WYNN,0.0,0.0,0.0
CAM-0610,XLNX,0.0,0.0,0.0
CAM-0610,KLAC,-0.0035404962830106,0.0015658678994334855,-0.005106364182444085
CAM-0610,MSTR,-0.022774718436526384,-0.002718003859939396,-0.02005671457658699
CAM-0610,ZS,-0.040215978764761934,0.0018027299416005188,-0.04201870870636245
CAM-0623,MU,0.1340534034319968,-0.00062386269595356,0.13467726612795033
CAM-0623,GOOGL,0.1338922195852938,0.0047225107789071906,0.1291697088063866
CAM-0623,WDC,0.12965857151229307,0.0006514316742190947,0.12900713983807396
CAM-0623,LRCX,0.10065289665557758,-0.0008082147512766991,0.10146111140685428
CAM-0623,APP,0.09973122583652659,8.93746995898648e-06,0.0997222883665676
CAM-0623,AVGO,0.06147316069312959,-0.0026994661716119427,0.06417262686474152
CAM-0623,DASH,0.04857155104756947,0.006899788239271175,0.04167176280829829
CAM-0623,WBD,0.0383759454697047,-0.002173430021672424,0.040549375491377125
CAM-0623,PLTR,0.04237216743666623,0.0018229364743815781,0.04054923096228465
CAM-0623,GILD,0.015624621576030702,-0.0037665716229428646,0.019391193198973568
CAM-0623,AMAT,0.016946634544977152,0.000666719089210041,0.01627991545576711
CAM-0623,NFLX,0.006964127939001378,0.0032270548057114156,0.0037370731332899624
CAM-0623,ALNY,0.0,0.0,0.0
CAM-0623,ADBE,0.0,0.0,0.0
CAM-0623,ABNB,0.0,0.0,0.0
CAM-0623,AAPL,0.0,0.0,0.0
CAM-0623,ADSK,0.0,0.0,0.0
CAM-0623,AEP,0.0,0.0,0.0
CAM-0623,ALGN,0.0,0.0,0.0
CAM-0623,ASML,0.0,0.0,0.0
CAM-0623,ADP,0.0,0.0,0.0
CAM-0623,ATVI,0.0,0.0,0.0
CAM-0623,AXON,0.0,0.0,0.0
CAM-0623,AZN,0.0,0.0,0.0
CAM-0623,BIDU,0.0,0.0,0.0
CAM-0623,BIIB,0.0,0.0,0.0
CAM-0623,BKNG,0.0,0.0,0.0
CAM-0623,BKR,0.0,0.0,0.0
CAM-0623,ADI,0.0,0.0,0.0
CAM-0623,ALXN,0.0,0.0,0.0
CAM-0623,AMD,0.0,0.0,0.0
CAM-0623,AMZN,0.0,0.0,0.0
CAM-0623,AMGN,0.0,0.0,0.0
CAM-0623,ANSS,0.0,0.0,0.0
CAM-0623,ARM,0.0,0.0,0.0
CAM-0623,AAL,0.0,0.0,0.0
CAM-0623,QQQ,0.0,0.0,0.0
CAM-0623,SIRI,0.0,0.0,0.0
CAM-0623,CHTR,0.0,0.0,0.0
CAM-0623,CERN,0.0,0.0,0.0
CAM-0623,CHKP,0.0,0.0,0.0
CAM-0623,CELG,0.0,0.0,0.0
CAM-0623,CDW,0.0,0.0,0.0
CAM-0623,CDNS,0.0,0.0,0.0
CAM-0623,CCEP,0.0,0.0,0.0
CAM-0623,BMRN,0.0,0.0,0.0
CAM-0623,CTAS,0.0,0.0,0.0
CAM-0623,CTXS,0.0,0.0,0.0
CAM-0623,CTSH,0.0,0.0,0.0
CAM-0623,CSCO,0.0,0.0,0.0
CAM-0623,CSGP,0.0,0.0,0.0
CAM-0623,CPRT,0.0,0.0,0.0
CAM-0623,CMCSA,0.0,0.0,0.0
CAM-0623,EA,0.0,0.0,0.0
CAM-0623,DXCM,0.0,0.0,0.0
CAM-0623,EBAY,0.0,0.0,0.0
CAM-0623,ENPH,0.0,0.0,0.0
CAM-0623,FANG,0.0,0.0,0.0
CAM-0623,FAST,0.0,0.0,0.0
CAM-0623,EXC,0.0,0.0,0.0
CAM-0623,EXPE,0.0,0.0,0.0
CAM-0623,FI,0.0,0.0,0.0
CAM-0623,FER,0.0,0.0,0.0
CAM-0623,FOX,0.0,0.0,0.0
CAM-0623,DDOG,0.0,0.0,0.0
CAM-0623,DLTR,0.0,0.0,0.0
CAM-0623,DOCU,0.0,0.0,0.0
CAM-0623,CSX,0.0,0.0,0.0
CAM-0623,COST,0.0,0.0,0.0
CAM-0623,GOOG,0.0,0.0,0.0
CAM-0623,HAS,0.0,0.0,0.0
CAM-0623,HSIC,0.0,0.0,0.0
CAM-0623,HON,0.0,0.0,0.0
CAM-0623,ILMN,0.0,0.0,0.0
CAM-0623,INCY,0.0,0.0,0.0
CAM-0623,INSM,0.0,0.0,0.0
CAM-0623,IDXX,0.0,0.0,0.0
CAM-0623,KDP,0.0,0.0,0.0
CAM-0623,ISRG,0.0,0.0,0.0
CAM-0623,JBHT,0.0,0.0,0.0
CAM-0623,JD,0.0,0.0,0.0
CAM-0623,KLAC,0.0,0.0,0.0
CAM-0623,KHC,0.0,0.0,0.0
CAM-0623,LBTYA,0.0,0.0,0.0
CAM-0623,INTU,0.0,0.0,0.0
CAM-0623,MDLZ,0.0,0.0,0.0
CAM-0623,LBTYK,0.0,0.0,0.0
CAM-0623,LCID,0.0,0.0,0.0
CAM-0623,LIN,0.0,0.0,0.0
CAM-0623,LULU,0.0,0.0,0.0
CAM-0623,MAR,0.0,0.0,0.0
CAM-0623,MCHP,0.0,0.0,0.0
CAM-0623,MDB,0.0,0.0,0.0
CAM-0623,MPWR,0.0,0.0,0.0
CAM-0623,MELI,0.0,0.0,0.0
CAM-0623,META,0.0,0.0,0.0
CAM-0623,FOXA,0.0,0.0,0.0
CAM-0623,GEHC,0.0,0.0,0.0
CAM-0623,FTNT,0.0,0.0,0.0
CAM-0623,GFS,0.0,0.0,0.0
CAM-0623,CRWD,0.0,0.0,0.0
CAM-0623,WDAY,0.0,0.0,0.0
CAM-0623,MSFT,0.0,0.0,0.0
CAM-0623,MRNA,0.0,0.0,0.0
CAM-0623,MRVL,0.0,0.0,0.0
CAM-0623,MNST,0.0,0.0,0.0
CAM-0623,MYL,0.0,0.0,0.0
CAM-0623,MXIM,0.0,0.0,0.0
CAM-0623,MTCH,0.0,0.0,0.0
CAM-0623,NTES,0.0,0.0,0.0
CAM-0623,NVDA,0.0,0.0,0.0
CAM-0623,NXPI,0.0,0.0,0.0
CAM-0623,ODFL,0.0,0.0,0.0
CAM-0623,OKTA,0.0,0.0,0.0
CAM-0623,ON,0.0,0.0,0.0
CAM-0623,NLOK,0.0,0.0,0.0
CAM-0623,MSTR,0.0,0.0,0.0
CAM-0623,PANW,0.0,0.0,0.0
CAM-0623,PAYX,0.0,0.0,0.0
CAM-0623,PDD,0.0,0.0,0.0
CAM-0623,PCAR,0.0,0.0,0.0
CAM-0623,PEP,0.0,0.0,0.0
CAM-0623,PTON,0.0,0.0,0.0
CAM-0623,PYPL,0.0,0.0,0.0
CAM-0623,QCOM,0.0,0.0,0.0
CAM-0623,REGN,0.0,0.0,0.0
CAM-0623,RIVN,0.0,0.0,0.0
CAM-0623,ROP,0.0,0.0,0.0
CAM-0623,ROST,0.0,0.0,0.0
CAM-0623,SBUX,0.0,0.0,0.0
CAM-0623,SGEN,0.0,0.0,0.0
CAM-0623,ORLY,0.0,0.0,0.0
CAM-0623,NTAP,0.0,0.0,0.0
CAM-0623,XEL,0.0,0.0,0.0
CAM-0623,SHOP,0.0,0.0,0.0
CAM-0623,SMCI,0.0,0.0,0.0
CAM-0623,SNDK,0.0,0.0,0.0
CAM-0623,SPLK,0.0,0.0,0.0
CAM-0623,STX,0.0,0.0,0.0
CAM-0623,SNPS,0.0,0.0,0.0
CAM-0623,SOLS,0.0,0.0,0.0
CAM-0623,TEAM,0.0,0.0,0.0
CAM-0623,TRI,0.0,0.0,0.0
CAM-0623,TTWO,0.0,0.0,0.0
CAM-0623,TTD,0.0,0.0,0.0
CAM-0623,TXN,0.0,0.0,0.0
CAM-0623,UAL,0.0,0.0,0.0
CAM-0623,SWKS,0.0,0.0,0.0
CAM-0623,TCOM,0.0,0.0,0.0
CAM-0623,ZM,0.0,0.0,0.0
CAM-0623,WMT,0.0,0.0,0.0
CAM-0623,VRSN,0.0,0.0,0.0
CAM-0623,ULTA,0.0,0.0,0.0
CAM-0623,VRTX,0.0,0.0,0.0
CAM-0623,VSNT,0.0,0.0,0.0
CAM-0623,WBA,0.0,0.0,0.0
CAM-0623,VRSK,0.0,0.0,0.0
CAM-0623,ZS,0.0,0.0,0.0
CAM-0623,XLNX,0.0,0.0,0.0
CAM-0623,WTW,0.0,0.0,0.0
CAM-0623,WYNN,0.0,0.0,0.0
CAM-0623,TMUS,-0.005594959685321374,0.00037766967738754446,-0.005972629362708919
CAM-0623,INTC,-0.003108556506915387,0.0032734963741341823,-0.006382052881049569
CAM-0623,TSLA,-0.01789064782684549,0.003965516026621784,-0.021856163853467274
CAM-0623,CEG,-0.022320337250932475,0.0013831647807130824,-0.02370350203164556
CAM-0600,STX,0.21983397757620574,0.01312046901269579,0.20671350856350995
CAM-0600,APP,0.20869440180060614,0.024162265923094145,0.184532135877512
CAM-0600,MU,0.16726236743553996,0.03197319670566919,0.13528917072987076
CAM-0600,WDC,0.1360328221799493,0.0354628025182961,0.1005700196616532
CAM-0600,WBD,0.06724683828383152,-0.0002009188980751645,0.06744775718190668
CAM-0600,PLTR,0.060836691101238786,0.014741423203692103,0.046095267897546685
CAM-0600,DASH,0.032302370482895484,0.007429975374388777,0.02487239510850671
CAM-0600,TMUS,0.0012365327206126622,0.0009345920298450193,0.00030194069076764295
CAM-0600,ADBE,0.0,0.0,0.0
CAM-0600,ALGN,0.0,0.0,0.0
CAM-0600,ALNY,0.0,0.0,0.0
CAM-0600,ALXN,0.0,0.0,0.0
CAM-0600,AEP,0.0,0.0,0.0
CAM-0600,AMAT,0.0,0.0,0.0
CAM-0600,ADI,0.0,0.0,0.0
CAM-0600,ADSK,0.0,0.0,0.0
CAM-0600,ADP,0.0,0.0,0.0
CAM-0600,ANSS,0.0,0.0,0.0
CAM-0600,ARM,0.0,0.0,0.0
CAM-0600,ASML,0.0,0.0,0.0
CAM-0600,ATVI,0.0,0.0,0.0
CAM-0600,AVGO,0.0,0.0,0.0
CAM-0600,AXON,0.0,0.0,0.0
CAM-0600,AZN,0.0,0.0,0.0
CAM-0600,BIDU,0.0,0.0,0.0
CAM-0600,BIIB,0.0,0.0,0.0
CAM-0600,BKNG,0.0,0.0,0.0
CAM-0600,BKR,0.0,0.0,0.0
CAM-0600,BMRN,0.0,0.0,0.0
CAM-0600,CCEP,0.0,0.0,0.0
CAM-0600,AMD,0.0,0.0,0.0
CAM-0600,AMZN,0.0,0.0,0.0
CAM-0600,AMGN,0.0,0.0,0.0
CAM-0600,AAL,0.0,0.0,0.0
CAM-0600,AAPL,0.0,0.0,0.0
CAM-0600,ABNB,0.0,0.0,0.0
CAM-0600,QQQ,0.0,0.0,0.0
CAM-0600,CHTR,0.0,0.0,0.0
CAM-0600,CHKP,0.0,0.0,0.0
CAM-0600,CERN,0.0,0.0,0.0
CAM-0600,CELG,0.0,0.0,0.0
CAM-0600,CEG,0.0,0.0,0.0
CAM-0600,CDW,0.0,0.0,0.0
CAM-0600,CDNS,0.0,0.0,0.0
CAM-0600,CMCSA,0.0,0.0,0.0
CAM-0600,CTAS,0.0,0.0,0.0
CAM-0600,CTSH,0.0,0.0,0.0
CAM-0600,CPRT,0.0,0.0,0.0
CAM-0600,COST,0.0,0.0,0.0
CAM-0600,CSCO,0.0,0.0,0.0
CAM-0600,CSGP,0.0,0.0,0.0
CAM-0600,CSX,0.0,0.0,0.0
CAM-0600,CRWD,0.0,0.0,0.0
CAM-0600,EBAY,0.0,0.0,0.0
CAM-0600,ENPH,0.0,0.0,0.0
CAM-0600,EXC,0.0,0.0,0.0
CAM-0600,EXPE,0.0,0.0,0.0
CAM-0600,FANG,0.0,0.0,0.0
CAM-0600,FAST,0.0,0.0,0.0
CAM-0600,FER,0.0,0.0,0.0
CAM-0600,FI,0.0,0.0,0.0
CAM-0600,FOX,0.0,0.0,0.0
CAM-0600,FOXA,0.0,0.0,0.0
CAM-0600,CTXS,0.0,0.0,0.0
CAM-0600,DDOG,0.0,0.0,0.0
CAM-0600,DLTR,0.0,0.0,0.0
CAM-0600,DOCU,0.0,0.0,0.0
CAM-0600,DXCM,0.0,0.0,0.0
CAM-0600,EA,0.0,0.0,0.0
CAM-0600,HAS,0.0,0.0,0.0
CAM-0600,HON,0.0,0.0,0.0
CAM-0600,HSIC,0.0,0.0,0.0
CAM-0600,IDXX,0.0,0.0,0.0
CAM-0600,ILMN,0.0,0.0,0.0
CAM-0600,INCY,0.0,0.0,0.0
CAM-0600,INSM,0.0,0.0,0.0
CAM-0600,INTC,0.0,0.0,0.0
CAM-0600,INTU,0.0,0.0,0.0
CAM-0600,ISRG,0.0,0.0,0.0
CAM-0600,JBHT,0.0,0.0,0.0
CAM-0600,JD,0.0,0.0,0.0
CAM-0600,KDP,0.0,0.0,0.0
CAM-0600,KHC,0.0,0.0,0.0
CAM-0600,KLAC,0.0,0.0,0.0
CAM-0600,LBTYA,0.0,0.0,0.0
CAM-0600,LBTYK,0.0,0.0,0.0
CAM-0600,LCID,0.0,0.0,0.0
CAM-0600,LIN,0.0,0.0,0.0
CAM-0600,LRCX,0.0,0.0,0.0
CAM-0600,LULU,0.0,0.0,0.0
CAM-0600,MAR,0.0,0.0,0.0
CAM-0600,MCHP,0.0,0.0,0.0
CAM-0600,MDB,0.0,0.0,0.0
CAM-0600,MDLZ,0.0,0.0,0.0
CAM-0600,MELI,0.0,0.0,0.0
CAM-0600,FTNT,0.0,0.0,0.0
CAM-0600,GEHC,0.0,0.0,0.0
CAM-0600,GFS,0.0,0.0,0.0
CAM-0600,GILD,0.0,0.0,0.0
CAM-0600,GOOG,0.0,0.0,0.0
CAM-0600,GOOGL,0.0,0.0,0.0
CAM-0600,MSFT,0.0,0.0,0.0
CAM-0600,MRVL,0.0,0.0,0.0
CAM-0600,MRNA,0.0,0.0,0.0
CAM-0600,MPWR,0.0,0.0,0.0
CAM-0600,MNST,0.0,0.0,0.0
CAM-0600,META,0.0,0.0,0.0
CAM-0600,MXIM,0.0,0.0,0.0
CAM-0600,MTCH,0.0,0.0,0.0
CAM-0600,OKTA,0.0,0.0,0.0
CAM-0600,NVDA,0.0,0.0,0.0
CAM-0600,NXPI,0.0,0.0,0.0
CAM-0600,ODFL,0.0,0.0,0.0
CAM-0600,NLOK,0.0,0.0,0.0
CAM-0600,NFLX,0.0,0.0,0.0
CAM-0600,NTAP,0.0,0.0,0.0
CAM-0600,MYL,0.0,0.0,0.0
CAM-0600,REGN,0.0,0.0,0.0
CAM-0600,PAYX,0.0,0.0,0.0
CAM-0600,PDD,0.0,0.0,0.0
CAM-0600,PCAR,0.0,0.0,0.0
CAM-0600,PEP,0.0,0.0,0.0
CAM-0600,PTON,0.0,0.0,0.0
CAM-0600,PYPL,0.0,0.0,0.0
CAM-0600,QCOM,0.0,0.0,0.0
CAM-0600,SBUX,0.0,0.0,0.0
CAM-0600,RIVN,0.0,0.0,0.0
CAM-0600,ROP,0.0,0.0,0.0
CAM-0600,ROST,0.0,0.0,0.0
CAM-0600,ORLY,0.0,0.0,0.0
CAM-0600,ON,0.0,0.0,0.0
CAM-0600,PANW,0.0,0.0,0.0
CAM-0600,NTES,0.0,0.0,0.0
CAM-0600,UAL,0.0,0.0,0.0
CAM-0600,SIRI,0.0,0.0,0.0
CAM-0600,SGEN,0.0,0.0,0.0
CAM-0600,SHOP,0.0,0.0,0.0
CAM-0600,SOLS,0.0,0.0,0.0
CAM-0600,SPLK,0.0,0.0,0.0
CAM-0600,SNPS,0.0,0.0,0.0
CAM-0600,SMCI,0.0,0.0,0.0
CAM-0600,TCOM,0.0,0.0,0.0
CAM-0600,TEAM,0.0,0.0,0.0
CAM-0600,TRI,0.0,0.0,0.0
CAM-0600,TSLA,0.0,0.0,0.0
CAM-0600,TTD,0.0,0.0,0.0
CAM-0600,TTWO,0.0,0.0,0.0
CAM-0600,SWKS,0.0,0.0,0.0
CAM-0600,SNDK,0.0,0.0,0.0
CAM-0600,WDAY,0.0,0.0,0.0
CAM-0600,TXN,0.0,0.0,0.0
CAM-0600,VRSN,0.0,0.0,0.0
CAM-0600,ULTA,0.0,0.0,0.0
CAM-0600,VRTX,0.0,0.0,0.0
CAM-0600,VSNT,0.0,0.0,0.0
CAM-0600,WBA,0.0,0.0,0.0
CAM-0600,VRSK,0.0,0.0,0.0
CAM-0600,XEL,0.0,0.0,0.0
CAM-0600,WMT,0.0,0.0,0.0
CAM-0600,WTW,0.0,0.0,0.0
CAM-0600,WYNN,0.0,0.0,0.0
CAM-0600,ZM,0.0,0.0,0.0
CAM-0600,XLNX,0.0,0.0,0.0
CAM-0600,ZS,0.0,0.0,0.0
CAM-0600,MSTR,-0.032567278034998544,0.003423900058445958,-0.0359911780934445
